-- Users, roles, and access seed
-- Re-run: npm run supabase:seed-access

insert into public.app_role (id, role_key, name, description, active)
values
  ('role-admin', 'AbilityAPP_Admin', 'AbilityAPP Admin', 'Full system access — all windows and processes', true),
  ('role-board', 'Board_Member', 'Board Member', 'Governance oversight — read-focused access', true),
  ('role-ceo', 'Chief_Executive_Officer', 'CEO', 'Chief executive — full operational leadership', true),
  ('role-exec-operations', 'Operations_Executive', 'Operations Executive', 'Executive lead for service delivery and rostering', true),
  ('role-exec-hr', 'HR_Executive', 'HR Executive', 'Executive lead for people and culture', true),
  ('role-exec-finance', 'Finance_Executive', 'CFO', 'Chief financial officer', true),
  ('role-exec-ict', 'ICT_Executive', 'ICT Executive', 'Executive lead for systems and technology', true),
  ('role-exec-quality', 'Quality_Executive', 'Quality Executive', 'Executive lead for quality and compliance', true),
  ('role-hr-manager', 'HR_Manager', 'HR Manager', 'HR team leadership', true),
  ('role-hr-officer', 'HR_Officer', 'HR Officer', 'HR administration and employee records', true),
  ('role-ict-manager', 'ICT_Manager', 'ICT Manager', 'ICT team leadership and system support', true),
  ('role-ict-officer', 'ICT_Officer', 'ICT Officer', 'ICT support and administration', true),
  ('role-finance-manager', 'Finance_Manager', 'Finance Manager', 'Finance team leadership', true),
  ('role-finance-officer', 'Finance_Officer', 'Finance Officer', 'Finance processing and contracts', true),
  ('role-quality-manager', 'Quality_Manager', 'Quality Manager', 'Quality and compliance team leadership', true),
  ('role-quality-officer', 'Quality_Officer', 'Quality Officer', 'Quality audits and compliance tasks', true),
  ('role-rostering-manager', 'Rostering_Manager', 'Rostering Manager', 'Workforce roster planning and allocation', true),
  ('role-rostering-officer', 'Rostering_Officer', 'Rostering Officer', 'Roster administration', true),
  ('role-intake', 'Intake_Coordinator', 'Intake Coordinator', 'Enquiries and convert-to-client process', true),
  ('role-coordinator', 'Support_Coordinator', 'Support Coordinator', 'Client records and service catalog', true),
  ('role-team-leader', 'Team_Leader', 'Team Leader', 'Site or team leadership — org structure and frontline oversight', true),
  ('role-support-worker', 'Support_Worker', 'Support Worker', 'Frontline staff — assigned tasks, clients, incidents, and rostered locations', true)
on conflict (id) do update set
  role_key = excluded.role_key, name = excluded.name, description = excluded.description, active = excluded.active;

insert into public.app_user (id, username, email, first_name, last_name, phone, active, employee_bp_id, notes)
values
  ('user-superuser', 'SuperUser', 'superuser@abilityapp.local', 'Super', 'User', '', true, null, 'Full access administrator (AbilityAPP SuperUser equivalent)'),
  ('user-ceo', 'PatriciaChen', 'patricia.chen@abilityerp.local', 'Patricia', 'Chen', '', true, 'emp-ceo', 'CEO seed login'),
  ('user-michael', 'MichaelSmith', 'michael.smith@abilityerp.local', 'Michael', 'Smith', '', true, 'emp-michael', 'Operations executive — accountable manager testing'),
  ('user-piper', 'PiperCollins', 'piper.collins@abilityerp.local', 'Piper', 'Collins', '', true, 'emp-staff-133', 'Operations manager / team leader hub'),
  ('user-isla', 'IslaRobinson', 'isla.robinson@abilityerp.local', 'Isla', 'Robinson', '', true, 'emp-isla', 'Intake and client coordination'),
  ('user-gabriela', 'GabrielaWilson', 'gabriela.wilson@abilityerp.local', 'Gabriela', 'Wilson', '', true, 'emp-gabriela', 'Enquiry processing'),
  ('user-exec-hr', 'DianeFoster', 'diane.foster@abilityerp.local', 'Diane', 'Foster', '', true, 'emp-exec-hr', 'HR executive'),
  ('user-exec-finance', 'JamesWhitford', 'james.whitford@abilityerp.local', 'James', 'Whitford', '', true, 'emp-exec-finance', 'CFO'),
  ('user-exec-ict', 'SamRivera', 'sam.rivera@abilityerp.local', 'Sam', 'Rivera', '', true, 'emp-exec-ict', 'ICT executive'),
  ('user-exec-quality', 'MargaretHolt', 'margaret.holt@abilityerp.local', 'Margaret', 'Holt', '', true, 'emp-exec-quality', 'Quality executive'),
  ('user-rostering-mgr', 'RileyShaw', 'riley.shaw@abilityerp.local', 'Riley', 'Shaw', '', true, 'emp-rostering-manager', 'Rostering manager'),
  ('user-board', 'EleanorWright', 'eleanor.wright@abilityerp.local', 'Eleanor', 'Wright', '', true, 'emp-board-chair', 'Board chair seed login'),
  ('user-board-2', 'MarcusOBrien', 'marcus.obrien@abilityerp.local', 'Marcus', 'O''Brien', '', true, 'emp-board-2', 'Board member'),
  ('user-board-3', 'HelenTran', 'helen.tran@abilityerp.local', 'Helen', 'Tran', '', true, 'emp-board-3', 'Board member'),
  ('user-board-4', 'DavidOkonkwo', 'david.okonkwo@abilityerp.local', 'David', 'Okonkwo', '', true, 'emp-board-4', 'Board member'),
  ('user-hr-manager', 'SandraBlake', 'sandra.blake@abilityerp.local', 'Sandra', 'Blake', '', true, 'emp-hr-manager', 'HR manager'),
  ('user-hr-officer', 'CalebMurphy', 'caleb.murphy@abilityerp.local', 'Caleb', 'Murphy', '', true, 'emp-staff-146', 'HR officer'),
  ('user-ict-manager', 'AlexKim', 'alex.kim@abilityerp.local', 'Alex', 'Kim', '', true, 'emp-ict-manager', 'ICT manager'),
  ('user-ict-officer', 'JordanLee', 'jordan.lee@abilityerp.local', 'Jordan', 'Lee', '', true, 'emp-ict-officer', 'ICT officer'),
  ('user-quality-manager', 'QuinnTaylor', 'quinn.taylor@abilityerp.local', 'Quinn', 'Taylor', '', true, 'emp-quality-manager', 'Quality manager'),
  ('user-quality-officer', 'AudreyPatel', 'audrey.patel@abilityerp.local', 'Audrey', 'Patel', '', true, 'emp-staff-145', 'Quality officer'),
  ('user-rostering-officer', 'MorganBlake', 'morgan.blake@abilityerp.local', 'Morgan', 'Blake', '', true, 'emp-rostering-officer', 'Rostering officer'),
  ('user-finance-manager', 'TessaNguyen', 'tessa.nguyen@abilityerp.local', 'Tessa', 'Nguyen', '', true, 'emp-finance-manager', 'Finance manager'),
  ('user-jessica', 'JessicaHancock', 'jessica.hancock@abilityerp.local', 'Jessica', 'Hancock', '', true, 'emp-jessica', 'Contract administrator'),
  ('user-finance-officer', 'NaomiSingh', 'naomi.singh@abilityerp.local', 'Naomi', 'Singh', '', true, 'emp-staff-147', 'Finance officer'),
  ('user-rose', 'RoseDash', 'rose.dash@abilityerp.local', 'Rose', 'Dash', '', true, 'emp-rose', 'Plan developer'),
  ('user-oliver', 'OliverWilliams', 'oliver.williams@abilityerp.local', 'Oliver', 'Williams', '', true, 'emp-oliver', 'Support worker (legacy slot)'),
  ('user-sw-01', 'AvaThomas', 'avathomas@abilityerp.local', 'Ava', 'Thomas', '', true, 'emp-sw-001', 'Bulk seed support worker login'),
  ('user-sw-02', 'NoahJackson', 'noahjackson@abilityerp.local', 'Noah', 'Jackson', '', true, 'emp-sw-002', 'Bulk seed support worker login'),
  ('user-sw-03', 'MiaWhite', 'miawhite@abilityerp.local', 'Mia', 'White', '', true, 'emp-sw-003', 'Bulk seed support worker login'),
  ('user-sw-04', 'LiamHarris', 'liamharris@abilityerp.local', 'Liam', 'Harris', '', true, 'emp-sw-004', 'Bulk seed support worker login'),
  ('user-sw-05', 'ZoeMartin', 'zoemartin@abilityerp.local', 'Zoe', 'Martin', '', true, 'emp-sw-005', 'Bulk seed support worker login'),
  ('user-sw-06', 'EthanThompson', 'ethanthompson@abilityerp.local', 'Ethan', 'Thompson', '', true, 'emp-sw-006', 'Bulk seed support worker login'),
  ('user-sw-07', 'ChloeGarcia', 'chloegarcia@abilityerp.local', 'Chloe', 'Garcia', '', true, 'emp-sw-007', 'Bulk seed support worker login'),
  ('user-sw-08', 'MasonRobinson', 'masonrobinson@abilityerp.local', 'Mason', 'Robinson', '', true, 'emp-sw-008', 'Bulk seed support worker login'),
  ('user-sw-09', 'RubyClark', 'rubyclark@abilityerp.local', 'Ruby', 'Clark', '', true, 'emp-sw-009', 'Bulk seed support worker login'),
  ('user-sw-10', 'LucasLewis', 'lucaslewis@abilityerp.local', 'Lucas', 'Lewis', '', true, 'emp-sw-010', 'Bulk seed support worker login')
on conflict (id) do update set
  username = excluded.username, email = excluded.email, first_name = excluded.first_name, last_name = excluded.last_name, phone = excluded.phone, active = excluded.active, employee_bp_id = excluded.employee_bp_id, notes = excluded.notes;

insert into public.app_user_role (user_id, role_id)
values
  ('user-superuser', 'role-admin'),
  ('user-ceo', 'role-ceo'),
  ('user-michael', 'role-exec-operations'),
  ('user-piper', 'role-team-leader'),
  ('user-isla', 'role-intake'),
  ('user-isla', 'role-coordinator'),
  ('user-gabriela', 'role-intake'),
  ('user-exec-hr', 'role-exec-hr'),
  ('user-exec-finance', 'role-exec-finance'),
  ('user-exec-ict', 'role-exec-ict'),
  ('user-exec-quality', 'role-exec-quality'),
  ('user-rostering-mgr', 'role-rostering-manager'),
  ('user-board', 'role-board'),
  ('user-board-2', 'role-board'),
  ('user-board-3', 'role-board'),
  ('user-board-4', 'role-board'),
  ('user-hr-manager', 'role-hr-manager'),
  ('user-hr-officer', 'role-hr-officer'),
  ('user-ict-manager', 'role-ict-manager'),
  ('user-ict-officer', 'role-ict-officer'),
  ('user-quality-manager', 'role-quality-manager'),
  ('user-quality-officer', 'role-quality-officer'),
  ('user-rostering-officer', 'role-rostering-officer'),
  ('user-finance-manager', 'role-finance-manager'),
  ('user-jessica', 'role-finance-officer'),
  ('user-finance-officer', 'role-finance-officer'),
  ('user-rose', 'role-coordinator'),
  ('user-oliver', 'role-support-worker'),
  ('user-sw-01', 'role-support-worker'),
  ('user-sw-02', 'role-support-worker'),
  ('user-sw-03', 'role-support-worker'),
  ('user-sw-04', 'role-support-worker'),
  ('user-sw-05', 'role-support-worker'),
  ('user-sw-06', 'role-support-worker'),
  ('user-sw-07', 'role-support-worker'),
  ('user-sw-08', 'role-support-worker'),
  ('user-sw-09', 'role-support-worker'),
  ('user-sw-10', 'role-support-worker')
on conflict do nothing;

delete from public.app_role_window where role_id in ('role-admin', 'role-board', 'role-ceo', 'role-exec-operations', 'role-exec-hr', 'role-exec-finance', 'role-exec-ict', 'role-exec-quality', 'role-hr-manager', 'role-hr-officer', 'role-ict-manager', 'role-ict-officer', 'role-finance-manager', 'role-finance-officer', 'role-quality-manager', 'role-quality-officer', 'role-rostering-manager', 'role-rostering-officer', 'role-intake', 'role-coordinator', 'role-team-leader', 'role-support-worker');
insert into public.app_role_window (role_id, window_key)
values
  ('role-admin', 'home'),
  ('role-admin', 'tasks'),
  ('role-admin', 'tasks-assigned-to-me'),
  ('role-admin', 'tasks-for-my-role'),
  ('role-admin', 'tasks-all'),
  ('role-admin', 'tasks-past'),
  ('role-admin', 'enquiries'),
  ('role-admin', 'enquiry-enquiry-details'),
  ('role-admin', 'enquiry-participant'),
  ('role-admin', 'enquiry-support-needs'),
  ('role-admin', 'enquiry-activity'),
  ('role-admin', 'clients'),
  ('role-admin', 'client-overview'),
  ('role-admin', 'client-alerts'),
  ('role-admin', 'client-activity'),
  ('role-admin', 'client-full-profile'),
  ('role-admin', 'client-bp-associations'),
  ('role-admin', 'client-locations'),
  ('role-admin', 'client-incidents'),
  ('role-admin', 'client-requests'),
  ('role-admin', 'client-restrictive-practices'),
  ('role-admin', 'client-consents-and-legal-orders'),
  ('role-admin', 'client-plan-and-assessment'),
  ('role-admin', 'client-support-plan'),
  ('role-admin', 'client-goals'),
  ('role-admin', 'client-progress-review'),
  ('role-admin', 'client-contact-activity'),
  ('role-admin', 'client-risks'),
  ('role-admin', 'client-service-agreements'),
  ('role-admin', 'client-support-receiver-needs-and-rules'),
  ('role-admin', 'incidents'),
  ('role-admin', 'incident-overview'),
  ('role-admin', 'incident-parties-and-links'),
  ('role-admin', 'incident-investigation'),
  ('role-admin', 'incident-notifications'),
  ('role-admin', 'incidents-compliance'),
  ('role-admin', 'incidents-dashboard'),
  ('role-admin', 'incident-manager-override'),
  ('role-admin', 'locations'),
  ('role-admin', 'location-overview'),
  ('role-admin', 'location-contact-and-address'),
  ('role-admin', 'location-alerts'),
  ('role-admin', 'location-clients'),
  ('role-admin', 'location-employees'),
  ('role-admin', 'location-incidents'),
  ('role-admin', 'location-products-and-services'),
  ('role-admin', 'location-activity'),
  ('role-admin', 'employees'),
  ('role-admin', 'employee-overview'),
  ('role-admin', 'employee-contact'),
  ('role-admin', 'employee-locations'),
  ('role-admin', 'employee-emergency-contacts'),
  ('role-admin', 'employee-employment'),
  ('role-admin', 'employee-work-rights'),
  ('role-admin', 'employee-payroll'),
  ('role-admin', 'employee-leave'),
  ('role-admin', 'employee-incidents'),
  ('role-admin', 'employee-credentials-assigned'),
  ('role-admin', 'employee-alerts'),
  ('role-admin', 'employee-documents'),
  ('role-admin', 'employee-activity'),
  ('role-admin', 'employee-skills'),
  ('role-admin', 'employee-system-access'),
  ('role-admin', 'workforce-planning'),
  ('role-admin', 'workforce-organisation'),
  ('role-admin', 'workforce-org-edit'),
  ('role-admin', 'products'),
  ('role-admin', 'product-overview'),
  ('role-admin', 'product-pricing'),
  ('role-admin', 'price-lists'),
  ('role-admin', 'price-list-overview'),
  ('role-admin', 'price-list-lines'),
  ('role-admin', 'service-agreements'),
  ('role-admin', 'service-agreement-overview'),
  ('role-admin', 'service-agreement-lines'),
  ('role-admin', 'contracts'),
  ('role-admin', 'contract-overview'),
  ('role-admin', 'contract-audit'),
  ('role-admin', 'reports'),
  ('role-admin', 'reports-advance'),
  ('role-admin', 'admin-organization'),
  ('role-admin', 'admin-reference-data'),
  ('role-admin', 'admin-roles'),
  ('role-admin', 'admin-task-management'),
  ('role-admin', 'admin-task-automations'),
  ('role-admin', 'admin-ai-agents'),
  ('role-board', 'home'),
  ('role-board', 'reports'),
  ('role-board', 'workforce-planning'),
  ('role-board', 'workforce-organisation'),
  ('role-board', 'incidents'),
  ('role-board', 'incidents-dashboard'),
  ('role-ceo', 'home'),
  ('role-ceo', 'reports'),
  ('role-ceo', 'tasks'),
  ('role-ceo', 'tasks-assigned-to-me'),
  ('role-ceo', 'tasks-for-my-role'),
  ('role-ceo', 'tasks-all'),
  ('role-ceo', 'tasks-past'),
  ('role-ceo', 'workforce-planning'),
  ('role-ceo', 'workforce-organisation'),
  ('role-ceo', 'workforce-org-edit'),
  ('role-ceo', 'clients'),
  ('role-ceo', 'client-overview'),
  ('role-ceo', 'client-alerts'),
  ('role-ceo', 'client-activity'),
  ('role-ceo', 'client-full-profile'),
  ('role-ceo', 'client-bp-associations'),
  ('role-ceo', 'client-locations'),
  ('role-ceo', 'client-incidents'),
  ('role-ceo', 'client-requests'),
  ('role-ceo', 'client-restrictive-practices'),
  ('role-ceo', 'client-consents-and-legal-orders'),
  ('role-ceo', 'client-plan-and-assessment'),
  ('role-ceo', 'client-support-plan'),
  ('role-ceo', 'client-goals'),
  ('role-ceo', 'client-progress-review'),
  ('role-ceo', 'client-contact-activity'),
  ('role-ceo', 'client-risks'),
  ('role-ceo', 'client-service-agreements'),
  ('role-ceo', 'client-support-receiver-needs-and-rules'),
  ('role-ceo', 'incidents'),
  ('role-ceo', 'incident-overview'),
  ('role-ceo', 'incident-parties-and-links'),
  ('role-ceo', 'incident-investigation'),
  ('role-ceo', 'incident-notifications'),
  ('role-ceo', 'incidents-compliance'),
  ('role-ceo', 'incidents-dashboard'),
  ('role-ceo', 'incident-manager-override'),
  ('role-ceo', 'locations'),
  ('role-ceo', 'location-overview'),
  ('role-ceo', 'location-contact-and-address'),
  ('role-ceo', 'location-alerts'),
  ('role-ceo', 'location-clients'),
  ('role-ceo', 'location-employees'),
  ('role-ceo', 'location-incidents'),
  ('role-ceo', 'location-products-and-services'),
  ('role-ceo', 'location-activity'),
  ('role-ceo', 'employees'),
  ('role-ceo', 'employee-overview'),
  ('role-ceo', 'employee-contact'),
  ('role-ceo', 'employee-locations'),
  ('role-ceo', 'employee-emergency-contacts'),
  ('role-ceo', 'employee-employment'),
  ('role-ceo', 'employee-work-rights'),
  ('role-ceo', 'employee-payroll'),
  ('role-ceo', 'employee-leave'),
  ('role-ceo', 'employee-incidents'),
  ('role-ceo', 'employee-credentials-assigned'),
  ('role-ceo', 'employee-alerts'),
  ('role-ceo', 'employee-documents'),
  ('role-ceo', 'employee-activity'),
  ('role-ceo', 'employee-skills'),
  ('role-ceo', 'employee-system-access'),
  ('role-ceo', 'enquiries'),
  ('role-ceo', 'enquiry-enquiry-details'),
  ('role-ceo', 'enquiry-participant'),
  ('role-ceo', 'enquiry-support-needs'),
  ('role-ceo', 'enquiry-activity'),
  ('role-ceo', 'employees'),
  ('role-ceo', 'employee-overview'),
  ('role-ceo', 'employee-incidents'),
  ('role-exec-operations', 'home'),
  ('role-exec-operations', 'reports'),
  ('role-exec-operations', 'tasks'),
  ('role-exec-operations', 'tasks-assigned-to-me'),
  ('role-exec-operations', 'tasks-for-my-role'),
  ('role-exec-operations', 'tasks-all'),
  ('role-exec-operations', 'tasks-past'),
  ('role-exec-operations', 'workforce-planning'),
  ('role-exec-operations', 'workforce-organisation'),
  ('role-exec-operations', 'workforce-org-edit'),
  ('role-exec-operations', 'clients'),
  ('role-exec-operations', 'client-overview'),
  ('role-exec-operations', 'client-alerts'),
  ('role-exec-operations', 'client-activity'),
  ('role-exec-operations', 'client-full-profile'),
  ('role-exec-operations', 'client-bp-associations'),
  ('role-exec-operations', 'client-locations'),
  ('role-exec-operations', 'client-incidents'),
  ('role-exec-operations', 'client-requests'),
  ('role-exec-operations', 'client-restrictive-practices'),
  ('role-exec-operations', 'client-consents-and-legal-orders'),
  ('role-exec-operations', 'client-plan-and-assessment'),
  ('role-exec-operations', 'client-support-plan'),
  ('role-exec-operations', 'client-goals'),
  ('role-exec-operations', 'client-progress-review'),
  ('role-exec-operations', 'client-contact-activity'),
  ('role-exec-operations', 'client-risks'),
  ('role-exec-operations', 'client-service-agreements'),
  ('role-exec-operations', 'client-support-receiver-needs-and-rules'),
  ('role-exec-operations', 'incidents'),
  ('role-exec-operations', 'incident-overview'),
  ('role-exec-operations', 'incident-parties-and-links'),
  ('role-exec-operations', 'incident-investigation'),
  ('role-exec-operations', 'incident-notifications'),
  ('role-exec-operations', 'incidents-compliance'),
  ('role-exec-operations', 'incidents-dashboard'),
  ('role-exec-operations', 'incident-manager-override'),
  ('role-exec-operations', 'locations'),
  ('role-exec-operations', 'location-overview'),
  ('role-exec-operations', 'location-contact-and-address'),
  ('role-exec-operations', 'location-alerts'),
  ('role-exec-operations', 'location-clients'),
  ('role-exec-operations', 'location-employees'),
  ('role-exec-operations', 'location-incidents'),
  ('role-exec-operations', 'location-products-and-services'),
  ('role-exec-operations', 'location-activity'),
  ('role-exec-operations', 'employees'),
  ('role-exec-operations', 'employee-overview'),
  ('role-exec-operations', 'employee-contact'),
  ('role-exec-operations', 'employee-locations'),
  ('role-exec-operations', 'employee-emergency-contacts'),
  ('role-exec-operations', 'employee-employment'),
  ('role-exec-operations', 'employee-work-rights'),
  ('role-exec-operations', 'employee-payroll'),
  ('role-exec-operations', 'employee-leave'),
  ('role-exec-operations', 'employee-incidents'),
  ('role-exec-operations', 'employee-credentials-assigned'),
  ('role-exec-operations', 'employee-alerts'),
  ('role-exec-operations', 'employee-documents'),
  ('role-exec-operations', 'employee-activity'),
  ('role-exec-operations', 'employee-skills'),
  ('role-exec-operations', 'employee-system-access'),
  ('role-exec-operations', 'enquiries'),
  ('role-exec-operations', 'enquiry-enquiry-details'),
  ('role-exec-operations', 'enquiry-participant'),
  ('role-exec-operations', 'enquiry-support-needs'),
  ('role-exec-operations', 'enquiry-activity'),
  ('role-exec-operations', 'employees'),
  ('role-exec-operations', 'employee-overview'),
  ('role-exec-operations', 'employee-incidents'),
  ('role-exec-hr', 'home'),
  ('role-exec-hr', 'reports'),
  ('role-exec-hr', 'tasks'),
  ('role-exec-hr', 'tasks-assigned-to-me'),
  ('role-exec-hr', 'tasks-for-my-role'),
  ('role-exec-hr', 'tasks-all'),
  ('role-exec-hr', 'tasks-past'),
  ('role-exec-hr', 'workforce-planning'),
  ('role-exec-hr', 'workforce-organisation'),
  ('role-exec-hr', 'workforce-org-edit'),
  ('role-exec-hr', 'clients'),
  ('role-exec-hr', 'client-overview'),
  ('role-exec-hr', 'client-alerts'),
  ('role-exec-hr', 'client-activity'),
  ('role-exec-hr', 'client-full-profile'),
  ('role-exec-hr', 'client-bp-associations'),
  ('role-exec-hr', 'client-locations'),
  ('role-exec-hr', 'client-incidents'),
  ('role-exec-hr', 'client-requests'),
  ('role-exec-hr', 'client-restrictive-practices'),
  ('role-exec-hr', 'client-consents-and-legal-orders'),
  ('role-exec-hr', 'client-plan-and-assessment'),
  ('role-exec-hr', 'client-support-plan'),
  ('role-exec-hr', 'client-goals'),
  ('role-exec-hr', 'client-progress-review'),
  ('role-exec-hr', 'client-contact-activity'),
  ('role-exec-hr', 'client-risks'),
  ('role-exec-hr', 'client-service-agreements'),
  ('role-exec-hr', 'client-support-receiver-needs-and-rules'),
  ('role-exec-hr', 'incidents'),
  ('role-exec-hr', 'incident-overview'),
  ('role-exec-hr', 'incident-parties-and-links'),
  ('role-exec-hr', 'incident-investigation'),
  ('role-exec-hr', 'incident-notifications'),
  ('role-exec-hr', 'incidents-compliance'),
  ('role-exec-hr', 'incidents-dashboard'),
  ('role-exec-hr', 'incident-manager-override'),
  ('role-exec-hr', 'locations'),
  ('role-exec-hr', 'location-overview'),
  ('role-exec-hr', 'location-contact-and-address'),
  ('role-exec-hr', 'location-alerts'),
  ('role-exec-hr', 'location-clients'),
  ('role-exec-hr', 'location-employees'),
  ('role-exec-hr', 'location-incidents'),
  ('role-exec-hr', 'location-products-and-services'),
  ('role-exec-hr', 'location-activity'),
  ('role-exec-hr', 'employees'),
  ('role-exec-hr', 'employee-overview'),
  ('role-exec-hr', 'employee-contact'),
  ('role-exec-hr', 'employee-locations'),
  ('role-exec-hr', 'employee-emergency-contacts'),
  ('role-exec-hr', 'employee-employment'),
  ('role-exec-hr', 'employee-work-rights'),
  ('role-exec-hr', 'employee-payroll'),
  ('role-exec-hr', 'employee-leave'),
  ('role-exec-hr', 'employee-incidents'),
  ('role-exec-hr', 'employee-credentials-assigned'),
  ('role-exec-hr', 'employee-alerts'),
  ('role-exec-hr', 'employee-documents'),
  ('role-exec-hr', 'employee-activity'),
  ('role-exec-hr', 'employee-skills'),
  ('role-exec-hr', 'employee-system-access'),
  ('role-exec-hr', 'enquiries'),
  ('role-exec-hr', 'enquiry-enquiry-details'),
  ('role-exec-hr', 'enquiry-participant'),
  ('role-exec-hr', 'enquiry-support-needs'),
  ('role-exec-hr', 'enquiry-activity'),
  ('role-exec-hr', 'employees'),
  ('role-exec-hr', 'employee-overview'),
  ('role-exec-hr', 'employee-incidents'),
  ('role-exec-finance', 'home'),
  ('role-exec-finance', 'reports'),
  ('role-exec-finance', 'tasks'),
  ('role-exec-finance', 'tasks-assigned-to-me'),
  ('role-exec-finance', 'tasks-for-my-role'),
  ('role-exec-finance', 'tasks-all'),
  ('role-exec-finance', 'tasks-past'),
  ('role-exec-finance', 'workforce-planning'),
  ('role-exec-finance', 'workforce-organisation'),
  ('role-exec-finance', 'workforce-org-edit'),
  ('role-exec-finance', 'clients'),
  ('role-exec-finance', 'client-overview'),
  ('role-exec-finance', 'client-alerts'),
  ('role-exec-finance', 'client-activity'),
  ('role-exec-finance', 'client-full-profile'),
  ('role-exec-finance', 'client-bp-associations'),
  ('role-exec-finance', 'client-locations'),
  ('role-exec-finance', 'client-incidents'),
  ('role-exec-finance', 'client-requests'),
  ('role-exec-finance', 'client-restrictive-practices'),
  ('role-exec-finance', 'client-consents-and-legal-orders'),
  ('role-exec-finance', 'client-plan-and-assessment'),
  ('role-exec-finance', 'client-support-plan'),
  ('role-exec-finance', 'client-goals'),
  ('role-exec-finance', 'client-progress-review'),
  ('role-exec-finance', 'client-contact-activity'),
  ('role-exec-finance', 'client-risks'),
  ('role-exec-finance', 'client-service-agreements'),
  ('role-exec-finance', 'client-support-receiver-needs-and-rules'),
  ('role-exec-finance', 'incidents'),
  ('role-exec-finance', 'incident-overview'),
  ('role-exec-finance', 'incident-parties-and-links'),
  ('role-exec-finance', 'incident-investigation'),
  ('role-exec-finance', 'incident-notifications'),
  ('role-exec-finance', 'incidents-compliance'),
  ('role-exec-finance', 'incidents-dashboard'),
  ('role-exec-finance', 'incident-manager-override'),
  ('role-exec-finance', 'locations'),
  ('role-exec-finance', 'location-overview'),
  ('role-exec-finance', 'location-contact-and-address'),
  ('role-exec-finance', 'location-alerts'),
  ('role-exec-finance', 'location-clients'),
  ('role-exec-finance', 'location-employees'),
  ('role-exec-finance', 'location-incidents'),
  ('role-exec-finance', 'location-products-and-services'),
  ('role-exec-finance', 'location-activity'),
  ('role-exec-finance', 'employees'),
  ('role-exec-finance', 'employee-overview'),
  ('role-exec-finance', 'employee-contact'),
  ('role-exec-finance', 'employee-locations'),
  ('role-exec-finance', 'employee-emergency-contacts'),
  ('role-exec-finance', 'employee-employment'),
  ('role-exec-finance', 'employee-work-rights'),
  ('role-exec-finance', 'employee-payroll'),
  ('role-exec-finance', 'employee-leave'),
  ('role-exec-finance', 'employee-incidents'),
  ('role-exec-finance', 'employee-credentials-assigned'),
  ('role-exec-finance', 'employee-alerts'),
  ('role-exec-finance', 'employee-documents'),
  ('role-exec-finance', 'employee-activity'),
  ('role-exec-finance', 'employee-skills'),
  ('role-exec-finance', 'employee-system-access'),
  ('role-exec-finance', 'enquiries'),
  ('role-exec-finance', 'enquiry-enquiry-details'),
  ('role-exec-finance', 'enquiry-participant'),
  ('role-exec-finance', 'enquiry-support-needs'),
  ('role-exec-finance', 'enquiry-activity'),
  ('role-exec-finance', 'employees'),
  ('role-exec-finance', 'employee-overview'),
  ('role-exec-finance', 'employee-incidents'),
  ('role-exec-ict', 'home'),
  ('role-exec-ict', 'reports'),
  ('role-exec-ict', 'tasks'),
  ('role-exec-ict', 'tasks-assigned-to-me'),
  ('role-exec-ict', 'tasks-for-my-role'),
  ('role-exec-ict', 'tasks-all'),
  ('role-exec-ict', 'tasks-past'),
  ('role-exec-ict', 'workforce-planning'),
  ('role-exec-ict', 'workforce-organisation'),
  ('role-exec-ict', 'workforce-org-edit'),
  ('role-exec-ict', 'clients'),
  ('role-exec-ict', 'client-overview'),
  ('role-exec-ict', 'client-alerts'),
  ('role-exec-ict', 'client-activity'),
  ('role-exec-ict', 'client-full-profile'),
  ('role-exec-ict', 'client-bp-associations'),
  ('role-exec-ict', 'client-locations'),
  ('role-exec-ict', 'client-incidents'),
  ('role-exec-ict', 'client-requests'),
  ('role-exec-ict', 'client-restrictive-practices'),
  ('role-exec-ict', 'client-consents-and-legal-orders'),
  ('role-exec-ict', 'client-plan-and-assessment'),
  ('role-exec-ict', 'client-support-plan'),
  ('role-exec-ict', 'client-goals'),
  ('role-exec-ict', 'client-progress-review'),
  ('role-exec-ict', 'client-contact-activity'),
  ('role-exec-ict', 'client-risks'),
  ('role-exec-ict', 'client-service-agreements'),
  ('role-exec-ict', 'client-support-receiver-needs-and-rules'),
  ('role-exec-ict', 'incidents'),
  ('role-exec-ict', 'incident-overview'),
  ('role-exec-ict', 'incident-parties-and-links'),
  ('role-exec-ict', 'incident-investigation'),
  ('role-exec-ict', 'incident-notifications'),
  ('role-exec-ict', 'incidents-compliance'),
  ('role-exec-ict', 'incidents-dashboard'),
  ('role-exec-ict', 'incident-manager-override'),
  ('role-exec-ict', 'locations'),
  ('role-exec-ict', 'location-overview'),
  ('role-exec-ict', 'location-contact-and-address'),
  ('role-exec-ict', 'location-alerts'),
  ('role-exec-ict', 'location-clients'),
  ('role-exec-ict', 'location-employees'),
  ('role-exec-ict', 'location-incidents'),
  ('role-exec-ict', 'location-products-and-services'),
  ('role-exec-ict', 'location-activity'),
  ('role-exec-ict', 'employees'),
  ('role-exec-ict', 'employee-overview'),
  ('role-exec-ict', 'employee-contact'),
  ('role-exec-ict', 'employee-locations'),
  ('role-exec-ict', 'employee-emergency-contacts'),
  ('role-exec-ict', 'employee-employment'),
  ('role-exec-ict', 'employee-work-rights'),
  ('role-exec-ict', 'employee-payroll'),
  ('role-exec-ict', 'employee-leave'),
  ('role-exec-ict', 'employee-incidents'),
  ('role-exec-ict', 'employee-credentials-assigned'),
  ('role-exec-ict', 'employee-alerts'),
  ('role-exec-ict', 'employee-documents'),
  ('role-exec-ict', 'employee-activity'),
  ('role-exec-ict', 'employee-skills'),
  ('role-exec-ict', 'employee-system-access'),
  ('role-exec-ict', 'enquiries'),
  ('role-exec-ict', 'enquiry-enquiry-details'),
  ('role-exec-ict', 'enquiry-participant'),
  ('role-exec-ict', 'enquiry-support-needs'),
  ('role-exec-ict', 'enquiry-activity'),
  ('role-exec-ict', 'employees'),
  ('role-exec-ict', 'employee-overview'),
  ('role-exec-ict', 'employee-incidents'),
  ('role-exec-quality', 'home'),
  ('role-exec-quality', 'reports'),
  ('role-exec-quality', 'tasks'),
  ('role-exec-quality', 'tasks-assigned-to-me'),
  ('role-exec-quality', 'tasks-for-my-role'),
  ('role-exec-quality', 'tasks-all'),
  ('role-exec-quality', 'tasks-past'),
  ('role-exec-quality', 'workforce-planning'),
  ('role-exec-quality', 'workforce-organisation'),
  ('role-exec-quality', 'workforce-org-edit'),
  ('role-exec-quality', 'clients'),
  ('role-exec-quality', 'client-overview'),
  ('role-exec-quality', 'client-alerts'),
  ('role-exec-quality', 'client-activity'),
  ('role-exec-quality', 'client-full-profile'),
  ('role-exec-quality', 'client-bp-associations'),
  ('role-exec-quality', 'client-locations'),
  ('role-exec-quality', 'client-incidents'),
  ('role-exec-quality', 'client-requests'),
  ('role-exec-quality', 'client-restrictive-practices'),
  ('role-exec-quality', 'client-consents-and-legal-orders'),
  ('role-exec-quality', 'client-plan-and-assessment'),
  ('role-exec-quality', 'client-support-plan'),
  ('role-exec-quality', 'client-goals'),
  ('role-exec-quality', 'client-progress-review'),
  ('role-exec-quality', 'client-contact-activity'),
  ('role-exec-quality', 'client-risks'),
  ('role-exec-quality', 'client-service-agreements'),
  ('role-exec-quality', 'client-support-receiver-needs-and-rules'),
  ('role-exec-quality', 'incidents'),
  ('role-exec-quality', 'incident-overview'),
  ('role-exec-quality', 'incident-parties-and-links'),
  ('role-exec-quality', 'incident-investigation'),
  ('role-exec-quality', 'incident-notifications'),
  ('role-exec-quality', 'incidents-compliance'),
  ('role-exec-quality', 'incidents-dashboard'),
  ('role-exec-quality', 'incident-manager-override'),
  ('role-exec-quality', 'locations'),
  ('role-exec-quality', 'location-overview'),
  ('role-exec-quality', 'location-contact-and-address'),
  ('role-exec-quality', 'location-alerts'),
  ('role-exec-quality', 'location-clients'),
  ('role-exec-quality', 'location-employees'),
  ('role-exec-quality', 'location-incidents'),
  ('role-exec-quality', 'location-products-and-services'),
  ('role-exec-quality', 'location-activity'),
  ('role-exec-quality', 'employees'),
  ('role-exec-quality', 'employee-overview'),
  ('role-exec-quality', 'employee-contact'),
  ('role-exec-quality', 'employee-locations'),
  ('role-exec-quality', 'employee-emergency-contacts'),
  ('role-exec-quality', 'employee-employment'),
  ('role-exec-quality', 'employee-work-rights'),
  ('role-exec-quality', 'employee-payroll'),
  ('role-exec-quality', 'employee-leave'),
  ('role-exec-quality', 'employee-incidents'),
  ('role-exec-quality', 'employee-credentials-assigned'),
  ('role-exec-quality', 'employee-alerts'),
  ('role-exec-quality', 'employee-documents'),
  ('role-exec-quality', 'employee-activity'),
  ('role-exec-quality', 'employee-skills'),
  ('role-exec-quality', 'employee-system-access'),
  ('role-exec-quality', 'enquiries'),
  ('role-exec-quality', 'enquiry-enquiry-details'),
  ('role-exec-quality', 'enquiry-participant'),
  ('role-exec-quality', 'enquiry-support-needs'),
  ('role-exec-quality', 'enquiry-activity'),
  ('role-exec-quality', 'employees'),
  ('role-exec-quality', 'employee-overview'),
  ('role-exec-quality', 'employee-incidents'),
  ('role-hr-manager', 'home'),
  ('role-hr-manager', 'reports'),
  ('role-hr-manager', 'tasks'),
  ('role-hr-manager', 'tasks-assigned-to-me'),
  ('role-hr-manager', 'tasks-for-my-role'),
  ('role-hr-manager', 'tasks-all'),
  ('role-hr-manager', 'tasks-past'),
  ('role-hr-manager', 'workforce-planning'),
  ('role-hr-manager', 'workforce-organisation'),
  ('role-hr-manager', 'workforce-organisation'),
  ('role-hr-manager', 'clients'),
  ('role-hr-manager', 'client-overview'),
  ('role-hr-manager', 'client-alerts'),
  ('role-hr-manager', 'client-activity'),
  ('role-hr-manager', 'client-full-profile'),
  ('role-hr-manager', 'client-bp-associations'),
  ('role-hr-manager', 'client-locations'),
  ('role-hr-manager', 'client-incidents'),
  ('role-hr-manager', 'client-requests'),
  ('role-hr-manager', 'client-restrictive-practices'),
  ('role-hr-manager', 'client-consents-and-legal-orders'),
  ('role-hr-manager', 'client-plan-and-assessment'),
  ('role-hr-manager', 'client-support-plan'),
  ('role-hr-manager', 'client-goals'),
  ('role-hr-manager', 'client-progress-review'),
  ('role-hr-manager', 'client-contact-activity'),
  ('role-hr-manager', 'client-risks'),
  ('role-hr-manager', 'client-service-agreements'),
  ('role-hr-manager', 'client-support-receiver-needs-and-rules'),
  ('role-hr-manager', 'incidents'),
  ('role-hr-manager', 'incident-overview'),
  ('role-hr-manager', 'incident-parties-and-links'),
  ('role-hr-manager', 'incident-investigation'),
  ('role-hr-manager', 'incident-notifications'),
  ('role-hr-manager', 'incidents-compliance'),
  ('role-hr-manager', 'incidents-dashboard'),
  ('role-hr-manager', 'incident-manager-override'),
  ('role-hr-manager', 'locations'),
  ('role-hr-manager', 'location-overview'),
  ('role-hr-manager', 'location-contact-and-address'),
  ('role-hr-manager', 'location-alerts'),
  ('role-hr-manager', 'location-clients'),
  ('role-hr-manager', 'location-employees'),
  ('role-hr-manager', 'location-incidents'),
  ('role-hr-manager', 'location-products-and-services'),
  ('role-hr-manager', 'location-activity'),
  ('role-hr-manager', 'employees'),
  ('role-hr-manager', 'employee-overview'),
  ('role-hr-manager', 'employee-contact'),
  ('role-hr-manager', 'employee-locations'),
  ('role-hr-manager', 'employee-emergency-contacts'),
  ('role-hr-manager', 'employee-employment'),
  ('role-hr-manager', 'employee-work-rights'),
  ('role-hr-manager', 'employee-payroll'),
  ('role-hr-manager', 'employee-leave'),
  ('role-hr-manager', 'employee-incidents'),
  ('role-hr-manager', 'employee-credentials-assigned'),
  ('role-hr-manager', 'employee-alerts'),
  ('role-hr-manager', 'employee-documents'),
  ('role-hr-manager', 'employee-activity'),
  ('role-hr-manager', 'employee-skills'),
  ('role-hr-manager', 'employee-system-access'),
  ('role-hr-manager', 'employees'),
  ('role-hr-manager', 'employee-overview'),
  ('role-hr-manager', 'employee-incidents'),
  ('role-hr-officer', 'home'),
  ('role-hr-officer', 'reports'),
  ('role-hr-officer', 'tasks'),
  ('role-hr-officer', 'tasks-assigned-to-me'),
  ('role-hr-officer', 'tasks-for-my-role'),
  ('role-hr-officer', 'tasks-all'),
  ('role-hr-officer', 'tasks-past'),
  ('role-hr-officer', 'workforce-planning'),
  ('role-hr-officer', 'employees'),
  ('role-hr-officer', 'employee-overview'),
  ('role-hr-officer', 'clients'),
  ('role-hr-officer', 'client-overview'),
  ('role-hr-officer', 'client-alerts'),
  ('role-hr-officer', 'client-activity'),
  ('role-hr-officer', 'client-full-profile'),
  ('role-hr-officer', 'client-bp-associations'),
  ('role-hr-officer', 'client-locations'),
  ('role-hr-officer', 'client-incidents'),
  ('role-hr-officer', 'client-requests'),
  ('role-hr-officer', 'client-restrictive-practices'),
  ('role-hr-officer', 'client-consents-and-legal-orders'),
  ('role-hr-officer', 'client-plan-and-assessment'),
  ('role-hr-officer', 'client-support-plan'),
  ('role-hr-officer', 'client-goals'),
  ('role-hr-officer', 'client-progress-review'),
  ('role-hr-officer', 'client-contact-activity'),
  ('role-hr-officer', 'client-risks'),
  ('role-hr-officer', 'client-service-agreements'),
  ('role-hr-officer', 'client-support-receiver-needs-and-rules'),
  ('role-hr-officer', 'incidents'),
  ('role-hr-officer', 'incident-overview'),
  ('role-hr-officer', 'incident-parties-and-links'),
  ('role-hr-officer', 'incident-investigation'),
  ('role-hr-officer', 'incident-notifications'),
  ('role-hr-officer', 'incidents-compliance'),
  ('role-hr-officer', 'incidents-dashboard'),
  ('role-hr-officer', 'incident-manager-override'),
  ('role-hr-officer', 'locations'),
  ('role-hr-officer', 'location-overview'),
  ('role-hr-officer', 'location-contact-and-address'),
  ('role-hr-officer', 'location-alerts'),
  ('role-hr-officer', 'location-clients'),
  ('role-hr-officer', 'location-employees'),
  ('role-hr-officer', 'location-incidents'),
  ('role-hr-officer', 'location-products-and-services'),
  ('role-hr-officer', 'location-activity'),
  ('role-hr-officer', 'employees'),
  ('role-hr-officer', 'employee-overview'),
  ('role-hr-officer', 'employee-incidents'),
  ('role-ict-manager', 'home'),
  ('role-ict-manager', 'reports'),
  ('role-ict-manager', 'tasks'),
  ('role-ict-manager', 'tasks-assigned-to-me'),
  ('role-ict-manager', 'tasks-for-my-role'),
  ('role-ict-manager', 'tasks-all'),
  ('role-ict-manager', 'tasks-past'),
  ('role-ict-manager', 'workforce-planning'),
  ('role-ict-manager', 'workforce-organisation'),
  ('role-ict-manager', 'clients'),
  ('role-ict-manager', 'client-overview'),
  ('role-ict-manager', 'client-alerts'),
  ('role-ict-manager', 'client-activity'),
  ('role-ict-manager', 'client-full-profile'),
  ('role-ict-manager', 'client-bp-associations'),
  ('role-ict-manager', 'client-locations'),
  ('role-ict-manager', 'client-incidents'),
  ('role-ict-manager', 'client-requests'),
  ('role-ict-manager', 'client-restrictive-practices'),
  ('role-ict-manager', 'client-consents-and-legal-orders'),
  ('role-ict-manager', 'client-plan-and-assessment'),
  ('role-ict-manager', 'client-support-plan'),
  ('role-ict-manager', 'client-goals'),
  ('role-ict-manager', 'client-progress-review'),
  ('role-ict-manager', 'client-contact-activity'),
  ('role-ict-manager', 'client-risks'),
  ('role-ict-manager', 'client-service-agreements'),
  ('role-ict-manager', 'client-support-receiver-needs-and-rules'),
  ('role-ict-manager', 'incidents'),
  ('role-ict-manager', 'incident-overview'),
  ('role-ict-manager', 'incident-parties-and-links'),
  ('role-ict-manager', 'incident-investigation'),
  ('role-ict-manager', 'incident-notifications'),
  ('role-ict-manager', 'incidents-compliance'),
  ('role-ict-manager', 'incidents-dashboard'),
  ('role-ict-manager', 'incident-manager-override'),
  ('role-ict-manager', 'locations'),
  ('role-ict-manager', 'location-overview'),
  ('role-ict-manager', 'location-contact-and-address'),
  ('role-ict-manager', 'location-alerts'),
  ('role-ict-manager', 'location-clients'),
  ('role-ict-manager', 'location-employees'),
  ('role-ict-manager', 'location-incidents'),
  ('role-ict-manager', 'location-products-and-services'),
  ('role-ict-manager', 'location-activity'),
  ('role-ict-manager', 'employees'),
  ('role-ict-manager', 'employee-overview'),
  ('role-ict-manager', 'employee-contact'),
  ('role-ict-manager', 'employee-locations'),
  ('role-ict-manager', 'employee-emergency-contacts'),
  ('role-ict-manager', 'employee-employment'),
  ('role-ict-manager', 'employee-work-rights'),
  ('role-ict-manager', 'employee-payroll'),
  ('role-ict-manager', 'employee-leave'),
  ('role-ict-manager', 'employee-incidents'),
  ('role-ict-manager', 'employee-credentials-assigned'),
  ('role-ict-manager', 'employee-alerts'),
  ('role-ict-manager', 'employee-documents'),
  ('role-ict-manager', 'employee-activity'),
  ('role-ict-manager', 'employee-skills'),
  ('role-ict-manager', 'employee-system-access'),
  ('role-ict-manager', 'employees'),
  ('role-ict-manager', 'employee-overview'),
  ('role-ict-manager', 'employee-incidents'),
  ('role-ict-officer', 'home'),
  ('role-ict-officer', 'reports'),
  ('role-ict-officer', 'tasks'),
  ('role-ict-officer', 'tasks-assigned-to-me'),
  ('role-ict-officer', 'tasks-for-my-role'),
  ('role-ict-officer', 'tasks-all'),
  ('role-ict-officer', 'tasks-past'),
  ('role-ict-officer', 'workforce-planning'),
  ('role-ict-officer', 'clients'),
  ('role-ict-officer', 'client-overview'),
  ('role-ict-officer', 'client-alerts'),
  ('role-ict-officer', 'client-activity'),
  ('role-ict-officer', 'client-full-profile'),
  ('role-ict-officer', 'client-bp-associations'),
  ('role-ict-officer', 'client-locations'),
  ('role-ict-officer', 'client-incidents'),
  ('role-ict-officer', 'client-requests'),
  ('role-ict-officer', 'client-restrictive-practices'),
  ('role-ict-officer', 'client-consents-and-legal-orders'),
  ('role-ict-officer', 'client-plan-and-assessment'),
  ('role-ict-officer', 'client-support-plan'),
  ('role-ict-officer', 'client-goals'),
  ('role-ict-officer', 'client-progress-review'),
  ('role-ict-officer', 'client-contact-activity'),
  ('role-ict-officer', 'client-risks'),
  ('role-ict-officer', 'client-service-agreements'),
  ('role-ict-officer', 'client-support-receiver-needs-and-rules'),
  ('role-ict-officer', 'incidents'),
  ('role-ict-officer', 'incident-overview'),
  ('role-ict-officer', 'incident-parties-and-links'),
  ('role-ict-officer', 'incident-investigation'),
  ('role-ict-officer', 'incident-notifications'),
  ('role-ict-officer', 'incidents-compliance'),
  ('role-ict-officer', 'incidents-dashboard'),
  ('role-ict-officer', 'incident-manager-override'),
  ('role-ict-officer', 'locations'),
  ('role-ict-officer', 'location-overview'),
  ('role-ict-officer', 'location-contact-and-address'),
  ('role-ict-officer', 'location-alerts'),
  ('role-ict-officer', 'location-clients'),
  ('role-ict-officer', 'location-employees'),
  ('role-ict-officer', 'location-incidents'),
  ('role-ict-officer', 'location-products-and-services'),
  ('role-ict-officer', 'location-activity'),
  ('role-ict-officer', 'employees'),
  ('role-ict-officer', 'employee-overview'),
  ('role-ict-officer', 'employee-incidents'),
  ('role-finance-manager', 'home'),
  ('role-finance-manager', 'reports'),
  ('role-finance-manager', 'tasks'),
  ('role-finance-manager', 'tasks-assigned-to-me'),
  ('role-finance-manager', 'tasks-for-my-role'),
  ('role-finance-manager', 'tasks-all'),
  ('role-finance-manager', 'tasks-past'),
  ('role-finance-manager', 'workforce-planning'),
  ('role-finance-manager', 'workforce-organisation'),
  ('role-finance-manager', 'clients'),
  ('role-finance-manager', 'client-overview'),
  ('role-finance-manager', 'client-alerts'),
  ('role-finance-manager', 'client-activity'),
  ('role-finance-manager', 'client-full-profile'),
  ('role-finance-manager', 'client-bp-associations'),
  ('role-finance-manager', 'client-locations'),
  ('role-finance-manager', 'client-incidents'),
  ('role-finance-manager', 'client-requests'),
  ('role-finance-manager', 'client-restrictive-practices'),
  ('role-finance-manager', 'client-consents-and-legal-orders'),
  ('role-finance-manager', 'client-plan-and-assessment'),
  ('role-finance-manager', 'client-support-plan'),
  ('role-finance-manager', 'client-goals'),
  ('role-finance-manager', 'client-progress-review'),
  ('role-finance-manager', 'client-contact-activity'),
  ('role-finance-manager', 'client-risks'),
  ('role-finance-manager', 'client-service-agreements'),
  ('role-finance-manager', 'client-support-receiver-needs-and-rules'),
  ('role-finance-manager', 'incidents'),
  ('role-finance-manager', 'incident-overview'),
  ('role-finance-manager', 'incident-parties-and-links'),
  ('role-finance-manager', 'incident-investigation'),
  ('role-finance-manager', 'incident-notifications'),
  ('role-finance-manager', 'incidents-compliance'),
  ('role-finance-manager', 'incidents-dashboard'),
  ('role-finance-manager', 'incident-manager-override'),
  ('role-finance-manager', 'locations'),
  ('role-finance-manager', 'location-overview'),
  ('role-finance-manager', 'location-contact-and-address'),
  ('role-finance-manager', 'location-alerts'),
  ('role-finance-manager', 'location-clients'),
  ('role-finance-manager', 'location-employees'),
  ('role-finance-manager', 'location-incidents'),
  ('role-finance-manager', 'location-products-and-services'),
  ('role-finance-manager', 'location-activity'),
  ('role-finance-manager', 'employees'),
  ('role-finance-manager', 'employee-overview'),
  ('role-finance-manager', 'employee-contact'),
  ('role-finance-manager', 'employee-locations'),
  ('role-finance-manager', 'employee-emergency-contacts'),
  ('role-finance-manager', 'employee-employment'),
  ('role-finance-manager', 'employee-work-rights'),
  ('role-finance-manager', 'employee-payroll'),
  ('role-finance-manager', 'employee-leave'),
  ('role-finance-manager', 'employee-incidents'),
  ('role-finance-manager', 'employee-credentials-assigned'),
  ('role-finance-manager', 'employee-alerts'),
  ('role-finance-manager', 'employee-documents'),
  ('role-finance-manager', 'employee-activity'),
  ('role-finance-manager', 'employee-skills'),
  ('role-finance-manager', 'employee-system-access'),
  ('role-finance-manager', 'employees'),
  ('role-finance-manager', 'employee-overview'),
  ('role-finance-manager', 'employee-incidents'),
  ('role-finance-officer', 'home'),
  ('role-finance-officer', 'reports'),
  ('role-finance-officer', 'tasks'),
  ('role-finance-officer', 'tasks-assigned-to-me'),
  ('role-finance-officer', 'tasks-for-my-role'),
  ('role-finance-officer', 'tasks-all'),
  ('role-finance-officer', 'tasks-past'),
  ('role-finance-officer', 'workforce-planning'),
  ('role-finance-officer', 'clients'),
  ('role-finance-officer', 'client-overview'),
  ('role-finance-officer', 'client-alerts'),
  ('role-finance-officer', 'client-activity'),
  ('role-finance-officer', 'client-full-profile'),
  ('role-finance-officer', 'client-bp-associations'),
  ('role-finance-officer', 'client-locations'),
  ('role-finance-officer', 'client-incidents'),
  ('role-finance-officer', 'client-requests'),
  ('role-finance-officer', 'client-restrictive-practices'),
  ('role-finance-officer', 'client-consents-and-legal-orders'),
  ('role-finance-officer', 'client-plan-and-assessment'),
  ('role-finance-officer', 'client-support-plan'),
  ('role-finance-officer', 'client-goals'),
  ('role-finance-officer', 'client-progress-review'),
  ('role-finance-officer', 'client-contact-activity'),
  ('role-finance-officer', 'client-risks'),
  ('role-finance-officer', 'client-service-agreements'),
  ('role-finance-officer', 'client-support-receiver-needs-and-rules'),
  ('role-finance-officer', 'incidents'),
  ('role-finance-officer', 'incident-overview'),
  ('role-finance-officer', 'incident-parties-and-links'),
  ('role-finance-officer', 'incident-investigation'),
  ('role-finance-officer', 'incident-notifications'),
  ('role-finance-officer', 'incidents-compliance'),
  ('role-finance-officer', 'incidents-dashboard'),
  ('role-finance-officer', 'incident-manager-override'),
  ('role-finance-officer', 'locations'),
  ('role-finance-officer', 'location-overview'),
  ('role-finance-officer', 'location-contact-and-address'),
  ('role-finance-officer', 'location-alerts'),
  ('role-finance-officer', 'location-clients'),
  ('role-finance-officer', 'location-employees'),
  ('role-finance-officer', 'location-incidents'),
  ('role-finance-officer', 'location-products-and-services'),
  ('role-finance-officer', 'location-activity'),
  ('role-finance-officer', 'employees'),
  ('role-finance-officer', 'employee-overview'),
  ('role-finance-officer', 'employee-incidents'),
  ('role-quality-manager', 'home'),
  ('role-quality-manager', 'reports'),
  ('role-quality-manager', 'tasks'),
  ('role-quality-manager', 'tasks-assigned-to-me'),
  ('role-quality-manager', 'tasks-for-my-role'),
  ('role-quality-manager', 'tasks-all'),
  ('role-quality-manager', 'tasks-past'),
  ('role-quality-manager', 'workforce-planning'),
  ('role-quality-manager', 'workforce-organisation'),
  ('role-quality-manager', 'incidents-compliance'),
  ('role-quality-manager', 'incidents-dashboard'),
  ('role-quality-manager', 'clients'),
  ('role-quality-manager', 'client-overview'),
  ('role-quality-manager', 'client-alerts'),
  ('role-quality-manager', 'client-activity'),
  ('role-quality-manager', 'client-full-profile'),
  ('role-quality-manager', 'client-bp-associations'),
  ('role-quality-manager', 'client-locations'),
  ('role-quality-manager', 'client-incidents'),
  ('role-quality-manager', 'client-requests'),
  ('role-quality-manager', 'client-restrictive-practices'),
  ('role-quality-manager', 'client-consents-and-legal-orders'),
  ('role-quality-manager', 'client-plan-and-assessment'),
  ('role-quality-manager', 'client-support-plan'),
  ('role-quality-manager', 'client-goals'),
  ('role-quality-manager', 'client-progress-review'),
  ('role-quality-manager', 'client-contact-activity'),
  ('role-quality-manager', 'client-risks'),
  ('role-quality-manager', 'client-service-agreements'),
  ('role-quality-manager', 'client-support-receiver-needs-and-rules'),
  ('role-quality-manager', 'incidents'),
  ('role-quality-manager', 'incident-overview'),
  ('role-quality-manager', 'incident-parties-and-links'),
  ('role-quality-manager', 'incident-investigation'),
  ('role-quality-manager', 'incident-notifications'),
  ('role-quality-manager', 'incidents-compliance'),
  ('role-quality-manager', 'incidents-dashboard'),
  ('role-quality-manager', 'incident-manager-override'),
  ('role-quality-manager', 'locations'),
  ('role-quality-manager', 'location-overview'),
  ('role-quality-manager', 'location-contact-and-address'),
  ('role-quality-manager', 'location-alerts'),
  ('role-quality-manager', 'location-clients'),
  ('role-quality-manager', 'location-employees'),
  ('role-quality-manager', 'location-incidents'),
  ('role-quality-manager', 'location-products-and-services'),
  ('role-quality-manager', 'location-activity'),
  ('role-quality-manager', 'employees'),
  ('role-quality-manager', 'employee-overview'),
  ('role-quality-manager', 'employee-contact'),
  ('role-quality-manager', 'employee-locations'),
  ('role-quality-manager', 'employee-emergency-contacts'),
  ('role-quality-manager', 'employee-employment'),
  ('role-quality-manager', 'employee-work-rights'),
  ('role-quality-manager', 'employee-payroll'),
  ('role-quality-manager', 'employee-leave'),
  ('role-quality-manager', 'employee-incidents'),
  ('role-quality-manager', 'employee-credentials-assigned'),
  ('role-quality-manager', 'employee-alerts'),
  ('role-quality-manager', 'employee-documents'),
  ('role-quality-manager', 'employee-activity'),
  ('role-quality-manager', 'employee-skills'),
  ('role-quality-manager', 'employee-system-access'),
  ('role-quality-manager', 'employees'),
  ('role-quality-manager', 'employee-overview'),
  ('role-quality-manager', 'employee-incidents'),
  ('role-quality-officer', 'home'),
  ('role-quality-officer', 'reports'),
  ('role-quality-officer', 'tasks'),
  ('role-quality-officer', 'tasks-assigned-to-me'),
  ('role-quality-officer', 'tasks-for-my-role'),
  ('role-quality-officer', 'tasks-all'),
  ('role-quality-officer', 'tasks-past'),
  ('role-quality-officer', 'workforce-planning'),
  ('role-quality-officer', 'incidents-compliance'),
  ('role-quality-officer', 'clients'),
  ('role-quality-officer', 'client-overview'),
  ('role-quality-officer', 'client-alerts'),
  ('role-quality-officer', 'client-activity'),
  ('role-quality-officer', 'client-full-profile'),
  ('role-quality-officer', 'client-bp-associations'),
  ('role-quality-officer', 'client-locations'),
  ('role-quality-officer', 'client-incidents'),
  ('role-quality-officer', 'client-requests'),
  ('role-quality-officer', 'client-restrictive-practices'),
  ('role-quality-officer', 'client-consents-and-legal-orders'),
  ('role-quality-officer', 'client-plan-and-assessment'),
  ('role-quality-officer', 'client-support-plan'),
  ('role-quality-officer', 'client-goals'),
  ('role-quality-officer', 'client-progress-review'),
  ('role-quality-officer', 'client-contact-activity'),
  ('role-quality-officer', 'client-risks'),
  ('role-quality-officer', 'client-service-agreements'),
  ('role-quality-officer', 'client-support-receiver-needs-and-rules'),
  ('role-quality-officer', 'incidents'),
  ('role-quality-officer', 'incident-overview'),
  ('role-quality-officer', 'incident-parties-and-links'),
  ('role-quality-officer', 'incident-investigation'),
  ('role-quality-officer', 'incident-notifications'),
  ('role-quality-officer', 'incidents-compliance'),
  ('role-quality-officer', 'incidents-dashboard'),
  ('role-quality-officer', 'incident-manager-override'),
  ('role-quality-officer', 'locations'),
  ('role-quality-officer', 'location-overview'),
  ('role-quality-officer', 'location-contact-and-address'),
  ('role-quality-officer', 'location-alerts'),
  ('role-quality-officer', 'location-clients'),
  ('role-quality-officer', 'location-employees'),
  ('role-quality-officer', 'location-incidents'),
  ('role-quality-officer', 'location-products-and-services'),
  ('role-quality-officer', 'location-activity'),
  ('role-quality-officer', 'employees'),
  ('role-quality-officer', 'employee-overview'),
  ('role-quality-officer', 'employee-incidents'),
  ('role-rostering-manager', 'home'),
  ('role-rostering-manager', 'reports'),
  ('role-rostering-manager', 'tasks'),
  ('role-rostering-manager', 'tasks-assigned-to-me'),
  ('role-rostering-manager', 'tasks-for-my-role'),
  ('role-rostering-manager', 'tasks-all'),
  ('role-rostering-manager', 'tasks-past'),
  ('role-rostering-manager', 'workforce-planning'),
  ('role-rostering-manager', 'workforce-organisation'),
  ('role-rostering-manager', 'workforce-organisation'),
  ('role-rostering-manager', 'clients'),
  ('role-rostering-manager', 'client-overview'),
  ('role-rostering-manager', 'client-alerts'),
  ('role-rostering-manager', 'client-activity'),
  ('role-rostering-manager', 'client-full-profile'),
  ('role-rostering-manager', 'client-bp-associations'),
  ('role-rostering-manager', 'client-locations'),
  ('role-rostering-manager', 'client-incidents'),
  ('role-rostering-manager', 'client-requests'),
  ('role-rostering-manager', 'client-restrictive-practices'),
  ('role-rostering-manager', 'client-consents-and-legal-orders'),
  ('role-rostering-manager', 'client-plan-and-assessment'),
  ('role-rostering-manager', 'client-support-plan'),
  ('role-rostering-manager', 'client-goals'),
  ('role-rostering-manager', 'client-progress-review'),
  ('role-rostering-manager', 'client-contact-activity'),
  ('role-rostering-manager', 'client-risks'),
  ('role-rostering-manager', 'client-service-agreements'),
  ('role-rostering-manager', 'client-support-receiver-needs-and-rules'),
  ('role-rostering-manager', 'incidents'),
  ('role-rostering-manager', 'incident-overview'),
  ('role-rostering-manager', 'incident-parties-and-links'),
  ('role-rostering-manager', 'incident-investigation'),
  ('role-rostering-manager', 'incident-notifications'),
  ('role-rostering-manager', 'incidents-compliance'),
  ('role-rostering-manager', 'incidents-dashboard'),
  ('role-rostering-manager', 'incident-manager-override'),
  ('role-rostering-manager', 'locations'),
  ('role-rostering-manager', 'location-overview'),
  ('role-rostering-manager', 'location-contact-and-address'),
  ('role-rostering-manager', 'location-alerts'),
  ('role-rostering-manager', 'location-clients'),
  ('role-rostering-manager', 'location-employees'),
  ('role-rostering-manager', 'location-incidents'),
  ('role-rostering-manager', 'location-products-and-services'),
  ('role-rostering-manager', 'location-activity'),
  ('role-rostering-manager', 'employees'),
  ('role-rostering-manager', 'employee-overview'),
  ('role-rostering-manager', 'employee-contact'),
  ('role-rostering-manager', 'employee-locations'),
  ('role-rostering-manager', 'employee-emergency-contacts'),
  ('role-rostering-manager', 'employee-employment'),
  ('role-rostering-manager', 'employee-work-rights'),
  ('role-rostering-manager', 'employee-payroll'),
  ('role-rostering-manager', 'employee-leave'),
  ('role-rostering-manager', 'employee-incidents'),
  ('role-rostering-manager', 'employee-credentials-assigned'),
  ('role-rostering-manager', 'employee-alerts'),
  ('role-rostering-manager', 'employee-documents'),
  ('role-rostering-manager', 'employee-activity'),
  ('role-rostering-manager', 'employee-skills'),
  ('role-rostering-manager', 'employee-system-access'),
  ('role-rostering-manager', 'employees'),
  ('role-rostering-manager', 'employee-overview'),
  ('role-rostering-manager', 'employee-incidents'),
  ('role-rostering-officer', 'home'),
  ('role-rostering-officer', 'reports'),
  ('role-rostering-officer', 'tasks'),
  ('role-rostering-officer', 'tasks-assigned-to-me'),
  ('role-rostering-officer', 'tasks-for-my-role'),
  ('role-rostering-officer', 'tasks-all'),
  ('role-rostering-officer', 'tasks-past'),
  ('role-rostering-officer', 'workforce-planning'),
  ('role-rostering-officer', 'workforce-planning'),
  ('role-rostering-officer', 'clients'),
  ('role-rostering-officer', 'client-overview'),
  ('role-rostering-officer', 'client-alerts'),
  ('role-rostering-officer', 'client-activity'),
  ('role-rostering-officer', 'client-full-profile'),
  ('role-rostering-officer', 'client-bp-associations'),
  ('role-rostering-officer', 'client-locations'),
  ('role-rostering-officer', 'client-incidents'),
  ('role-rostering-officer', 'client-requests'),
  ('role-rostering-officer', 'client-restrictive-practices'),
  ('role-rostering-officer', 'client-consents-and-legal-orders'),
  ('role-rostering-officer', 'client-plan-and-assessment'),
  ('role-rostering-officer', 'client-support-plan'),
  ('role-rostering-officer', 'client-goals'),
  ('role-rostering-officer', 'client-progress-review'),
  ('role-rostering-officer', 'client-contact-activity'),
  ('role-rostering-officer', 'client-risks'),
  ('role-rostering-officer', 'client-service-agreements'),
  ('role-rostering-officer', 'client-support-receiver-needs-and-rules'),
  ('role-rostering-officer', 'incidents'),
  ('role-rostering-officer', 'incident-overview'),
  ('role-rostering-officer', 'incident-parties-and-links'),
  ('role-rostering-officer', 'incident-investigation'),
  ('role-rostering-officer', 'incident-notifications'),
  ('role-rostering-officer', 'incidents-compliance'),
  ('role-rostering-officer', 'incidents-dashboard'),
  ('role-rostering-officer', 'incident-manager-override'),
  ('role-rostering-officer', 'locations'),
  ('role-rostering-officer', 'location-overview'),
  ('role-rostering-officer', 'location-contact-and-address'),
  ('role-rostering-officer', 'location-alerts'),
  ('role-rostering-officer', 'location-clients'),
  ('role-rostering-officer', 'location-employees'),
  ('role-rostering-officer', 'location-incidents'),
  ('role-rostering-officer', 'location-products-and-services'),
  ('role-rostering-officer', 'location-activity'),
  ('role-rostering-officer', 'employees'),
  ('role-rostering-officer', 'employee-overview'),
  ('role-rostering-officer', 'employee-incidents'),
  ('role-intake', 'home'),
  ('role-intake', 'reports'),
  ('role-intake', 'tasks'),
  ('role-intake', 'tasks-assigned-to-me'),
  ('role-intake', 'tasks-for-my-role'),
  ('role-intake', 'tasks-all'),
  ('role-intake', 'tasks-past'),
  ('role-intake', 'enquiries'),
  ('role-intake', 'enquiry-enquiry-details'),
  ('role-intake', 'enquiry-participant'),
  ('role-intake', 'enquiry-support-needs'),
  ('role-intake', 'enquiry-activity'),
  ('role-intake', 'clients'),
  ('role-intake', 'client-overview'),
  ('role-intake', 'client-alerts'),
  ('role-intake', 'client-activity'),
  ('role-intake', 'client-full-profile'),
  ('role-intake', 'client-bp-associations'),
  ('role-intake', 'client-locations'),
  ('role-intake', 'client-incidents'),
  ('role-intake', 'client-requests'),
  ('role-intake', 'client-restrictive-practices'),
  ('role-intake', 'client-consents-and-legal-orders'),
  ('role-intake', 'client-plan-and-assessment'),
  ('role-intake', 'client-support-plan'),
  ('role-intake', 'client-goals'),
  ('role-intake', 'client-progress-review'),
  ('role-intake', 'client-contact-activity'),
  ('role-intake', 'client-risks'),
  ('role-intake', 'client-service-agreements'),
  ('role-intake', 'client-support-receiver-needs-and-rules'),
  ('role-intake', 'incidents'),
  ('role-intake', 'incident-overview'),
  ('role-intake', 'incident-parties-and-links'),
  ('role-intake', 'incident-investigation'),
  ('role-intake', 'incident-notifications'),
  ('role-intake', 'incidents-compliance'),
  ('role-intake', 'incidents-dashboard'),
  ('role-intake', 'incident-manager-override'),
  ('role-intake', 'locations'),
  ('role-intake', 'location-overview'),
  ('role-intake', 'location-contact-and-address'),
  ('role-intake', 'location-alerts'),
  ('role-intake', 'location-clients'),
  ('role-intake', 'location-employees'),
  ('role-intake', 'location-incidents'),
  ('role-intake', 'location-products-and-services'),
  ('role-intake', 'location-activity'),
  ('role-intake', 'employees'),
  ('role-intake', 'employee-overview'),
  ('role-intake', 'employee-incidents'),
  ('role-coordinator', 'home'),
  ('role-coordinator', 'reports'),
  ('role-coordinator', 'tasks'),
  ('role-coordinator', 'tasks-assigned-to-me'),
  ('role-coordinator', 'tasks-for-my-role'),
  ('role-coordinator', 'tasks-all'),
  ('role-coordinator', 'tasks-past'),
  ('role-coordinator', 'workforce-planning'),
  ('role-coordinator', 'workforce-organisation'),
  ('role-coordinator', 'clients'),
  ('role-coordinator', 'client-overview'),
  ('role-coordinator', 'client-alerts'),
  ('role-coordinator', 'client-activity'),
  ('role-coordinator', 'client-full-profile'),
  ('role-coordinator', 'client-bp-associations'),
  ('role-coordinator', 'client-locations'),
  ('role-coordinator', 'client-incidents'),
  ('role-coordinator', 'client-requests'),
  ('role-coordinator', 'client-restrictive-practices'),
  ('role-coordinator', 'client-consents-and-legal-orders'),
  ('role-coordinator', 'client-plan-and-assessment'),
  ('role-coordinator', 'client-support-plan'),
  ('role-coordinator', 'client-goals'),
  ('role-coordinator', 'client-progress-review'),
  ('role-coordinator', 'client-contact-activity'),
  ('role-coordinator', 'client-risks'),
  ('role-coordinator', 'client-service-agreements'),
  ('role-coordinator', 'client-support-receiver-needs-and-rules'),
  ('role-coordinator', 'incidents'),
  ('role-coordinator', 'incident-overview'),
  ('role-coordinator', 'incident-parties-and-links'),
  ('role-coordinator', 'incident-investigation'),
  ('role-coordinator', 'incident-notifications'),
  ('role-coordinator', 'incidents-compliance'),
  ('role-coordinator', 'incidents-dashboard'),
  ('role-coordinator', 'incident-manager-override'),
  ('role-coordinator', 'locations'),
  ('role-coordinator', 'location-overview'),
  ('role-coordinator', 'location-contact-and-address'),
  ('role-coordinator', 'location-alerts'),
  ('role-coordinator', 'location-clients'),
  ('role-coordinator', 'location-employees'),
  ('role-coordinator', 'location-incidents'),
  ('role-coordinator', 'location-products-and-services'),
  ('role-coordinator', 'location-activity'),
  ('role-coordinator', 'products'),
  ('role-coordinator', 'product-overview'),
  ('role-coordinator', 'product-pricing'),
  ('role-coordinator', 'price-lists'),
  ('role-coordinator', 'price-list-overview'),
  ('role-coordinator', 'price-list-lines'),
  ('role-coordinator', 'service-agreements'),
  ('role-coordinator', 'service-agreement-overview'),
  ('role-coordinator', 'service-agreement-lines'),
  ('role-coordinator', 'employees'),
  ('role-coordinator', 'employee-overview'),
  ('role-coordinator', 'employee-incidents'),
  ('role-team-leader', 'home'),
  ('role-team-leader', 'reports'),
  ('role-team-leader', 'tasks'),
  ('role-team-leader', 'tasks-assigned-to-me'),
  ('role-team-leader', 'tasks-for-my-role'),
  ('role-team-leader', 'tasks-all'),
  ('role-team-leader', 'tasks-past'),
  ('role-team-leader', 'workforce-planning'),
  ('role-team-leader', 'workforce-organisation'),
  ('role-team-leader', 'workforce-org-edit'),
  ('role-team-leader', 'clients'),
  ('role-team-leader', 'client-overview'),
  ('role-team-leader', 'client-alerts'),
  ('role-team-leader', 'client-activity'),
  ('role-team-leader', 'client-full-profile'),
  ('role-team-leader', 'client-bp-associations'),
  ('role-team-leader', 'client-locations'),
  ('role-team-leader', 'client-incidents'),
  ('role-team-leader', 'client-requests'),
  ('role-team-leader', 'client-restrictive-practices'),
  ('role-team-leader', 'client-consents-and-legal-orders'),
  ('role-team-leader', 'client-plan-and-assessment'),
  ('role-team-leader', 'client-support-plan'),
  ('role-team-leader', 'client-goals'),
  ('role-team-leader', 'client-progress-review'),
  ('role-team-leader', 'client-contact-activity'),
  ('role-team-leader', 'client-risks'),
  ('role-team-leader', 'client-service-agreements'),
  ('role-team-leader', 'client-support-receiver-needs-and-rules'),
  ('role-team-leader', 'incidents'),
  ('role-team-leader', 'incident-overview'),
  ('role-team-leader', 'incident-parties-and-links'),
  ('role-team-leader', 'incident-investigation'),
  ('role-team-leader', 'incident-notifications'),
  ('role-team-leader', 'incidents-compliance'),
  ('role-team-leader', 'incidents-dashboard'),
  ('role-team-leader', 'incident-manager-override'),
  ('role-team-leader', 'locations'),
  ('role-team-leader', 'location-overview'),
  ('role-team-leader', 'location-contact-and-address'),
  ('role-team-leader', 'location-alerts'),
  ('role-team-leader', 'location-clients'),
  ('role-team-leader', 'location-employees'),
  ('role-team-leader', 'location-incidents'),
  ('role-team-leader', 'location-products-and-services'),
  ('role-team-leader', 'location-activity'),
  ('role-team-leader', 'employees'),
  ('role-team-leader', 'employee-overview'),
  ('role-team-leader', 'employee-contact'),
  ('role-team-leader', 'employee-locations'),
  ('role-team-leader', 'employee-emergency-contacts'),
  ('role-team-leader', 'employee-employment'),
  ('role-team-leader', 'employee-work-rights'),
  ('role-team-leader', 'employee-payroll'),
  ('role-team-leader', 'employee-leave'),
  ('role-team-leader', 'employee-incidents'),
  ('role-team-leader', 'employee-credentials-assigned'),
  ('role-team-leader', 'employee-alerts'),
  ('role-team-leader', 'employee-documents'),
  ('role-team-leader', 'employee-activity'),
  ('role-team-leader', 'employee-skills'),
  ('role-team-leader', 'employee-system-access'),
  ('role-team-leader', 'employees'),
  ('role-team-leader', 'employee-overview'),
  ('role-team-leader', 'employee-incidents'),
  ('role-support-worker', 'home'),
  ('role-support-worker', 'reports'),
  ('role-support-worker', 'tasks-assigned-to-me'),
  ('role-support-worker', 'tasks-for-my-role'),
  ('role-support-worker', 'tasks-past'),
  ('role-support-worker', 'workforce-planning'),
  ('role-support-worker', 'clients'),
  ('role-support-worker', 'client-overview'),
  ('role-support-worker', 'client-alerts'),
  ('role-support-worker', 'client-activity'),
  ('role-support-worker', 'client-full-profile'),
  ('role-support-worker', 'client-bp-associations'),
  ('role-support-worker', 'client-locations'),
  ('role-support-worker', 'client-incidents'),
  ('role-support-worker', 'client-requests'),
  ('role-support-worker', 'client-restrictive-practices'),
  ('role-support-worker', 'client-consents-and-legal-orders'),
  ('role-support-worker', 'client-plan-and-assessment'),
  ('role-support-worker', 'client-support-plan'),
  ('role-support-worker', 'client-goals'),
  ('role-support-worker', 'client-progress-review'),
  ('role-support-worker', 'client-contact-activity'),
  ('role-support-worker', 'client-risks'),
  ('role-support-worker', 'client-service-agreements'),
  ('role-support-worker', 'client-support-receiver-needs-and-rules'),
  ('role-support-worker', 'incidents'),
  ('role-support-worker', 'incident-overview'),
  ('role-support-worker', 'incident-parties-and-links'),
  ('role-support-worker', 'incident-investigation'),
  ('role-support-worker', 'incident-notifications'),
  ('role-support-worker', 'incidents-compliance'),
  ('role-support-worker', 'incidents-dashboard'),
  ('role-support-worker', 'incident-manager-override'),
  ('role-support-worker', 'locations'),
  ('role-support-worker', 'location-overview'),
  ('role-support-worker', 'location-contact-and-address'),
  ('role-support-worker', 'location-alerts'),
  ('role-support-worker', 'location-clients'),
  ('role-support-worker', 'location-employees'),
  ('role-support-worker', 'location-incidents'),
  ('role-support-worker', 'location-products-and-services'),
  ('role-support-worker', 'location-activity'),
  ('role-support-worker', 'employees'),
  ('role-support-worker', 'employee-overview'),
  ('role-support-worker', 'employee-incidents')
on conflict do nothing;

delete from public.app_role_process where role_id in ('role-admin', 'role-board', 'role-ceo', 'role-exec-operations', 'role-exec-hr', 'role-exec-finance', 'role-exec-ict', 'role-exec-quality', 'role-hr-manager', 'role-hr-officer', 'role-ict-manager', 'role-ict-officer', 'role-finance-manager', 'role-finance-officer', 'role-quality-manager', 'role-quality-officer', 'role-rostering-manager', 'role-rostering-officer', 'role-intake', 'role-coordinator', 'role-team-leader', 'role-support-worker');
insert into public.app_role_process (role_id, process_id)
values
  ('role-admin', 'enquiry-to-client'),
  ('role-admin', 'assign-employee-credential'),
  ('role-admin', 'assign-location-client'),
  ('role-admin', 'assign-location-employee'),
  ('role-admin', 'assign-location-product'),
  ('role-admin', 'report-incident'),
  ('role-admin', 'notify-ndis-reportable'),
  ('role-admin', 'assign-task'),
  ('role-admin', 'action-task'),
  ('role-ceo', 'assign-location-client'),
  ('role-ceo', 'assign-location-employee'),
  ('role-ceo', 'assign-location-product'),
  ('role-ceo', 'assign-task'),
  ('role-ceo', 'action-task'),
  ('role-ceo', 'report-incident'),
  ('role-ceo', 'notify-ndis-reportable'),
  ('role-exec-operations', 'assign-location-client'),
  ('role-exec-operations', 'assign-location-employee'),
  ('role-exec-operations', 'assign-location-product'),
  ('role-exec-operations', 'assign-task'),
  ('role-exec-operations', 'action-task'),
  ('role-exec-operations', 'report-incident'),
  ('role-exec-operations', 'notify-ndis-reportable'),
  ('role-exec-hr', 'assign-location-client'),
  ('role-exec-hr', 'assign-location-employee'),
  ('role-exec-hr', 'assign-location-product'),
  ('role-exec-hr', 'assign-task'),
  ('role-exec-hr', 'action-task'),
  ('role-exec-hr', 'report-incident'),
  ('role-exec-hr', 'notify-ndis-reportable'),
  ('role-exec-finance', 'assign-location-client'),
  ('role-exec-finance', 'assign-location-employee'),
  ('role-exec-finance', 'assign-location-product'),
  ('role-exec-finance', 'assign-task'),
  ('role-exec-finance', 'action-task'),
  ('role-exec-finance', 'report-incident'),
  ('role-exec-finance', 'notify-ndis-reportable'),
  ('role-exec-ict', 'assign-location-client'),
  ('role-exec-ict', 'assign-location-employee'),
  ('role-exec-ict', 'assign-location-product'),
  ('role-exec-ict', 'assign-task'),
  ('role-exec-ict', 'action-task'),
  ('role-exec-ict', 'report-incident'),
  ('role-exec-ict', 'notify-ndis-reportable'),
  ('role-exec-quality', 'assign-location-client'),
  ('role-exec-quality', 'assign-location-employee'),
  ('role-exec-quality', 'assign-location-product'),
  ('role-exec-quality', 'assign-task'),
  ('role-exec-quality', 'action-task'),
  ('role-exec-quality', 'report-incident'),
  ('role-exec-quality', 'notify-ndis-reportable'),
  ('role-hr-manager', 'assign-location-client'),
  ('role-hr-manager', 'assign-location-employee'),
  ('role-hr-manager', 'assign-location-product'),
  ('role-hr-manager', 'assign-task'),
  ('role-hr-manager', 'action-task'),
  ('role-hr-manager', 'report-incident'),
  ('role-hr-manager', 'notify-ndis-reportable'),
  ('role-hr-officer', 'assign-task'),
  ('role-hr-officer', 'action-task'),
  ('role-hr-officer', 'report-incident'),
  ('role-ict-manager', 'assign-location-client'),
  ('role-ict-manager', 'assign-location-employee'),
  ('role-ict-manager', 'assign-location-product'),
  ('role-ict-manager', 'assign-task'),
  ('role-ict-manager', 'action-task'),
  ('role-ict-manager', 'report-incident'),
  ('role-ict-manager', 'notify-ndis-reportable'),
  ('role-ict-officer', 'assign-task'),
  ('role-ict-officer', 'action-task'),
  ('role-ict-officer', 'report-incident'),
  ('role-finance-manager', 'assign-location-client'),
  ('role-finance-manager', 'assign-location-employee'),
  ('role-finance-manager', 'assign-location-product'),
  ('role-finance-manager', 'assign-task'),
  ('role-finance-manager', 'action-task'),
  ('role-finance-manager', 'report-incident'),
  ('role-finance-manager', 'notify-ndis-reportable'),
  ('role-finance-officer', 'assign-task'),
  ('role-finance-officer', 'action-task'),
  ('role-finance-officer', 'report-incident'),
  ('role-quality-manager', 'assign-location-client'),
  ('role-quality-manager', 'assign-location-employee'),
  ('role-quality-manager', 'assign-location-product'),
  ('role-quality-manager', 'assign-task'),
  ('role-quality-manager', 'action-task'),
  ('role-quality-manager', 'report-incident'),
  ('role-quality-manager', 'notify-ndis-reportable'),
  ('role-quality-officer', 'assign-task'),
  ('role-quality-officer', 'action-task'),
  ('role-quality-officer', 'report-incident'),
  ('role-rostering-manager', 'assign-location-client'),
  ('role-rostering-manager', 'assign-location-employee'),
  ('role-rostering-manager', 'assign-location-product'),
  ('role-rostering-manager', 'assign-task'),
  ('role-rostering-manager', 'action-task'),
  ('role-rostering-manager', 'report-incident'),
  ('role-rostering-manager', 'notify-ndis-reportable'),
  ('role-rostering-officer', 'assign-task'),
  ('role-rostering-officer', 'action-task'),
  ('role-rostering-officer', 'report-incident'),
  ('role-intake', 'enquiry-to-client'),
  ('role-intake', 'assign-location-client'),
  ('role-intake', 'assign-location-employee'),
  ('role-intake', 'assign-location-product'),
  ('role-intake', 'assign-task'),
  ('role-intake', 'action-task'),
  ('role-intake', 'report-incident'),
  ('role-intake', 'notify-ndis-reportable'),
  ('role-coordinator', 'assign-location-client'),
  ('role-coordinator', 'assign-location-employee'),
  ('role-coordinator', 'assign-location-product'),
  ('role-coordinator', 'assign-task'),
  ('role-coordinator', 'action-task'),
  ('role-coordinator', 'report-incident'),
  ('role-coordinator', 'notify-ndis-reportable'),
  ('role-team-leader', 'assign-location-client'),
  ('role-team-leader', 'assign-location-employee'),
  ('role-team-leader', 'assign-location-product'),
  ('role-team-leader', 'assign-task'),
  ('role-team-leader', 'action-task'),
  ('role-team-leader', 'report-incident'),
  ('role-team-leader', 'notify-ndis-reportable'),
  ('role-support-worker', 'assign-task'),
  ('role-support-worker', 'action-task'),
  ('role-support-worker', 'report-incident'),
  ('role-support-worker', 'assign-location-employee')
on conflict do nothing;

delete from public.app_role_report where role_id in ('role-admin', 'role-board', 'role-ceo', 'role-exec-operations', 'role-exec-hr', 'role-exec-finance', 'role-exec-ict', 'role-exec-quality', 'role-hr-manager', 'role-hr-officer', 'role-ict-manager', 'role-ict-officer', 'role-finance-manager', 'role-finance-officer', 'role-quality-manager', 'role-quality-officer', 'role-rostering-manager', 'role-rostering-officer', 'role-intake', 'role-coordinator', 'role-team-leader', 'role-support-worker');
insert into public.app_role_report (role_id, report_id)
values
  ('role-admin', 'client-register'),
  ('role-admin', 'enquiry-register'),
  ('role-admin', 'location-register'),
  ('role-admin', 'employee-register'),
  ('role-admin', 'tasks-all'),
  ('role-admin', 'incident-register'),
  ('role-admin', 'ndis-reportable-incidents'),
  ('role-admin', 'incident-compliance-digest'),
  ('role-board', 'incident-register'),
  ('role-board', 'ndis-reportable-incidents'),
  ('role-board', 'client-register'),
  ('role-ceo', 'client-register'),
  ('role-ceo', 'location-register'),
  ('role-ceo', 'tasks-all'),
  ('role-ceo', 'incident-register'),
  ('role-ceo', 'ndis-reportable-incidents'),
  ('role-ceo', 'enquiry-register'),
  ('role-exec-operations', 'client-register'),
  ('role-exec-operations', 'location-register'),
  ('role-exec-operations', 'tasks-all'),
  ('role-exec-operations', 'incident-register'),
  ('role-exec-operations', 'ndis-reportable-incidents'),
  ('role-exec-operations', 'enquiry-register'),
  ('role-exec-hr', 'client-register'),
  ('role-exec-hr', 'location-register'),
  ('role-exec-hr', 'tasks-all'),
  ('role-exec-hr', 'incident-register'),
  ('role-exec-hr', 'ndis-reportable-incidents'),
  ('role-exec-hr', 'enquiry-register'),
  ('role-exec-finance', 'client-register'),
  ('role-exec-finance', 'location-register'),
  ('role-exec-finance', 'tasks-all'),
  ('role-exec-finance', 'incident-register'),
  ('role-exec-finance', 'ndis-reportable-incidents'),
  ('role-exec-finance', 'enquiry-register'),
  ('role-exec-ict', 'client-register'),
  ('role-exec-ict', 'location-register'),
  ('role-exec-ict', 'tasks-all'),
  ('role-exec-ict', 'incident-register'),
  ('role-exec-ict', 'ndis-reportable-incidents'),
  ('role-exec-ict', 'enquiry-register'),
  ('role-exec-quality', 'client-register'),
  ('role-exec-quality', 'location-register'),
  ('role-exec-quality', 'tasks-all'),
  ('role-exec-quality', 'incident-register'),
  ('role-exec-quality', 'ndis-reportable-incidents'),
  ('role-exec-quality', 'enquiry-register'),
  ('role-hr-manager', 'client-register'),
  ('role-hr-manager', 'location-register'),
  ('role-hr-manager', 'tasks-all'),
  ('role-hr-manager', 'incident-register'),
  ('role-hr-manager', 'ndis-reportable-incidents'),
  ('role-hr-officer', 'tasks-all'),
  ('role-hr-officer', 'location-register'),
  ('role-hr-officer', 'incident-register'),
  ('role-ict-manager', 'client-register'),
  ('role-ict-manager', 'location-register'),
  ('role-ict-manager', 'tasks-all'),
  ('role-ict-manager', 'incident-register'),
  ('role-ict-manager', 'ndis-reportable-incidents'),
  ('role-ict-officer', 'tasks-all'),
  ('role-ict-officer', 'location-register'),
  ('role-ict-officer', 'incident-register'),
  ('role-finance-manager', 'client-register'),
  ('role-finance-manager', 'location-register'),
  ('role-finance-manager', 'tasks-all'),
  ('role-finance-manager', 'incident-register'),
  ('role-finance-manager', 'ndis-reportable-incidents'),
  ('role-finance-officer', 'tasks-all'),
  ('role-finance-officer', 'location-register'),
  ('role-finance-officer', 'incident-register'),
  ('role-quality-manager', 'client-register'),
  ('role-quality-manager', 'location-register'),
  ('role-quality-manager', 'tasks-all'),
  ('role-quality-manager', 'incident-register'),
  ('role-quality-manager', 'ndis-reportable-incidents'),
  ('role-quality-officer', 'tasks-all'),
  ('role-quality-officer', 'location-register'),
  ('role-quality-officer', 'incident-register'),
  ('role-rostering-manager', 'client-register'),
  ('role-rostering-manager', 'location-register'),
  ('role-rostering-manager', 'tasks-all'),
  ('role-rostering-manager', 'incident-register'),
  ('role-rostering-manager', 'ndis-reportable-incidents'),
  ('role-rostering-officer', 'tasks-all'),
  ('role-rostering-officer', 'location-register'),
  ('role-rostering-officer', 'incident-register'),
  ('role-intake', 'client-register'),
  ('role-intake', 'enquiry-register'),
  ('role-intake', 'location-register'),
  ('role-intake', 'tasks-all'),
  ('role-intake', 'incident-register'),
  ('role-intake', 'ndis-reportable-incidents'),
  ('role-coordinator', 'client-register'),
  ('role-coordinator', 'location-register'),
  ('role-coordinator', 'tasks-all'),
  ('role-coordinator', 'incident-register'),
  ('role-coordinator', 'ndis-reportable-incidents'),
  ('role-team-leader', 'client-register'),
  ('role-team-leader', 'location-register'),
  ('role-team-leader', 'tasks-all'),
  ('role-team-leader', 'incident-register'),
  ('role-team-leader', 'ndis-reportable-incidents'),
  ('role-support-worker', 'tasks-all'),
  ('role-support-worker', 'location-register'),
  ('role-support-worker', 'incident-register')
on conflict do nothing;

delete from public.app_role_task_type where role_id in ('role-admin', 'role-board', 'role-ceo', 'role-exec-operations', 'role-exec-hr', 'role-exec-finance', 'role-exec-ict', 'role-exec-quality', 'role-hr-manager', 'role-hr-officer', 'role-ict-manager', 'role-ict-officer', 'role-finance-manager', 'role-finance-officer', 'role-quality-manager', 'role-quality-officer', 'role-rostering-manager', 'role-rostering-officer', 'role-intake', 'role-coordinator', 'role-team-leader', 'role-support-worker');
insert into public.app_role_task_type (role_id, task_type_id, can_see, can_select, can_create)
values
  ('role-admin', 'tt-review', true, true, true),
  ('role-admin', 'tt-approve', true, true, true),
  ('role-admin', 'tt-check', true, true, true),
  ('role-admin', 'tt-develop', true, true, true),
  ('role-admin', 'tt-decide', true, true, true),
  ('role-admin', 'tt-other', true, true, true),
  ('role-board', 'tt-review', true, true, true),
  ('role-ceo', 'tt-review', true, true, true),
  ('role-ceo', 'tt-approve', true, true, true),
  ('role-ceo', 'tt-check', true, true, true),
  ('role-ceo', 'tt-decide', true, true, true),
  ('role-exec-operations', 'tt-review', true, true, true),
  ('role-exec-operations', 'tt-approve', true, true, true),
  ('role-exec-operations', 'tt-check', true, true, true),
  ('role-exec-operations', 'tt-decide', true, true, true),
  ('role-exec-hr', 'tt-review', true, true, true),
  ('role-exec-hr', 'tt-approve', true, true, true),
  ('role-exec-hr', 'tt-check', true, true, true),
  ('role-exec-hr', 'tt-decide', true, true, true),
  ('role-exec-finance', 'tt-review', true, true, true),
  ('role-exec-finance', 'tt-approve', true, true, true),
  ('role-exec-finance', 'tt-check', true, true, true),
  ('role-exec-finance', 'tt-decide', true, true, true),
  ('role-exec-ict', 'tt-review', true, true, true),
  ('role-exec-ict', 'tt-approve', true, true, true),
  ('role-exec-ict', 'tt-check', true, true, true),
  ('role-exec-ict', 'tt-decide', true, true, true),
  ('role-exec-quality', 'tt-review', true, true, true),
  ('role-exec-quality', 'tt-approve', true, true, true),
  ('role-exec-quality', 'tt-check', true, true, true),
  ('role-exec-quality', 'tt-decide', true, true, true),
  ('role-hr-manager', 'tt-review', true, true, true),
  ('role-hr-manager', 'tt-approve', true, true, true),
  ('role-hr-manager', 'tt-check', true, true, true),
  ('role-hr-manager', 'tt-decide', true, true, true),
  ('role-hr-officer', 'tt-review', true, true, true),
  ('role-hr-officer', 'tt-check', true, true, true),
  ('role-hr-officer', 'tt-other', true, true, true),
  ('role-ict-manager', 'tt-review', true, true, true),
  ('role-ict-manager', 'tt-approve', true, true, true),
  ('role-ict-manager', 'tt-check', true, true, true),
  ('role-ict-manager', 'tt-decide', true, true, true),
  ('role-ict-officer', 'tt-review', true, true, true),
  ('role-ict-officer', 'tt-check', true, true, true),
  ('role-ict-officer', 'tt-other', true, true, true),
  ('role-finance-manager', 'tt-review', true, true, true),
  ('role-finance-manager', 'tt-approve', true, true, true),
  ('role-finance-manager', 'tt-check', true, true, true),
  ('role-finance-manager', 'tt-decide', true, true, true),
  ('role-finance-officer', 'tt-review', true, true, true),
  ('role-finance-officer', 'tt-check', true, true, true),
  ('role-finance-officer', 'tt-other', true, true, true),
  ('role-quality-manager', 'tt-review', true, true, true),
  ('role-quality-manager', 'tt-approve', true, true, true),
  ('role-quality-manager', 'tt-check', true, true, true),
  ('role-quality-manager', 'tt-decide', true, true, true),
  ('role-quality-officer', 'tt-review', true, true, true),
  ('role-quality-officer', 'tt-check', true, true, true),
  ('role-quality-officer', 'tt-other', true, true, true),
  ('role-rostering-manager', 'tt-review', true, true, true),
  ('role-rostering-manager', 'tt-approve', true, true, true),
  ('role-rostering-manager', 'tt-check', true, true, true),
  ('role-rostering-manager', 'tt-decide', true, true, true),
  ('role-rostering-officer', 'tt-review', true, true, true),
  ('role-rostering-officer', 'tt-check', true, true, true),
  ('role-rostering-officer', 'tt-other', true, true, true),
  ('role-intake', 'tt-review', true, true, true),
  ('role-intake', 'tt-check', true, true, true),
  ('role-intake', 'tt-develop', true, true, true),
  ('role-intake', 'tt-other', true, true, true),
  ('role-coordinator', 'tt-review', true, true, true),
  ('role-coordinator', 'tt-approve', true, true, true),
  ('role-coordinator', 'tt-check', true, true, true),
  ('role-coordinator', 'tt-decide', true, true, true),
  ('role-team-leader', 'tt-review', true, true, true),
  ('role-team-leader', 'tt-approve', true, true, true),
  ('role-team-leader', 'tt-check', true, true, true),
  ('role-team-leader', 'tt-decide', true, true, true),
  ('role-support-worker', 'tt-check', true, true, true),
  ('role-support-worker', 'tt-other', true, true, true),
  ('role-support-worker', 'tt-review', true, true, true)
on conflict (role_id, task_type_id) do update set
  can_see = excluded.can_see, can_select = excluded.can_select, can_create = excluded.can_create;

-- Bcrypt passwords for seed logins (default password: welcome; SuperUser: flamingo)
update public.app_user set password = '$2b$10$Cc.LzF6E8wULgOj7.Vc1yeOsMvpXE.l.I/oE2ai/8bPNP9srF1baK' where username = 'SuperUser';
update public.app_user set password = '$2b$10$5mL3Hw4xSTRjiIAfL0ox9OiXTGywAcTVl0cyOt44wgsnihhvsvPt.' where username = 'PatriciaChen';
update public.app_user set password = '$2b$10$NKras.Co8yddghtl2ZVwj.7gT9VljCzHxy.COlQIScpf4y2gnp.Fa' where username = 'MichaelSmith';
update public.app_user set password = '$2b$10$iMFlk4LCfr8owHaN8BQl3OvB8GOocRALzTzQzDGx6496Q5mTk8Itq' where username = 'PiperCollins';
update public.app_user set password = '$2b$10$a1xJElgXFGe4rhiKabkh7eTT0Vd0tTYRpsJFLPBg2KjBok5N5LxQK' where username = 'IslaRobinson';
update public.app_user set password = '$2b$10$0bs348ICVxFXygP50HuYU.uREJXW3YyAXLKGjH66NZrTKhOFL9oee' where username = 'GabrielaWilson';
update public.app_user set password = '$2b$10$J4opQoitHToTGGamKGau9.XY9T3mKlpPxDrp7rFFB0EZaeZ81hKrG' where username = 'DianeFoster';
update public.app_user set password = '$2b$10$Iz/X0fX02KpT/kjcB4lcq.uutDcJl1PswcfwPJ20N0iMw/oQKDAqK' where username = 'JamesWhitford';
update public.app_user set password = '$2b$10$zn9Dbk.YSXBo0br9xO2LIuXrycnivvShjpuq6.KCzfVmYlDj55t5O' where username = 'SamRivera';
update public.app_user set password = '$2b$10$GO9x.GRnt6Xt5iQATSmvIu6ju6alkasz3ZvSrNPNYfyk3V.ML8FYG' where username = 'MargaretHolt';
update public.app_user set password = '$2b$10$lRxlm7zkA1bDyfHN79WSKuF96D0V6Y3QHZzlwGYb8quSGI7Ivtt2G' where username = 'RileyShaw';
update public.app_user set password = '$2b$10$rlRzWO7ZJFkecKAP7zQiSuw36gpP.hdWNkJiLDgvFyk9G2UMviXz2' where username = 'EleanorWright';
update public.app_user set password = '$2b$10$bARiwVg9nNWvrqIRWv41A.lcU/YePieZjDppmKyAlGgCYSPpPljri' where username = 'MarcusOBrien';
update public.app_user set password = '$2b$10$EJTsrFWi7d5qdhzUBqXf/O2H35EYTUxrQns8JSe7cjklUQRjatsYi' where username = 'HelenTran';
update public.app_user set password = '$2b$10$A7MOAPROL.xYYLJDZ3RK0ONRnygNB3s3oUoFM/0ZLLQraytJ23JUG' where username = 'DavidOkonkwo';
update public.app_user set password = '$2b$10$6MqVYqwOlpYNKyZzmyniHOa9wLNn49fiIQx9sv//v/21kapdjNl16' where username = 'SandraBlake';
update public.app_user set password = '$2b$10$l9SxCJDNnD.Q3hJcgnMVUuwVDduSA88gVGto8PO7Un61vzOXZfPcK' where username = 'CalebMurphy';
update public.app_user set password = '$2b$10$HWyxvfA1edS3SzfqdcGZ6eupyXMB2gGdLCAkB2E6K1uNu0iIApz4.' where username = 'AlexKim';
update public.app_user set password = '$2b$10$/TJz1BFnzTIah44lEgQDJ.gNilZChX2pTPNTxXfroqI4pD6vo8wK.' where username = 'JordanLee';
update public.app_user set password = '$2b$10$mP/9oiFP709bJH.CB/uS3.hdwaaF5dlzX9heNE6S.eTAbnWtCjf/i' where username = 'QuinnTaylor';
update public.app_user set password = '$2b$10$Rl9eJm4xS53..KrJfbHC2OsGSqUThJTEaAHRAJYQoVaV.y6ajxuEy' where username = 'AudreyPatel';
update public.app_user set password = '$2b$10$/Cql54IjImq5b6Lc7z6Z/.5ffw6b2.ptDkeg5JQJCP5313DHELZxe' where username = 'MorganBlake';
update public.app_user set password = '$2b$10$7kD6NXeWCnj1FRjNlVogy.AEysUxeoNOAtwIqbTRORoRCXcYfOzKC' where username = 'TessaNguyen';
update public.app_user set password = '$2b$10$l7Z/hbqybElsRHdggy1u7Oj0tPzL16rHSxYjJjmG7KnMW1HK2hsmC' where username = 'JessicaHancock';
update public.app_user set password = '$2b$10$LyN98T0X/c4fQukPuUD4IeBS1UermcmOWBIOoHgFMcECIKH9LRtBi' where username = 'NaomiSingh';
update public.app_user set password = '$2b$10$zjPRtv.WS3no7Ub9lHmwPOWLd85NJpn/kKhzTxISrhKJjACEXBnE.' where username = 'RoseDash';
update public.app_user set password = '$2b$10$9xr7LhHtLmkNOC64RnFuHulpe2U11n5fzLthidpreKlXxZWXkqKBe' where username = 'OliverWilliams';
update public.app_user set password = '$2b$10$Tkegd1eukYqhMXZQFYnoWucDm5M.CvkszkEBZ8gCON2VjQinDXvYC' where username = 'AvaThomas';
update public.app_user set password = '$2b$10$AxUWUde64DsuXEnhIA07qOrLr5o5Mvcwv62jbTlfLZjF4XAuM32l.' where username = 'NoahJackson';
update public.app_user set password = '$2b$10$WTJelyBcvZneEuXX6fErFezUzcQZDErRQZ6x2RnkepLMaZxkvuMby' where username = 'MiaWhite';
update public.app_user set password = '$2b$10$5TA5Dm/BMDZ92uF23MuxaeoMHArei/qy5ge8sfkavoe6GgQ64Y8r6' where username = 'LiamHarris';
update public.app_user set password = '$2b$10$sZVhghsO3lEqU1xULeJ53uZL13w3DimDiheYs75gilmW.9x8b.HBG' where username = 'ZoeMartin';
update public.app_user set password = '$2b$10$0s90QRvx/FiuHlRPTIOp8.9ByqFKotGuFOPv.zh091OX9fOphsNkS' where username = 'EthanThompson';
update public.app_user set password = '$2b$10$Qrd3gLdbRAkMBZf66g3kve2yr9kWHbtWGADgxL/QpijBNy23iWnZq' where username = 'ChloeGarcia';
update public.app_user set password = '$2b$10$WyddTtsPrkCFulNHzge..eWj.0P2NJRl3yBil6BM5k8VpIqLupkcm' where username = 'MasonRobinson';
update public.app_user set password = '$2b$10$DwPffsMmHlHtq0au936ideloTYK/IiSy0lWK7qJ5Gi6N8GY8epei6' where username = 'RubyClark';
update public.app_user set password = '$2b$10$pCnoQJIhelY07DVHvxUdcuwEhYdmviOlPSbhZ7Zl0fjmAvbYFEIAi' where username = 'LucasLewis';