-- Users, roles, and access seed
-- Re-run: npm run supabase:seed-access

insert into public.app_role (id, role_key, name, description, active)
values
  ('role-admin', 'AbilityAPP_Admin', 'AbilityAPP Admin', 'Full system access — all windows and processes', true),
  ('role-intake', 'Intake_Coordinator', 'Intake Coordinator', 'Enquiries and convert-to-client process', true),
  ('role-coordinator', 'Support_Coordinator', 'Support Coordinator', 'Client records and service catalog (no admin)', true),
  ('role-support-worker', 'Support_Worker', 'Support Worker', 'Frontline staff — assigned tasks, clients, incidents, and rostered locations', true)
on conflict (id) do update set
  role_key = excluded.role_key, name = excluded.name, description = excluded.description, active = excluded.active;

insert into public.app_user (id, username, email, first_name, last_name, phone, active, employee_bp_id, notes)
values
  ('user-superuser', 'SuperUser', 'superuser@abilityapp.local', 'Super', 'User', '', true, null, 'Full access administrator (AbilityAPP SuperUser equivalent)'),
  ('user-isla', 'IslaRobinson', 'isla.robinson@abilityerp.local', 'Isla', 'Robinson', '', true, 'emp-isla', 'Intake and client coordination'),
  ('user-gabriela', 'GabrielaWilson', 'gabriela.wilson@abilityerp.local', 'Gabriela', 'Wilson', '', true, 'emp-gabriela', 'Enquiry processing'),
  ('user-sw-01', 'AvaThomas', 'avathomas@abilityerp.local', 'Ava', 'Thomas', '', true, 'emp-sw-001', 'Bulk seed support worker login'),
  ('user-sw-02', 'NoahJackson', 'noahjackson@abilityerp.local', 'Noah', 'Jackson', '', true, 'emp-sw-002', 'Bulk seed support worker login'),
  ('user-sw-03', 'MiaWhite', 'miawhite@abilityerp.local', 'Mia', 'White', '', true, 'emp-sw-003', 'Bulk seed support worker login'),
  ('user-sw-04', 'LiamHarris', 'liamharris@abilityerp.local', 'Liam', 'Harris', '', true, 'emp-sw-004', 'Bulk seed support worker login'),
  ('user-sw-05', 'ZoeMartin', 'zoemartin@abilityerp.local', 'Zoe', 'Martin', '', true, 'emp-sw-005', 'Bulk seed support worker login'),
  ('user-sw-06', 'EthanThompson', 'ethanthompson@abilityerp.local', 'Ethan', 'Thompson', '', true, 'emp-sw-006', 'Bulk seed support worker login'),
  ('user-sw-07', 'ChloeGarcia', 'chloegarcia@abilityerp.local', 'Chloe', 'Garcia', '', true, 'emp-sw-007', 'Bulk seed support worker login'),
  ('user-sw-08', 'MasonRobinson', 'masonrobinson@abilityerp.local', 'Mason', 'Robinson', '', true, 'emp-sw-008', 'Bulk seed support worker login'),
  ('user-sw-09', 'RubyClark', 'rubyclark@abilityerp.local', 'Ruby', 'Clark', '', true, 'emp-sw-009', 'Bulk seed support worker login'),
  ('user-sw-10', 'LucasLewis', 'lucaslewis@abilityerp.local', 'Lucas', 'Lewis', '', true, 'emp-sw-010', 'Bulk seed support worker login')
on conflict (id) do update set
  username = excluded.username, email = excluded.email, first_name = excluded.first_name, last_name = excluded.last_name, phone = excluded.phone, active = excluded.active, employee_bp_id = excluded.employee_bp_id, notes = excluded.notes;

insert into public.app_user_role (user_id, role_id)
values
  ('user-superuser', 'role-admin'),
  ('user-isla', 'role-intake'),
  ('user-isla', 'role-coordinator'),
  ('user-gabriela', 'role-intake'),
  ('user-sw-01', 'role-support-worker'),
  ('user-sw-02', 'role-support-worker'),
  ('user-sw-03', 'role-support-worker'),
  ('user-sw-04', 'role-support-worker'),
  ('user-sw-05', 'role-support-worker'),
  ('user-sw-06', 'role-support-worker'),
  ('user-sw-07', 'role-support-worker'),
  ('user-sw-08', 'role-support-worker'),
  ('user-sw-09', 'role-support-worker'),
  ('user-sw-10', 'role-support-worker')
on conflict do nothing;

delete from public.app_role_window where role_id in ('role-admin', 'role-intake', 'role-coordinator', 'role-support-worker');
insert into public.app_role_window (role_id, window_key)
values
  ('role-admin', 'home'),
  ('role-admin', 'tasks'),
  ('role-admin', 'tasks-assigned-to-me'),
  ('role-admin', 'tasks-for-my-role'),
  ('role-admin', 'tasks-all'),
  ('role-admin', 'tasks-past'),
  ('role-admin', 'enquiries'),
  ('role-admin', 'enquiry-enquiry-details'),
  ('role-admin', 'enquiry-participant'),
  ('role-admin', 'enquiry-support-needs'),
  ('role-admin', 'enquiry-activity'),
  ('role-admin', 'clients'),
  ('role-admin', 'client-overview'),
  ('role-admin', 'client-alerts'),
  ('role-admin', 'client-activity'),
  ('role-admin', 'client-full-profile'),
  ('role-admin', 'client-bp-associations'),
  ('role-admin', 'client-locations'),
  ('role-admin', 'client-incidents'),
  ('role-admin', 'client-requests'),
  ('role-admin', 'client-restrictive-practices'),
  ('role-admin', 'client-consents-and-legal-orders'),
  ('role-admin', 'client-plan-and-assessment'),
  ('role-admin', 'client-support-plan'),
  ('role-admin', 'client-goals'),
  ('role-admin', 'client-progress-review'),
  ('role-admin', 'client-contact-activity'),
  ('role-admin', 'client-risks'),
  ('role-admin', 'client-service-agreements'),
  ('role-admin', 'client-support-receiver-needs-and-rules'),
  ('role-admin', 'incidents'),
  ('role-admin', 'incident-overview'),
  ('role-admin', 'incident-parties-and-links'),
  ('role-admin', 'incident-investigation'),
  ('role-admin', 'incident-notifications'),
  ('role-admin', 'incidents-compliance'),
  ('role-admin', 'incidents-dashboard'),
  ('role-admin', 'locations'),
  ('role-admin', 'location-overview'),
  ('role-admin', 'location-contact-and-address'),
  ('role-admin', 'location-alerts'),
  ('role-admin', 'location-clients'),
  ('role-admin', 'location-employees'),
  ('role-admin', 'location-incidents'),
  ('role-admin', 'location-products-and-services'),
  ('role-admin', 'location-activity'),
  ('role-admin', 'employees'),
  ('role-admin', 'employee-overview'),
  ('role-admin', 'employee-contact'),
  ('role-admin', 'employee-locations'),
  ('role-admin', 'employee-emergency-contacts'),
  ('role-admin', 'employee-employment'),
  ('role-admin', 'employee-work-rights'),
  ('role-admin', 'employee-payroll'),
  ('role-admin', 'employee-leave'),
  ('role-admin', 'employee-incidents'),
  ('role-admin', 'employee-credentials-assigned'),
  ('role-admin', 'employee-alerts'),
  ('role-admin', 'employee-documents'),
  ('role-admin', 'employee-activity'),
  ('role-admin', 'employee-skills'),
  ('role-admin', 'employee-system-access'),
  ('role-admin', 'workforce-planning'),
  ('role-admin', 'workforce-organisation'),
  ('role-admin', 'workforce-org-edit'),
  ('role-admin', 'products'),
  ('role-admin', 'product-overview'),
  ('role-admin', 'product-pricing'),
  ('role-admin', 'price-lists'),
  ('role-admin', 'price-list-overview'),
  ('role-admin', 'price-list-lines'),
  ('role-admin', 'service-agreements'),
  ('role-admin', 'service-agreement-overview'),
  ('role-admin', 'service-agreement-lines'),
  ('role-admin', 'contracts'),
  ('role-admin', 'contract-overview'),
  ('role-admin', 'contract-audit'),
  ('role-admin', 'reports'),
  ('role-admin', 'reports-advance'),
  ('role-admin', 'admin-organization'),
  ('role-admin', 'admin-reference-data'),
  ('role-admin', 'admin-roles'),
  ('role-admin', 'admin-task-management'),
  ('role-admin', 'admin-task-automations'),
  ('role-admin', 'admin-ai-agents'),
  ('role-intake', 'home'),
  ('role-intake', 'reports'),
  ('role-intake', 'tasks'),
  ('role-intake', 'tasks-assigned-to-me'),
  ('role-intake', 'tasks-for-my-role'),
  ('role-intake', 'tasks-all'),
  ('role-intake', 'tasks-past'),
  ('role-intake', 'enquiries'),
  ('role-intake', 'enquiry-enquiry-details'),
  ('role-intake', 'enquiry-participant'),
  ('role-intake', 'enquiry-support-needs'),
  ('role-intake', 'enquiry-activity'),
  ('role-intake', 'clients'),
  ('role-intake', 'client-overview'),
  ('role-intake', 'client-alerts'),
  ('role-intake', 'client-activity'),
  ('role-intake', 'client-full-profile'),
  ('role-intake', 'client-bp-associations'),
  ('role-intake', 'client-locations'),
  ('role-intake', 'client-incidents'),
  ('role-intake', 'client-requests'),
  ('role-intake', 'client-restrictive-practices'),
  ('role-intake', 'client-consents-and-legal-orders'),
  ('role-intake', 'client-plan-and-assessment'),
  ('role-intake', 'client-support-plan'),
  ('role-intake', 'client-goals'),
  ('role-intake', 'client-progress-review'),
  ('role-intake', 'client-contact-activity'),
  ('role-intake', 'client-risks'),
  ('role-intake', 'client-service-agreements'),
  ('role-intake', 'client-support-receiver-needs-and-rules'),
  ('role-intake', 'incidents'),
  ('role-intake', 'incident-overview'),
  ('role-intake', 'incident-parties-and-links'),
  ('role-intake', 'incident-investigation'),
  ('role-intake', 'incident-notifications'),
  ('role-intake', 'incidents-compliance'),
  ('role-intake', 'incidents-dashboard'),
  ('role-intake', 'locations'),
  ('role-intake', 'location-overview'),
  ('role-intake', 'location-contact-and-address'),
  ('role-intake', 'location-alerts'),
  ('role-intake', 'location-clients'),
  ('role-intake', 'location-employees'),
  ('role-intake', 'location-incidents'),
  ('role-intake', 'location-products-and-services'),
  ('role-intake', 'location-activity'),
  ('role-intake', 'employees'),
  ('role-intake', 'employee-overview'),
  ('role-intake', 'employee-incidents'),
  ('role-coordinator', 'home'),
  ('role-coordinator', 'reports'),
  ('role-coordinator', 'tasks'),
  ('role-coordinator', 'tasks-assigned-to-me'),
  ('role-coordinator', 'tasks-for-my-role'),
  ('role-coordinator', 'tasks-all'),
  ('role-coordinator', 'tasks-past'),
  ('role-coordinator', 'workforce-planning'),
  ('role-coordinator', 'workforce-organisation'),
  ('role-coordinator', 'clients'),
  ('role-coordinator', 'client-overview'),
  ('role-coordinator', 'client-alerts'),
  ('role-coordinator', 'client-activity'),
  ('role-coordinator', 'client-full-profile'),
  ('role-coordinator', 'client-bp-associations'),
  ('role-coordinator', 'client-locations'),
  ('role-coordinator', 'client-incidents'),
  ('role-coordinator', 'client-requests'),
  ('role-coordinator', 'client-restrictive-practices'),
  ('role-coordinator', 'client-consents-and-legal-orders'),
  ('role-coordinator', 'client-plan-and-assessment'),
  ('role-coordinator', 'client-support-plan'),
  ('role-coordinator', 'client-goals'),
  ('role-coordinator', 'client-progress-review'),
  ('role-coordinator', 'client-contact-activity'),
  ('role-coordinator', 'client-risks'),
  ('role-coordinator', 'client-service-agreements'),
  ('role-coordinator', 'client-support-receiver-needs-and-rules'),
  ('role-coordinator', 'incidents'),
  ('role-coordinator', 'incident-overview'),
  ('role-coordinator', 'incident-parties-and-links'),
  ('role-coordinator', 'incident-investigation'),
  ('role-coordinator', 'incident-notifications'),
  ('role-coordinator', 'incidents-compliance'),
  ('role-coordinator', 'incidents-dashboard'),
  ('role-coordinator', 'locations'),
  ('role-coordinator', 'location-overview'),
  ('role-coordinator', 'location-contact-and-address'),
  ('role-coordinator', 'location-alerts'),
  ('role-coordinator', 'location-clients'),
  ('role-coordinator', 'location-employees'),
  ('role-coordinator', 'location-incidents'),
  ('role-coordinator', 'location-products-and-services'),
  ('role-coordinator', 'location-activity'),
  ('role-coordinator', 'products'),
  ('role-coordinator', 'product-overview'),
  ('role-coordinator', 'product-pricing'),
  ('role-coordinator', 'price-lists'),
  ('role-coordinator', 'price-list-overview'),
  ('role-coordinator', 'price-list-lines'),
  ('role-coordinator', 'service-agreements'),
  ('role-coordinator', 'service-agreement-overview'),
  ('role-coordinator', 'service-agreement-lines'),
  ('role-coordinator', 'employees'),
  ('role-coordinator', 'employee-overview'),
  ('role-coordinator', 'employee-incidents'),
  ('role-support-worker', 'home'),
  ('role-support-worker', 'reports'),
  ('role-support-worker', 'tasks-assigned-to-me'),
  ('role-support-worker', 'tasks-for-my-role'),
  ('role-support-worker', 'tasks-past'),
  ('role-support-worker', 'workforce-planning'),
  ('role-support-worker', 'clients'),
  ('role-support-worker', 'client-overview'),
  ('role-support-worker', 'client-alerts'),
  ('role-support-worker', 'client-activity'),
  ('role-support-worker', 'client-full-profile'),
  ('role-support-worker', 'client-bp-associations'),
  ('role-support-worker', 'client-locations'),
  ('role-support-worker', 'client-incidents'),
  ('role-support-worker', 'client-requests'),
  ('role-support-worker', 'client-restrictive-practices'),
  ('role-support-worker', 'client-consents-and-legal-orders'),
  ('role-support-worker', 'client-plan-and-assessment'),
  ('role-support-worker', 'client-support-plan'),
  ('role-support-worker', 'client-goals'),
  ('role-support-worker', 'client-progress-review'),
  ('role-support-worker', 'client-contact-activity'),
  ('role-support-worker', 'client-risks'),
  ('role-support-worker', 'client-service-agreements'),
  ('role-support-worker', 'client-support-receiver-needs-and-rules'),
  ('role-support-worker', 'incidents'),
  ('role-support-worker', 'incident-overview'),
  ('role-support-worker', 'incident-parties-and-links'),
  ('role-support-worker', 'incident-investigation'),
  ('role-support-worker', 'incident-notifications'),
  ('role-support-worker', 'incidents-compliance'),
  ('role-support-worker', 'incidents-dashboard'),
  ('role-support-worker', 'locations'),
  ('role-support-worker', 'location-overview'),
  ('role-support-worker', 'location-contact-and-address'),
  ('role-support-worker', 'location-alerts'),
  ('role-support-worker', 'location-clients'),
  ('role-support-worker', 'location-employees'),
  ('role-support-worker', 'location-incidents'),
  ('role-support-worker', 'location-products-and-services'),
  ('role-support-worker', 'location-activity'),
  ('role-support-worker', 'employees'),
  ('role-support-worker', 'employee-overview'),
  ('role-support-worker', 'employee-incidents')
on conflict do nothing;

delete from public.app_role_process where role_id in ('role-admin', 'role-intake', 'role-coordinator', 'role-support-worker');
insert into public.app_role_process (role_id, process_id)
values
  ('role-admin', 'enquiry-to-client'),
  ('role-admin', 'assign-employee-credential'),
  ('role-admin', 'assign-location-client'),
  ('role-admin', 'assign-location-employee'),
  ('role-admin', 'assign-location-product'),
  ('role-admin', 'report-incident'),
  ('role-admin', 'notify-ndis-reportable'),
  ('role-admin', 'assign-task'),
  ('role-admin', 'action-task'),
  ('role-intake', 'enquiry-to-client'),
  ('role-intake', 'assign-location-client'),
  ('role-intake', 'assign-location-employee'),
  ('role-intake', 'assign-location-product'),
  ('role-intake', 'assign-task'),
  ('role-intake', 'action-task'),
  ('role-intake', 'report-incident'),
  ('role-intake', 'notify-ndis-reportable'),
  ('role-coordinator', 'assign-location-client'),
  ('role-coordinator', 'assign-location-employee'),
  ('role-coordinator', 'assign-location-product'),
  ('role-coordinator', 'assign-task'),
  ('role-coordinator', 'action-task'),
  ('role-coordinator', 'report-incident'),
  ('role-coordinator', 'notify-ndis-reportable'),
  ('role-support-worker', 'assign-task'),
  ('role-support-worker', 'action-task'),
  ('role-support-worker', 'report-incident'),
  ('role-support-worker', 'assign-location-employee')
on conflict do nothing;

delete from public.app_role_report where role_id in ('role-admin', 'role-intake', 'role-coordinator', 'role-support-worker');
insert into public.app_role_report (role_id, report_id)
values
  ('role-admin', 'client-register'),
  ('role-admin', 'enquiry-register'),
  ('role-admin', 'location-register'),
  ('role-admin', 'employee-register'),
  ('role-admin', 'tasks-all'),
  ('role-admin', 'incident-register'),
  ('role-admin', 'ndis-reportable-incidents'),
  ('role-admin', 'incident-compliance-digest'),
  ('role-intake', 'client-register'),
  ('role-intake', 'enquiry-register'),
  ('role-intake', 'location-register'),
  ('role-intake', 'tasks-all'),
  ('role-intake', 'incident-register'),
  ('role-intake', 'ndis-reportable-incidents'),
  ('role-coordinator', 'client-register'),
  ('role-coordinator', 'location-register'),
  ('role-coordinator', 'tasks-all'),
  ('role-coordinator', 'incident-register'),
  ('role-coordinator', 'ndis-reportable-incidents'),
  ('role-support-worker', 'tasks-all'),
  ('role-support-worker', 'location-register'),
  ('role-support-worker', 'incident-register')
on conflict do nothing;

delete from public.app_role_task_type where role_id in ('role-admin', 'role-intake', 'role-coordinator', 'role-support-worker');
insert into public.app_role_task_type (role_id, task_type_id, can_see, can_select, can_create)
values
  ('role-admin', 'tt-review', true, true, true),
  ('role-admin', 'tt-approve', true, true, true),
  ('role-admin', 'tt-check', true, true, true),
  ('role-admin', 'tt-develop', true, true, true),
  ('role-admin', 'tt-decide', true, true, true),
  ('role-admin', 'tt-other', true, true, true),
  ('role-intake', 'tt-review', true, true, true),
  ('role-intake', 'tt-check', true, true, true),
  ('role-intake', 'tt-develop', true, true, true),
  ('role-intake', 'tt-other', true, true, true),
  ('role-coordinator', 'tt-review', true, true, true),
  ('role-coordinator', 'tt-approve', true, true, true),
  ('role-coordinator', 'tt-check', true, true, true),
  ('role-coordinator', 'tt-decide', true, true, true),
  ('role-support-worker', 'tt-check', true, true, true),
  ('role-support-worker', 'tt-other', true, true, true),
  ('role-support-worker', 'tt-review', true, true, true)
on conflict (role_id, task_type_id) do update set
  can_see = excluded.can_see, can_select = excluded.can_select, can_create = excluded.can_create;