-- Bulk client seed — 20 rich dummy clients (one-off data dump)
-- Generate: npm run supabase:seed-clients-bulk
-- Apply: npx supabase db query --linked -f supabase/seed-clients-bulk.sql

delete from public.app_task where id like 'task-bulk-%';
delete from public.incident_action where id like 'ia-bulk-%';
delete from public.incident_party where id like 'ip-bulk-%';
delete from public.incident where id like 'inc-bulk-%';
delete from public.service_booking_line where id like 'sbl-bulk-%';
delete from public.service_booking where id like 'sb-bulk-%';
delete from public.service_agreement_line where id like 'sal-bulk-%';
delete from public.service_agreement where id like 'sa-bulk-%';
delete from public.contract_audit where id like 'aud-bulk-%';
delete from public.contract where id like 'ctr-bulk-%';
delete from public.support_plan_goal_progress_review where id like 'pr-bulk-%';
delete from public.support_plan_goal where id like 'goal-bulk-%';
delete from public.plan_assessment_document where id like 'pad-bulk-%';
delete from public.support_plan where id like 'sp-bulk-%';
delete from public.support_location_client where id like 'loc-cli-bulk-%';
delete from public.client_restrictive_practice where id like 'rp-bulk-%';
delete from public.client_consent where id like 'consent-bulk-%';
delete from public.client_risk where id like 'risk-bulk-%';
delete from public.client_bp_association where id like 'bpa-bulk-%';
delete from public.client_contact_activity where id like 'cact-bulk-%';
delete from public.client_support_receiver_need_rule where id like 'need-bulk-%';
delete from public.client_alert where id like 'alert-bulk-%';
delete from public.client_activity where id like 'act-bulk-%';
delete from public.client_location where id like 'cloc-bulk-%';
delete from public.client where id like 'bp-bulk-%';
delete from public.enquiry_activity where id like 'ea-bulk-%';
delete from public.enquiry where id between '1000201' and '1000220';

insert into public.enquiry (id, document_no, date_received, date_next_action, status, first_name, last_name, funding_body, disability, services, is_enquiry_for_self, third_party_consent, relationship_type, phone, email, birthday, gender, preferred_communication_method, bp_name, enquiry_source, description, outcome, additional_disability_information, other, created_by, updated_by)
values
  ('1000201', '1000201', '2022-12-25', '2023-01-08', '4_Converted', 'Noah', 'Brown', 'DSOA - Disability Support for Older Australians', 'ID - Autism', 'Supported Independent Living; Assistance with Daily Life', 'Yes', 'Received', '', '', '', null, '', 'Phone Call', '', 'Website', 'Initial enquiry for Supported Independent Living; Assistance with Daily Life. Family requested intake assessment and SIL/day program options.', 'Converted to client NOBR01 on 2023-01-08.', '', '', 'Gabriela Wilson', 'SuperUser'),
  ('1000202', '1000202', '2023-01-08', '2023-01-22', '4_Converted', 'Mia', 'Taylor', 'Commonwealth Home Support Programme (CHSP)', 'ID - Down Syndrome', 'Short Term Accommodation; Community Access', 'Yes', 'Received', '', '', '', null, '', 'Phone Call', '', 'Phone Call', 'Initial enquiry for Short Term Accommodation; Community Access. Family requested intake assessment and SIL/day program options.', 'Converted to client MITA02 on 2023-01-22.', '', '', 'Oliver Williams', 'SuperUser'),
  ('1000203', '1000203', '2023-01-22', '2023-02-05', '4_Converted', 'Liam', 'Anderson', 'NDIS - National Disability Insurance Scheme', 'SD - Hearing Impairment', 'Day Program; Transport; Skills Development', 'Yes', 'Received', '', '', '', null, '', 'Phone Call', '', 'GP referral', 'Initial enquiry for Day Program; Transport; Skills Development. Family requested intake assessment and SIL/day program options.', 'Converted to client LIAN03 on 2023-02-05.', '', '', 'Rose Dash', 'SuperUser'),
  ('1000204', '1000204', '2023-02-05', '2023-02-19', '4_Converted', 'Zoe', 'Thomas', 'DSOA - Disability Support for Older Australians', 'PD - Stroke', 'Respite; Personal Care; Household Tasks', 'Yes', 'Received', '', '', '', null, '', 'Phone Call', '', 'Referral', 'Initial enquiry for Respite; Personal Care; Household Tasks. Family requested intake assessment and SIL/day program options.', 'Converted to client ZOTH04 on 2023-02-19.', '', '', 'Isla Robinson', 'SuperUser'),
  ('1000205', '1000205', '2023-02-19', '2023-03-05', '4_Converted', 'Ethan', 'Jackson', 'Commonwealth Home Support Programme (CHSP)', 'ID - Developmental Delay', 'Assistance with Self Care Activities; Community Participation', 'Yes', 'Received', '', '', '', null, '', 'Phone Call', '', 'Website', 'Initial enquiry for Assistance with Self Care Activities; Community Participation. Family requested intake assessment and SIL/day program options.', 'Converted to client ETJA05 on 2023-03-05.', '', '', 'Gabriela Wilson', 'SuperUser'),
  ('1000206', '1000206', '2023-03-05', '2023-03-19', '4_Converted', 'Chloe', 'White', 'NDIS - National Disability Insurance Scheme', 'PD - Spinal Cord Injury', 'Supported Independent Living; Assistance with Daily Life', 'Yes', 'Received', '', '', '', null, '', 'Phone Call', '', 'Phone Call', 'Initial enquiry for Supported Independent Living; Assistance with Daily Life. Family requested intake assessment and SIL/day program options.', 'Converted to client CHWH06 on 2023-03-19.', '', '', 'Oliver Williams', 'SuperUser'),
  ('1000207', '1000207', '2023-03-19', '2023-04-02', '4_Converted', 'Mason', 'Harris', 'DSOA - Disability Support for Older Australians', 'PD - Acquired Brain Injury', 'Short Term Accommodation; Community Access', 'Yes', 'Received', '', '', '', null, '', 'Phone Call', '', 'GP referral', 'Initial enquiry for Short Term Accommodation; Community Access. Family requested intake assessment and SIL/day program options.', 'Converted to client MAHA07 on 2023-04-02.', '', '', 'Rose Dash', 'SuperUser'),
  ('1000208', '1000208', '2023-04-02', '2023-04-16', '4_Converted', 'Ruby', 'Martin', 'Commonwealth Home Support Programme (CHSP)', 'PD - Multiple Sclerosis', 'Day Program; Transport; Skills Development', 'Yes', 'Received', '', '', '', null, '', 'Phone Call', '', 'Referral', 'Initial enquiry for Day Program; Transport; Skills Development. Family requested intake assessment and SIL/day program options.', 'Converted to client RUMA08 on 2023-04-16.', '', '', 'Isla Robinson', 'SuperUser'),
  ('1000209', '1000209', '2023-04-16', '2023-04-30', '4_Converted', 'Lucas', 'Thompson', 'NDIS - National Disability Insurance Scheme', 'ID - Autism', 'Respite; Personal Care; Household Tasks', 'Yes', 'Received', '', '', '', null, '', 'Phone Call', '', 'Website', 'Initial enquiry for Respite; Personal Care; Household Tasks. Family requested intake assessment and SIL/day program options.', 'Converted to client LUTH09 on 2023-04-30.', '', '', 'Gabriela Wilson', 'SuperUser'),
  ('1000210', '1000210', '2023-04-30', '2023-05-14', '4_Converted', 'Grace', 'Garcia', 'DSOA - Disability Support for Older Australians', 'ID - Down Syndrome', 'Assistance with Self Care Activities; Community Participation', 'Yes', 'Received', '', '', '', null, '', 'Phone Call', '', 'Phone Call', 'Initial enquiry for Assistance with Self Care Activities; Community Participation. Family requested intake assessment and SIL/day program options.', 'Converted to client GRGA10 on 2023-05-14.', '', '', 'Oliver Williams', 'SuperUser'),
  ('1000211', '1000211', '2023-05-14', '2023-05-28', '4_Converted', 'Henry', 'Robinson', 'Commonwealth Home Support Programme (CHSP)', 'SD - Hearing Impairment', 'Supported Independent Living; Assistance with Daily Life', 'Yes', 'Received', '', '', '', null, '', 'Phone Call', '', 'GP referral', 'Initial enquiry for Supported Independent Living; Assistance with Daily Life. Family requested intake assessment and SIL/day program options.', 'Converted to client HERO11 on 2023-05-28.', '', '', 'Rose Dash', 'SuperUser'),
  ('1000212', '1000212', '2023-05-28', '2023-06-11', '4_Converted', 'Ella', 'Clark', 'NDIS - National Disability Insurance Scheme', 'PD - Stroke', 'Short Term Accommodation; Community Access', 'Yes', 'Received', '', '', '', null, '', 'Phone Call', '', 'Referral', 'Initial enquiry for Short Term Accommodation; Community Access. Family requested intake assessment and SIL/day program options.', 'Converted to client ELCL12 on 2023-06-11.', '', '', 'Isla Robinson', 'SuperUser'),
  ('1000213', '1000213', '2023-06-11', '2023-06-25', '4_Converted', 'Jack', 'Lewis', 'DSOA - Disability Support for Older Australians', 'ID - Developmental Delay', 'Day Program; Transport; Skills Development', 'Yes', 'Received', '', '', '', null, '', 'Phone Call', '', 'Website', 'Initial enquiry for Day Program; Transport; Skills Development. Family requested intake assessment and SIL/day program options.', 'Converted to client JALE13 on 2023-06-25.', '', '', 'Gabriela Wilson', 'SuperUser'),
  ('1000214', '1000214', '2023-06-25', '2023-07-09', '4_Converted', 'Sophie', 'Lee', 'Commonwealth Home Support Programme (CHSP)', 'PD - Spinal Cord Injury', 'Respite; Personal Care; Household Tasks', 'Yes', 'Received', '', '', '', null, '', 'Phone Call', '', 'Phone Call', 'Initial enquiry for Respite; Personal Care; Household Tasks. Family requested intake assessment and SIL/day program options.', 'Converted to client SOLE14 on 2023-07-09.', '', '', 'Oliver Williams', 'SuperUser'),
  ('1000215', '1000215', '2023-07-09', '2023-07-23', '4_Converted', 'Levi', 'Walker', 'NDIS - National Disability Insurance Scheme', 'PD - Acquired Brain Injury', 'Assistance with Self Care Activities; Community Participation', 'Yes', 'Received', '', '', '', null, '', 'Phone Call', '', 'GP referral', 'Initial enquiry for Assistance with Self Care Activities; Community Participation. Family requested intake assessment and SIL/day program options.', 'Converted to client LEWA15 on 2023-07-23.', '', '', 'Rose Dash', 'SuperUser'),
  ('1000216', '1000216', '2023-07-23', '2023-08-06', '4_Converted', 'Amelia', 'Hall', 'DSOA - Disability Support for Older Australians', 'PD - Multiple Sclerosis', 'Supported Independent Living; Assistance with Daily Life', 'Yes', 'Received', '', '', '', null, '', 'Phone Call', '', 'Referral', 'Initial enquiry for Supported Independent Living; Assistance with Daily Life. Family requested intake assessment and SIL/day program options.', 'Converted to client AMHA16 on 2023-08-06.', '', '', 'Isla Robinson', 'SuperUser'),
  ('1000217', '1000217', '2023-08-06', '2023-08-20', '4_Converted', 'Oscar', 'Nguyen', 'Commonwealth Home Support Programme (CHSP)', 'ID - Autism', 'Short Term Accommodation; Community Access', 'Yes', 'Received', '', '', '', null, '', 'Phone Call', '', 'Website', 'Initial enquiry for Short Term Accommodation; Community Access. Family requested intake assessment and SIL/day program options.', 'Converted to client OSNG17 on 2023-08-20.', '', '', 'Gabriela Wilson', 'SuperUser'),
  ('1000218', '1000218', '2023-08-20', '2023-09-03', '4_Converted', 'Harper', 'Patel', 'NDIS - National Disability Insurance Scheme', 'ID - Down Syndrome', 'Day Program; Transport; Skills Development', 'Yes', 'Received', '', '', '', null, '', 'Phone Call', '', 'Phone Call', 'Initial enquiry for Day Program; Transport; Skills Development. Family requested intake assessment and SIL/day program options.', 'Converted to client HAPA18 on 2023-09-03.', '', '', 'Oliver Williams', 'SuperUser'),
  ('1000219', '1000219', '2023-09-03', '2023-09-17', '4_Converted', 'Finn', 'Murphy', 'DSOA - Disability Support for Older Australians', 'SD - Hearing Impairment', 'Respite; Personal Care; Household Tasks', 'Yes', 'Received', '', '', '', null, '', 'Phone Call', '', 'GP referral', 'Initial enquiry for Respite; Personal Care; Household Tasks. Family requested intake assessment and SIL/day program options.', 'Converted to client FIMU19 on 2023-09-17.', '', '', 'Rose Dash', 'SuperUser'),
  ('1000220', '1000220', '2023-09-17', '2023-10-01', '4_Converted', 'Ava', 'Singh', 'Commonwealth Home Support Programme (CHSP)', 'PD - Stroke', 'Assistance with Self Care Activities; Community Participation', 'Yes', 'Received', '', '', '', null, '', 'Phone Call', '', 'Referral', 'Initial enquiry for Assistance with Self Care Activities; Community Participation. Family requested intake assessment and SIL/day program options.', 'Converted to client AVSI20 on 2023-10-01.', '', '', 'Isla Robinson', 'SuperUser')
on conflict (id) do update set
  document_no = excluded.document_no,
  date_received = excluded.date_received,
  date_next_action = excluded.date_next_action,
  status = excluded.status,
  first_name = excluded.first_name,
  last_name = excluded.last_name,
  funding_body = excluded.funding_body,
  disability = excluded.disability,
  services = excluded.services,
  is_enquiry_for_self = excluded.is_enquiry_for_self,
  third_party_consent = excluded.third_party_consent,
  relationship_type = excluded.relationship_type,
  phone = excluded.phone,
  email = excluded.email,
  birthday = excluded.birthday,
  gender = excluded.gender,
  preferred_communication_method = excluded.preferred_communication_method,
  bp_name = excluded.bp_name,
  enquiry_source = excluded.enquiry_source,
  description = excluded.description,
  outcome = excluded.outcome,
  additional_disability_information = excluded.additional_disability_information,
  other = excluded.other,
  created_by = excluded.created_by,
  updated_by = excluded.updated_by;

insert into public.enquiry_activity (id, enquiry_id, line_no, activity_date, activity_type, subject, description, created_by)
values
  ('ea-bulk-01-1', '1000201', 1, '2022-12-25', 'Phone call', 'Initial intake call', 'Noah and family discussed support needs, funding, and preferred location (Glenelg).', 'Gabriela Wilson'),
  ('ea-bulk-01-2', '1000201', 2, '2023-01-08', 'Meeting', 'Convert to client', 'Enquiry converted. Client record NOBR01 created. Service agreement draft started.', 'Gabriela Wilson'),
  ('ea-bulk-02-1', '1000202', 1, '2023-01-08', 'Phone call', 'Initial intake call', 'Mia and family discussed support needs, funding, and preferred location (Adelaide).', 'Oliver Williams'),
  ('ea-bulk-02-2', '1000202', 2, '2023-01-22', 'Meeting', 'Convert to client', 'Enquiry converted. Client record MITA02 created. Service agreement draft started.', 'Oliver Williams'),
  ('ea-bulk-03-1', '1000203', 1, '2023-01-22', 'Phone call', 'Initial intake call', 'Liam and family discussed support needs, funding, and preferred location (Salisbury).', 'Rose Dash'),
  ('ea-bulk-03-2', '1000203', 2, '2023-02-05', 'Meeting', 'Convert to client', 'Enquiry converted. Client record LIAN03 created. Service agreement draft started.', 'Rose Dash'),
  ('ea-bulk-04-1', '1000204', 1, '2023-02-05', 'Phone call', 'Initial intake call', 'Zoe and family discussed support needs, funding, and preferred location (Brighton).', 'Isla Robinson'),
  ('ea-bulk-04-2', '1000204', 2, '2023-02-19', 'Meeting', 'Convert to client', 'Enquiry converted. Client record ZOTH04 created. Service agreement draft started.', 'Isla Robinson'),
  ('ea-bulk-05-1', '1000205', 1, '2023-02-19', 'Phone call', 'Initial intake call', 'Ethan and family discussed support needs, funding, and preferred location (Murray Bridge).', 'Gabriela Wilson'),
  ('ea-bulk-05-2', '1000205', 2, '2023-03-05', 'Meeting', 'Convert to client', 'Enquiry converted. Client record ETJA05 created. Service agreement draft started.', 'Gabriela Wilson'),
  ('ea-bulk-06-1', '1000206', 1, '2023-03-05', 'Phone call', 'Initial intake call', 'Chloe and family discussed support needs, funding, and preferred location (Glenelg).', 'Oliver Williams'),
  ('ea-bulk-06-2', '1000206', 2, '2023-03-19', 'Meeting', 'Convert to client', 'Enquiry converted. Client record CHWH06 created. Service agreement draft started.', 'Oliver Williams'),
  ('ea-bulk-07-1', '1000207', 1, '2023-03-19', 'Phone call', 'Initial intake call', 'Mason and family discussed support needs, funding, and preferred location (Adelaide).', 'Rose Dash'),
  ('ea-bulk-07-2', '1000207', 2, '2023-04-02', 'Meeting', 'Convert to client', 'Enquiry converted. Client record MAHA07 created. Service agreement draft started.', 'Rose Dash'),
  ('ea-bulk-08-1', '1000208', 1, '2023-04-02', 'Phone call', 'Initial intake call', 'Ruby and family discussed support needs, funding, and preferred location (Salisbury).', 'Isla Robinson'),
  ('ea-bulk-08-2', '1000208', 2, '2023-04-16', 'Meeting', 'Convert to client', 'Enquiry converted. Client record RUMA08 created. Service agreement draft started.', 'Isla Robinson'),
  ('ea-bulk-09-1', '1000209', 1, '2023-04-16', 'Phone call', 'Initial intake call', 'Lucas and family discussed support needs, funding, and preferred location (Brighton).', 'Gabriela Wilson'),
  ('ea-bulk-09-2', '1000209', 2, '2023-04-30', 'Meeting', 'Convert to client', 'Enquiry converted. Client record LUTH09 created. Service agreement draft started.', 'Gabriela Wilson'),
  ('ea-bulk-10-1', '1000210', 1, '2023-04-30', 'Phone call', 'Initial intake call', 'Grace and family discussed support needs, funding, and preferred location (Murray Bridge).', 'Oliver Williams'),
  ('ea-bulk-10-2', '1000210', 2, '2023-05-14', 'Meeting', 'Convert to client', 'Enquiry converted. Client record GRGA10 created. Service agreement draft started.', 'Oliver Williams'),
  ('ea-bulk-11-1', '1000211', 1, '2023-05-14', 'Phone call', 'Initial intake call', 'Henry and family discussed support needs, funding, and preferred location (Glenelg).', 'Rose Dash'),
  ('ea-bulk-11-2', '1000211', 2, '2023-05-28', 'Meeting', 'Convert to client', 'Enquiry converted. Client record HERO11 created. Service agreement draft started.', 'Rose Dash'),
  ('ea-bulk-12-1', '1000212', 1, '2023-05-28', 'Phone call', 'Initial intake call', 'Ella and family discussed support needs, funding, and preferred location (Adelaide).', 'Isla Robinson'),
  ('ea-bulk-12-2', '1000212', 2, '2023-06-11', 'Meeting', 'Convert to client', 'Enquiry converted. Client record ELCL12 created. Service agreement draft started.', 'Isla Robinson'),
  ('ea-bulk-13-1', '1000213', 1, '2023-06-11', 'Phone call', 'Initial intake call', 'Jack and family discussed support needs, funding, and preferred location (Salisbury).', 'Gabriela Wilson'),
  ('ea-bulk-13-2', '1000213', 2, '2023-06-25', 'Meeting', 'Convert to client', 'Enquiry converted. Client record JALE13 created. Service agreement draft started.', 'Gabriela Wilson'),
  ('ea-bulk-14-1', '1000214', 1, '2023-06-25', 'Phone call', 'Initial intake call', 'Sophie and family discussed support needs, funding, and preferred location (Brighton).', 'Oliver Williams'),
  ('ea-bulk-14-2', '1000214', 2, '2023-07-09', 'Meeting', 'Convert to client', 'Enquiry converted. Client record SOLE14 created. Service agreement draft started.', 'Oliver Williams'),
  ('ea-bulk-15-1', '1000215', 1, '2023-07-09', 'Phone call', 'Initial intake call', 'Levi and family discussed support needs, funding, and preferred location (Murray Bridge).', 'Rose Dash'),
  ('ea-bulk-15-2', '1000215', 2, '2023-07-23', 'Meeting', 'Convert to client', 'Enquiry converted. Client record LEWA15 created. Service agreement draft started.', 'Rose Dash'),
  ('ea-bulk-16-1', '1000216', 1, '2023-07-23', 'Phone call', 'Initial intake call', 'Amelia and family discussed support needs, funding, and preferred location (Glenelg).', 'Isla Robinson'),
  ('ea-bulk-16-2', '1000216', 2, '2023-08-06', 'Meeting', 'Convert to client', 'Enquiry converted. Client record AMHA16 created. Service agreement draft started.', 'Isla Robinson'),
  ('ea-bulk-17-1', '1000217', 1, '2023-08-06', 'Phone call', 'Initial intake call', 'Oscar and family discussed support needs, funding, and preferred location (Adelaide).', 'Gabriela Wilson'),
  ('ea-bulk-17-2', '1000217', 2, '2023-08-20', 'Meeting', 'Convert to client', 'Enquiry converted. Client record OSNG17 created. Service agreement draft started.', 'Gabriela Wilson'),
  ('ea-bulk-18-1', '1000218', 1, '2023-08-20', 'Phone call', 'Initial intake call', 'Harper and family discussed support needs, funding, and preferred location (Salisbury).', 'Oliver Williams'),
  ('ea-bulk-18-2', '1000218', 2, '2023-09-03', 'Meeting', 'Convert to client', 'Enquiry converted. Client record HAPA18 created. Service agreement draft started.', 'Oliver Williams'),
  ('ea-bulk-19-1', '1000219', 1, '2023-09-03', 'Phone call', 'Initial intake call', 'Finn and family discussed support needs, funding, and preferred location (Brighton).', 'Rose Dash'),
  ('ea-bulk-19-2', '1000219', 2, '2023-09-17', 'Meeting', 'Convert to client', 'Enquiry converted. Client record FIMU19 created. Service agreement draft started.', 'Rose Dash'),
  ('ea-bulk-20-1', '1000220', 1, '2023-09-17', 'Phone call', 'Initial intake call', 'Ava and family discussed support needs, funding, and preferred location (Murray Bridge).', 'Isla Robinson'),
  ('ea-bulk-20-2', '1000220', 2, '2023-10-01', 'Meeting', 'Convert to client', 'Enquiry converted. Client record AVSI20 created. Service agreement draft started.', 'Isla Robinson')
on conflict (id) do update set
  enquiry_id = excluded.enquiry_id,
  line_no = excluded.line_no,
  activity_date = excluded.activity_date,
  activity_type = excluded.activity_type,
  subject = excluded.subject,
  description = excluded.description,
  created_by = excluded.created_by;

insert into public.client (id, enquiry_id, search_key, business_partner_group, name, risk_alerts, consent_alert_list, first_name, preferred_name, last_name, middle_name, email, phone, status, birthday, is_estimated_age, gender, decision_making, lgbtiqa, living_arrangement, sales_representative, services, funding_body, funding_body_number, transitioned_to_pace, date_support_commencement, date_support_ceased, aboriginal_torres_strait_islander, cultural_affiliation, disability, additional_disability_information, created_by, updated_by)
values
  ('bp-bulk-01', '1000201', 'NOBR01', 'Client', 'Noah Brown', 'Epilepsy — seizure plan', 'Consent-NDIS portal consent', 'Noah', 'Noah', 'Brown', '', 'noah.brown@example.local', '08 8201 1001', 'Active', '1986-02-02', false, 'Male', 'Shared decision making', '', 'Lives with Family', 'AbilityAPP', 'Supported Independent Living; Assistance with Daily Life', 'DSOA - Disability Support for Older Australians', '', null, '2023-01-15', null, 'Aboriginal', 'Italian', 'ID - Autism', 'Primary diagnosis: ID - Autism. Additional notes in support plan 1000301.', 'Gabriela Wilson', 'SuperUser'),
  ('bp-bulk-02', '1000202', 'MITA02', 'Client', 'Mia Taylor', 'Fall risk — mobility aid', 'Consent-GP information release', 'Mia', 'Mia', 'Taylor', '', 'mia.taylor@example.local', '08 8202 1002', 'Active', '1987-03-03', false, 'Non-binary', 'Guardian appointed', '', 'Lives with Friends/Housemates', 'AbilityAPP', 'Short Term Accommodation; Community Access', 'Commonwealth Home Support Programme (CHSP)', '', null, '2023-01-29', null, 'Torres Strait Islander', 'Vietnamese', 'ID - Down Syndrome', 'Primary diagnosis: ID - Down Syndrome. Additional notes in support plan 1000302.', 'Oliver Williams', 'SuperUser'),
  ('bp-bulk-03', '1000203', 'LIAN03', 'Client', 'Liam Anderson', 'Choking risk — texture modified', 'Consent-Photo consent on file', 'Liam', 'Liam', 'Anderson', '', 'liam.anderson@example.local', '08 8203 1003', 'Active', '1988-04-04', false, 'Prefer not to say', 'Independent', '', 'Lives Alone', 'AbilityAPP', 'Day Program; Transport; Skills Development', 'NDIS - National Disability Insurance Scheme', '431023757', '2023-08-31', '2023-02-12', null, 'Both', 'Greek', 'SD - Hearing Impairment', 'Primary diagnosis: SD - Hearing Impairment. Additional notes in support plan 1000303.', 'Rose Dash', 'SuperUser'),
  ('bp-bulk-04', '1000204', 'ZOTH04', 'Client', 'Zoe Thomas', 'Latex allergy; Medication administration', 'Consent-NDIS portal consent', 'Zoe', 'Zoe', 'Thomas', '', 'zoe.thomas@example.local', '08 8204 1004', 'Active', '1989-05-05', false, 'Female', 'Shared decision making', '', 'Lives with Family', 'AbilityAPP', 'Respite; Personal Care; Household Tasks', 'DSOA - Disability Support for Older Australians', '', null, '2023-02-26', null, 'Prefer not to say', 'Lebanese', 'PD - Stroke', 'Primary diagnosis: PD - Stroke. Additional notes in support plan 1000304.', 'Isla Robinson', 'SuperUser'),
  ('bp-bulk-05', '1000205', 'ETJA05', 'Client', 'Ethan Jackson', 'Epilepsy — seizure plan', 'Consent-GP information release', 'Ethan', 'Ethan', 'Jackson', '', 'ethan.jackson@example.local', '08 8205 1005', 'Active', '1990-06-06', false, 'Male', 'Guardian appointed', '', 'Lives with Friends/Housemates', 'AbilityAPP', 'Assistance with Self Care Activities; Community Participation', 'Commonwealth Home Support Programme (CHSP)', '', null, '2023-03-12', null, 'No', 'None specified', 'ID - Developmental Delay', 'Primary diagnosis: ID - Developmental Delay. Additional notes in support plan 1000305.', 'Gabriela Wilson', 'SuperUser'),
  ('bp-bulk-06', '1000206', 'CHWH06', 'Client', 'Chloe White', 'Fall risk — mobility aid', 'Consent-Photo consent on file', 'Chloe', 'Chloe', 'White', '', 'chloe.white@example.local', '08 8206 1006', 'Active', '1991-07-07', false, 'Non-binary', 'Independent', '', 'Lives Alone', 'AbilityAPP', 'Supported Independent Living; Assistance with Daily Life', 'NDIS - National Disability Insurance Scheme', '431047514', '2023-10-12', '2023-03-26', null, 'Aboriginal', 'Italian', 'PD - Spinal Cord Injury', 'Primary diagnosis: PD - Spinal Cord Injury. Additional notes in support plan 1000306.', 'Oliver Williams', 'SuperUser'),
  ('bp-bulk-07', '1000207', 'MAHA07', 'Client', 'Mason Harris', 'Choking risk — texture modified', 'Consent-NDIS portal consent', 'Mason', 'Mason', 'Harris', '', 'mason.harris@example.local', '08 8207 1007', 'Active', '1992-08-08', false, 'Prefer not to say', 'Shared decision making', '', 'Lives with Family', 'AbilityAPP', 'Short Term Accommodation; Community Access', 'DSOA - Disability Support for Older Australians', '', null, '2023-04-09', null, 'Torres Strait Islander', 'Vietnamese', 'PD - Acquired Brain Injury', 'Primary diagnosis: PD - Acquired Brain Injury. Additional notes in support plan 1000307.', 'Rose Dash', 'SuperUser'),
  ('bp-bulk-08', '1000208', 'RUMA08', 'Client', 'Ruby Martin', 'Latex allergy; Medication administration', 'Consent-GP information release', 'Ruby', 'Ruby', 'Martin', '', 'ruby.martin@example.local', '08 8208 1008', 'Active', '1993-09-09', false, 'Female', 'Guardian appointed', '', 'Lives with Friends/Housemates', 'AbilityAPP', 'Day Program; Transport; Skills Development', 'Commonwealth Home Support Programme (CHSP)', '', null, '2023-04-23', null, 'Both', 'Greek', 'PD - Multiple Sclerosis', 'Primary diagnosis: PD - Multiple Sclerosis. Additional notes in support plan 1000308.', 'Isla Robinson', 'SuperUser'),
  ('bp-bulk-09', '1000209', 'LUTH09', 'Client', 'Lucas Thompson', 'Epilepsy — seizure plan', 'Consent-Photo consent on file', 'Lucas', 'Lucas', 'Thompson', '', 'lucas.thompson@example.local', '08 8209 1009', 'Active', '1994-10-10', false, 'Male', 'Independent', '', 'Lives Alone', 'AbilityAPP', 'Respite; Personal Care; Household Tasks', 'NDIS - National Disability Insurance Scheme', '431071271', '2023-11-23', '2023-05-07', null, 'Prefer not to say', 'Lebanese', 'ID - Autism', 'Primary diagnosis: ID - Autism. Additional notes in support plan 1000309.', 'Gabriela Wilson', 'SuperUser'),
  ('bp-bulk-10', '1000210', 'GRGA10', 'Client', 'Grace Garcia', 'Fall risk — mobility aid', 'Consent-NDIS portal consent', 'Grace', 'Grace', 'Garcia', '', 'grace.garcia@example.local', '08 8210 1010', 'Active', '1995-11-11', false, 'Non-binary', 'Shared decision making', '', 'Lives with Family', 'AbilityAPP', 'Assistance with Self Care Activities; Community Participation', 'DSOA - Disability Support for Older Australians', '', null, '2023-05-21', null, 'No', 'None specified', 'ID - Down Syndrome', 'Primary diagnosis: ID - Down Syndrome. Additional notes in support plan 1000310.', 'Oliver Williams', 'SuperUser'),
  ('bp-bulk-11', '1000211', 'HERO11', 'Client', 'Henry Robinson', 'Choking risk — texture modified', 'Consent-GP information release', 'Henry', 'Henry', 'Robinson', '', 'henry.robinson@example.local', '08 8211 1011', 'Active', '1996-12-12', false, 'Prefer not to say', 'Guardian appointed', '', 'Lives with Friends/Housemates', 'AbilityAPP', 'Supported Independent Living; Assistance with Daily Life', 'Commonwealth Home Support Programme (CHSP)', '', null, '2023-06-04', null, 'Aboriginal', 'Italian', 'SD - Hearing Impairment', 'Primary diagnosis: SD - Hearing Impairment. Additional notes in support plan 1000311.', 'Rose Dash', 'SuperUser'),
  ('bp-bulk-12', '1000212', 'ELCL12', 'Client', 'Ella Clark', 'Latex allergy; Medication administration', 'Consent-Photo consent on file', 'Ella', 'Ella', 'Clark', '', 'ella.clark@example.local', '08 8212 1012', 'Active', '1997-01-13', false, 'Female', 'Independent', '', 'Lives Alone', 'AbilityAPP', 'Short Term Accommodation; Community Access', 'NDIS - National Disability Insurance Scheme', '431095028', '2024-01-04', '2023-06-18', null, 'Torres Strait Islander', 'Vietnamese', 'PD - Stroke', 'Primary diagnosis: PD - Stroke. Additional notes in support plan 1000312.', 'Isla Robinson', 'SuperUser'),
  ('bp-bulk-13', '1000213', 'JALE13', 'Client', 'Jack Lewis', 'Epilepsy — seizure plan', 'Consent-NDIS portal consent', 'Jack', 'Jack', 'Lewis', '', 'jack.lewis@example.local', '08 8213 1013', 'Active', '1998-02-14', false, 'Male', 'Shared decision making', '', 'Lives with Family', 'AbilityAPP', 'Day Program; Transport; Skills Development', 'DSOA - Disability Support for Older Australians', '', null, '2023-07-02', null, 'Both', 'Greek', 'ID - Developmental Delay', 'Primary diagnosis: ID - Developmental Delay. Additional notes in support plan 1000313.', 'Gabriela Wilson', 'SuperUser'),
  ('bp-bulk-14', '1000214', 'SOLE14', 'Client', 'Sophie Lee', 'Fall risk — mobility aid', 'Consent-GP information release', 'Sophie', 'Sophie', 'Lee', '', 'sophie.lee@example.local', '08 8214 1014', 'Active', '1999-03-15', false, 'Non-binary', 'Guardian appointed', '', 'Lives with Friends/Housemates', 'AbilityAPP', 'Respite; Personal Care; Household Tasks', 'Commonwealth Home Support Programme (CHSP)', '', null, '2023-07-16', null, 'Prefer not to say', 'Lebanese', 'PD - Spinal Cord Injury', 'Primary diagnosis: PD - Spinal Cord Injury. Additional notes in support plan 1000314.', 'Oliver Williams', 'SuperUser'),
  ('bp-bulk-15', '1000215', 'LEWA15', 'Client', 'Levi Walker', 'Choking risk — texture modified', 'Consent-Photo consent on file', 'Levi', 'Levi', 'Walker', '', 'levi.walker@example.local', '08 8215 1015', 'Active', '2000-04-16', false, 'Prefer not to say', 'Independent', '', 'Lives Alone', 'AbilityAPP', 'Assistance with Self Care Activities; Community Participation', 'NDIS - National Disability Insurance Scheme', '431118785', '2024-02-15', '2023-07-30', null, 'No', 'None specified', 'PD - Acquired Brain Injury', 'Primary diagnosis: PD - Acquired Brain Injury. Additional notes in support plan 1000315.', 'Rose Dash', 'SuperUser'),
  ('bp-bulk-16', '1000216', 'AMHA16', 'Client', 'Amelia Hall', 'Latex allergy; Medication administration', 'Consent-NDIS portal consent', 'Amelia', 'Amelia', 'Hall', '', 'amelia.hall@example.local', '08 8216 1016', 'Active', '2001-05-17', false, 'Female', 'Shared decision making', '', 'Lives with Family', 'AbilityAPP', 'Supported Independent Living; Assistance with Daily Life', 'DSOA - Disability Support for Older Australians', '', null, '2023-08-13', null, 'Aboriginal', 'Italian', 'PD - Multiple Sclerosis', 'Primary diagnosis: PD - Multiple Sclerosis. Additional notes in support plan 1000316.', 'Isla Robinson', 'SuperUser'),
  ('bp-bulk-17', '1000217', 'OSNG17', 'Client', 'Oscar Nguyen', 'Epilepsy — seizure plan', 'Consent-GP information release', 'Oscar', 'Oscar', 'Nguyen', '', 'oscar.nguyen@example.local', '08 8217 1017', 'Active', '2002-06-18', false, 'Male', 'Guardian appointed', '', 'Lives with Friends/Housemates', 'AbilityAPP', 'Short Term Accommodation; Community Access', 'Commonwealth Home Support Programme (CHSP)', '', null, '2023-08-27', null, 'Torres Strait Islander', 'Vietnamese', 'ID - Autism', 'Primary diagnosis: ID - Autism. Additional notes in support plan 1000317.', 'Gabriela Wilson', 'SuperUser'),
  ('bp-bulk-18', '1000218', 'HAPA18', 'Client', 'Harper Patel', 'Fall risk — mobility aid', 'Consent-Photo consent on file', 'Harper', 'Harper', 'Patel', '', 'harper.patel@example.local', '08 8218 1018', 'Active', '2003-07-19', false, 'Non-binary', 'Independent', '', 'Lives Alone', 'AbilityAPP', 'Day Program; Transport; Skills Development', 'NDIS - National Disability Insurance Scheme', '431142542', '2024-03-28', '2023-09-10', null, 'Both', 'Greek', 'ID - Down Syndrome', 'Primary diagnosis: ID - Down Syndrome. Additional notes in support plan 1000318.', 'Oliver Williams', 'SuperUser'),
  ('bp-bulk-19', '1000219', 'FIMU19', 'Client', 'Finn Murphy', 'Choking risk — texture modified', 'Consent-NDIS portal consent', 'Finn', 'Finn', 'Murphy', '', 'finn.murphy@example.local', '08 8219 1019', 'Active', '2004-08-20', false, 'Prefer not to say', 'Shared decision making', '', 'Lives with Family', 'AbilityAPP', 'Respite; Personal Care; Household Tasks', 'DSOA - Disability Support for Older Australians', '', null, '2023-09-24', null, 'Prefer not to say', 'Lebanese', 'SD - Hearing Impairment', 'Primary diagnosis: SD - Hearing Impairment. Additional notes in support plan 1000319.', 'Rose Dash', 'SuperUser'),
  ('bp-bulk-20', '1000220', 'AVSI20', 'Client', 'Ava Singh', 'Latex allergy; Medication administration', 'Consent-GP information release', 'Ava', 'Ava', 'Singh', '', 'ava.singh@example.local', '08 8220 1020', 'Active', '1985-09-21', false, 'Female', 'Guardian appointed', '', 'Lives with Friends/Housemates', 'AbilityAPP', 'Assistance with Self Care Activities; Community Participation', 'Commonwealth Home Support Programme (CHSP)', '', null, '2023-10-08', null, 'No', 'None specified', 'PD - Stroke', 'Primary diagnosis: PD - Stroke. Additional notes in support plan 1000320.', 'Isla Robinson', 'SuperUser')
on conflict (id) do update set
  enquiry_id = excluded.enquiry_id,
  search_key = excluded.search_key,
  business_partner_group = excluded.business_partner_group,
  name = excluded.name,
  risk_alerts = excluded.risk_alerts,
  consent_alert_list = excluded.consent_alert_list,
  first_name = excluded.first_name,
  preferred_name = excluded.preferred_name,
  last_name = excluded.last_name,
  middle_name = excluded.middle_name,
  email = excluded.email,
  phone = excluded.phone,
  status = excluded.status,
  birthday = excluded.birthday,
  is_estimated_age = excluded.is_estimated_age,
  gender = excluded.gender,
  decision_making = excluded.decision_making,
  lgbtiqa = excluded.lgbtiqa,
  living_arrangement = excluded.living_arrangement,
  sales_representative = excluded.sales_representative,
  services = excluded.services,
  funding_body = excluded.funding_body,
  funding_body_number = excluded.funding_body_number,
  transitioned_to_pace = excluded.transitioned_to_pace,
  date_support_commencement = excluded.date_support_commencement,
  date_support_ceased = excluded.date_support_ceased,
  aboriginal_torres_strait_islander = excluded.aboriginal_torres_strait_islander,
  cultural_affiliation = excluded.cultural_affiliation,
  disability = excluded.disability,
  additional_disability_information = excluded.additional_disability_information,
  created_by = excluded.created_by,
  updated_by = excluded.updated_by;

insert into public.client_alert (id, client_id, line_no, alert_type, show_as_alert, name, description, valid_from, valid_to)
values
  ('alert-bulk-01-1', 'bp-bulk-01', 1, 'Safety', 'Yes', 'Check support plan before roster changes', 'Any roster or location change requires coordinator sign-off.', '2023-01-15', null),
  ('alert-bulk-01-2', 'bp-bulk-01', 2, 'Incident', 'No', 'Previous minor fall — monitor transfers', 'Report any unsteadiness to team leader same shift.', '2023-02-14', null),
  ('alert-bulk-02-1', 'bp-bulk-02', 1, 'Operational', 'Yes', 'Check support plan before roster changes', 'Any roster or location change requires coordinator sign-off.', '2023-01-29', null),
  ('alert-bulk-02-2', 'bp-bulk-02', 2, 'Incident', 'No', 'Previous minor fall — monitor transfers', 'Report any unsteadiness to team leader same shift.', '2023-02-28', null),
  ('alert-bulk-03-1', 'bp-bulk-03', 1, 'Medical', 'Yes', 'Check support plan before roster changes', 'Any roster or location change requires coordinator sign-off.', '2023-02-12', null),
  ('alert-bulk-03-2', 'bp-bulk-03', 2, 'Incident', 'No', 'Previous minor fall — monitor transfers', 'Report any unsteadiness to team leader same shift.', '2023-03-14', null),
  ('alert-bulk-04-1', 'bp-bulk-04', 1, 'Safety', 'Yes', 'Check support plan before roster changes', 'Any roster or location change requires coordinator sign-off.', '2023-02-26', null),
  ('alert-bulk-04-2', 'bp-bulk-04', 2, 'Incident', 'No', 'Previous minor fall — monitor transfers', 'Report any unsteadiness to team leader same shift.', '2023-03-28', null),
  ('alert-bulk-05-1', 'bp-bulk-05', 1, 'Operational', 'Yes', 'Check support plan before roster changes', 'Any roster or location change requires coordinator sign-off.', '2023-03-12', null),
  ('alert-bulk-05-2', 'bp-bulk-05', 2, 'Incident', 'No', 'Previous minor fall — monitor transfers', 'Report any unsteadiness to team leader same shift.', '2023-04-11', null),
  ('alert-bulk-06-1', 'bp-bulk-06', 1, 'Medical', 'Yes', 'Check support plan before roster changes', 'Any roster or location change requires coordinator sign-off.', '2023-03-26', null),
  ('alert-bulk-06-2', 'bp-bulk-06', 2, 'Incident', 'No', 'Previous minor fall — monitor transfers', 'Report any unsteadiness to team leader same shift.', '2023-04-25', null),
  ('alert-bulk-07-1', 'bp-bulk-07', 1, 'Safety', 'Yes', 'Check support plan before roster changes', 'Any roster or location change requires coordinator sign-off.', '2023-04-09', null),
  ('alert-bulk-07-2', 'bp-bulk-07', 2, 'Incident', 'No', 'Previous minor fall — monitor transfers', 'Report any unsteadiness to team leader same shift.', '2023-05-09', null),
  ('alert-bulk-08-1', 'bp-bulk-08', 1, 'Operational', 'Yes', 'Check support plan before roster changes', 'Any roster or location change requires coordinator sign-off.', '2023-04-23', null),
  ('alert-bulk-08-2', 'bp-bulk-08', 2, 'Incident', 'No', 'Previous minor fall — monitor transfers', 'Report any unsteadiness to team leader same shift.', '2023-05-23', null),
  ('alert-bulk-09-1', 'bp-bulk-09', 1, 'Medical', 'Yes', 'Check support plan before roster changes', 'Any roster or location change requires coordinator sign-off.', '2023-05-07', null),
  ('alert-bulk-09-2', 'bp-bulk-09', 2, 'Incident', 'No', 'Previous minor fall — monitor transfers', 'Report any unsteadiness to team leader same shift.', '2023-06-06', null),
  ('alert-bulk-10-1', 'bp-bulk-10', 1, 'Safety', 'Yes', 'Check support plan before roster changes', 'Any roster or location change requires coordinator sign-off.', '2023-05-21', null),
  ('alert-bulk-10-2', 'bp-bulk-10', 2, 'Incident', 'No', 'Previous minor fall — monitor transfers', 'Report any unsteadiness to team leader same shift.', '2023-06-20', null),
  ('alert-bulk-11-1', 'bp-bulk-11', 1, 'Operational', 'Yes', 'Check support plan before roster changes', 'Any roster or location change requires coordinator sign-off.', '2023-06-04', null),
  ('alert-bulk-11-2', 'bp-bulk-11', 2, 'Incident', 'No', 'Previous minor fall — monitor transfers', 'Report any unsteadiness to team leader same shift.', '2023-07-04', null),
  ('alert-bulk-12-1', 'bp-bulk-12', 1, 'Medical', 'Yes', 'Check support plan before roster changes', 'Any roster or location change requires coordinator sign-off.', '2023-06-18', null),
  ('alert-bulk-12-2', 'bp-bulk-12', 2, 'Incident', 'No', 'Previous minor fall — monitor transfers', 'Report any unsteadiness to team leader same shift.', '2023-07-18', null),
  ('alert-bulk-13-1', 'bp-bulk-13', 1, 'Safety', 'Yes', 'Check support plan before roster changes', 'Any roster or location change requires coordinator sign-off.', '2023-07-02', null),
  ('alert-bulk-13-2', 'bp-bulk-13', 2, 'Incident', 'No', 'Previous minor fall — monitor transfers', 'Report any unsteadiness to team leader same shift.', '2023-08-01', null),
  ('alert-bulk-14-1', 'bp-bulk-14', 1, 'Operational', 'Yes', 'Check support plan before roster changes', 'Any roster or location change requires coordinator sign-off.', '2023-07-16', null),
  ('alert-bulk-14-2', 'bp-bulk-14', 2, 'Incident', 'No', 'Previous minor fall — monitor transfers', 'Report any unsteadiness to team leader same shift.', '2023-08-15', null),
  ('alert-bulk-15-1', 'bp-bulk-15', 1, 'Medical', 'Yes', 'Check support plan before roster changes', 'Any roster or location change requires coordinator sign-off.', '2023-07-30', null),
  ('alert-bulk-15-2', 'bp-bulk-15', 2, 'Incident', 'No', 'Previous minor fall — monitor transfers', 'Report any unsteadiness to team leader same shift.', '2023-08-29', null),
  ('alert-bulk-16-1', 'bp-bulk-16', 1, 'Safety', 'Yes', 'Check support plan before roster changes', 'Any roster or location change requires coordinator sign-off.', '2023-08-13', null),
  ('alert-bulk-16-2', 'bp-bulk-16', 2, 'Incident', 'No', 'Previous minor fall — monitor transfers', 'Report any unsteadiness to team leader same shift.', '2023-09-12', null),
  ('alert-bulk-17-1', 'bp-bulk-17', 1, 'Operational', 'Yes', 'Check support plan before roster changes', 'Any roster or location change requires coordinator sign-off.', '2023-08-27', null),
  ('alert-bulk-17-2', 'bp-bulk-17', 2, 'Incident', 'No', 'Previous minor fall — monitor transfers', 'Report any unsteadiness to team leader same shift.', '2023-09-26', null),
  ('alert-bulk-18-1', 'bp-bulk-18', 1, 'Medical', 'Yes', 'Check support plan before roster changes', 'Any roster or location change requires coordinator sign-off.', '2023-09-10', null),
  ('alert-bulk-18-2', 'bp-bulk-18', 2, 'Incident', 'No', 'Previous minor fall — monitor transfers', 'Report any unsteadiness to team leader same shift.', '2023-10-10', null),
  ('alert-bulk-19-1', 'bp-bulk-19', 1, 'Safety', 'Yes', 'Check support plan before roster changes', 'Any roster or location change requires coordinator sign-off.', '2023-09-24', null),
  ('alert-bulk-19-2', 'bp-bulk-19', 2, 'Incident', 'No', 'Previous minor fall — monitor transfers', 'Report any unsteadiness to team leader same shift.', '2023-10-24', null),
  ('alert-bulk-20-1', 'bp-bulk-20', 1, 'Operational', 'Yes', 'Check support plan before roster changes', 'Any roster or location change requires coordinator sign-off.', '2023-10-08', null),
  ('alert-bulk-20-2', 'bp-bulk-20', 2, 'Incident', 'No', 'Previous minor fall — monitor transfers', 'Report any unsteadiness to team leader same shift.', '2023-11-07', null)
on conflict (id) do update set
  client_id = excluded.client_id,
  line_no = excluded.line_no,
  alert_type = excluded.alert_type,
  show_as_alert = excluded.show_as_alert,
  name = excluded.name,
  description = excluded.description,
  valid_from = excluded.valid_from,
  valid_to = excluded.valid_to;

insert into public.client_activity (id, client_id, line_no, activity_date, activity_type, subject, description, created_by)
values
  ('act-bulk-01-1', 'bp-bulk-01', 1, '2023-01-08', 'Meeting', 'Intake and conversion', 'Converted from enquiry 1000201. Welcome pack provided.', 'Gabriela Wilson'),
  ('act-bulk-01-2', 'bp-bulk-01', 2, '2023-01-22', 'Home visit', 'Initial home safety check', 'Verified access, equipment, and emergency contacts on file.', 'Gabriela Wilson'),
  ('act-bulk-01-3', 'bp-bulk-01', 3, '2023-03-01', 'Phone call', 'Plan review check-in', 'Noah reported satisfaction with support team and community outings.', 'Oliver Williams'),
  ('act-bulk-01-4', 'bp-bulk-01', 4, '2023-05-15', 'Email', 'NDIS plan variation', 'Requested quote for additional community participation hours.', 'Gabriela Wilson'),
  ('act-bulk-02-1', 'bp-bulk-02', 1, '2023-01-22', 'Meeting', 'Intake and conversion', 'Converted from enquiry 1000202. Welcome pack provided.', 'Oliver Williams'),
  ('act-bulk-02-2', 'bp-bulk-02', 2, '2023-02-05', 'Home visit', 'Initial home safety check', 'Verified access, equipment, and emergency contacts on file.', 'Oliver Williams'),
  ('act-bulk-02-3', 'bp-bulk-02', 3, '2023-03-15', 'Phone call', 'Plan review check-in', 'Mia reported satisfaction with support team and community outings.', 'Rose Dash'),
  ('act-bulk-02-4', 'bp-bulk-02', 4, '2023-05-29', 'Email', 'NDIS plan variation', 'Requested quote for additional community participation hours.', 'Oliver Williams'),
  ('act-bulk-03-1', 'bp-bulk-03', 1, '2023-02-05', 'Meeting', 'Intake and conversion', 'Converted from enquiry 1000203. Welcome pack provided.', 'Rose Dash'),
  ('act-bulk-03-2', 'bp-bulk-03', 2, '2023-02-19', 'Home visit', 'Initial home safety check', 'Verified access, equipment, and emergency contacts on file.', 'Rose Dash'),
  ('act-bulk-03-3', 'bp-bulk-03', 3, '2023-03-29', 'Phone call', 'Plan review check-in', 'Liam reported satisfaction with support team and community outings.', 'Isla Robinson'),
  ('act-bulk-03-4', 'bp-bulk-03', 4, '2023-06-12', 'Email', 'NDIS plan variation', 'Requested quote for additional community participation hours.', 'Rose Dash'),
  ('act-bulk-04-1', 'bp-bulk-04', 1, '2023-02-19', 'Meeting', 'Intake and conversion', 'Converted from enquiry 1000204. Welcome pack provided.', 'Isla Robinson'),
  ('act-bulk-04-2', 'bp-bulk-04', 2, '2023-03-05', 'Home visit', 'Initial home safety check', 'Verified access, equipment, and emergency contacts on file.', 'Isla Robinson'),
  ('act-bulk-04-3', 'bp-bulk-04', 3, '2023-04-12', 'Phone call', 'Plan review check-in', 'Zoe reported satisfaction with support team and community outings.', 'Gabriela Wilson'),
  ('act-bulk-04-4', 'bp-bulk-04', 4, '2023-06-26', 'Email', 'NDIS plan variation', 'Requested quote for additional community participation hours.', 'Isla Robinson'),
  ('act-bulk-05-1', 'bp-bulk-05', 1, '2023-03-05', 'Meeting', 'Intake and conversion', 'Converted from enquiry 1000205. Welcome pack provided.', 'Gabriela Wilson'),
  ('act-bulk-05-2', 'bp-bulk-05', 2, '2023-03-19', 'Home visit', 'Initial home safety check', 'Verified access, equipment, and emergency contacts on file.', 'Gabriela Wilson'),
  ('act-bulk-05-3', 'bp-bulk-05', 3, '2023-04-26', 'Phone call', 'Plan review check-in', 'Ethan reported satisfaction with support team and community outings.', 'Oliver Williams'),
  ('act-bulk-05-4', 'bp-bulk-05', 4, '2023-07-10', 'Email', 'NDIS plan variation', 'Requested quote for additional community participation hours.', 'Gabriela Wilson'),
  ('act-bulk-06-1', 'bp-bulk-06', 1, '2023-03-19', 'Meeting', 'Intake and conversion', 'Converted from enquiry 1000206. Welcome pack provided.', 'Oliver Williams'),
  ('act-bulk-06-2', 'bp-bulk-06', 2, '2023-04-02', 'Home visit', 'Initial home safety check', 'Verified access, equipment, and emergency contacts on file.', 'Oliver Williams'),
  ('act-bulk-06-3', 'bp-bulk-06', 3, '2023-05-10', 'Phone call', 'Plan review check-in', 'Chloe reported satisfaction with support team and community outings.', 'Rose Dash'),
  ('act-bulk-06-4', 'bp-bulk-06', 4, '2023-07-24', 'Email', 'NDIS plan variation', 'Requested quote for additional community participation hours.', 'Oliver Williams'),
  ('act-bulk-07-1', 'bp-bulk-07', 1, '2023-04-02', 'Meeting', 'Intake and conversion', 'Converted from enquiry 1000207. Welcome pack provided.', 'Rose Dash'),
  ('act-bulk-07-2', 'bp-bulk-07', 2, '2023-04-16', 'Home visit', 'Initial home safety check', 'Verified access, equipment, and emergency contacts on file.', 'Rose Dash'),
  ('act-bulk-07-3', 'bp-bulk-07', 3, '2023-05-24', 'Phone call', 'Plan review check-in', 'Mason reported satisfaction with support team and community outings.', 'Isla Robinson'),
  ('act-bulk-07-4', 'bp-bulk-07', 4, '2023-08-07', 'Email', 'NDIS plan variation', 'Requested quote for additional community participation hours.', 'Rose Dash'),
  ('act-bulk-08-1', 'bp-bulk-08', 1, '2023-04-16', 'Meeting', 'Intake and conversion', 'Converted from enquiry 1000208. Welcome pack provided.', 'Isla Robinson'),
  ('act-bulk-08-2', 'bp-bulk-08', 2, '2023-04-30', 'Home visit', 'Initial home safety check', 'Verified access, equipment, and emergency contacts on file.', 'Isla Robinson'),
  ('act-bulk-08-3', 'bp-bulk-08', 3, '2023-06-07', 'Phone call', 'Plan review check-in', 'Ruby reported satisfaction with support team and community outings.', 'Gabriela Wilson'),
  ('act-bulk-08-4', 'bp-bulk-08', 4, '2023-08-21', 'Email', 'NDIS plan variation', 'Requested quote for additional community participation hours.', 'Isla Robinson'),
  ('act-bulk-09-1', 'bp-bulk-09', 1, '2023-04-30', 'Meeting', 'Intake and conversion', 'Converted from enquiry 1000209. Welcome pack provided.', 'Gabriela Wilson'),
  ('act-bulk-09-2', 'bp-bulk-09', 2, '2023-05-14', 'Home visit', 'Initial home safety check', 'Verified access, equipment, and emergency contacts on file.', 'Gabriela Wilson'),
  ('act-bulk-09-3', 'bp-bulk-09', 3, '2023-06-21', 'Phone call', 'Plan review check-in', 'Lucas reported satisfaction with support team and community outings.', 'Oliver Williams'),
  ('act-bulk-09-4', 'bp-bulk-09', 4, '2023-09-04', 'Email', 'NDIS plan variation', 'Requested quote for additional community participation hours.', 'Gabriela Wilson'),
  ('act-bulk-10-1', 'bp-bulk-10', 1, '2023-05-14', 'Meeting', 'Intake and conversion', 'Converted from enquiry 1000210. Welcome pack provided.', 'Oliver Williams'),
  ('act-bulk-10-2', 'bp-bulk-10', 2, '2023-05-28', 'Home visit', 'Initial home safety check', 'Verified access, equipment, and emergency contacts on file.', 'Oliver Williams'),
  ('act-bulk-10-3', 'bp-bulk-10', 3, '2023-07-05', 'Phone call', 'Plan review check-in', 'Grace reported satisfaction with support team and community outings.', 'Rose Dash'),
  ('act-bulk-10-4', 'bp-bulk-10', 4, '2023-09-18', 'Email', 'NDIS plan variation', 'Requested quote for additional community participation hours.', 'Oliver Williams'),
  ('act-bulk-11-1', 'bp-bulk-11', 1, '2023-05-28', 'Meeting', 'Intake and conversion', 'Converted from enquiry 1000211. Welcome pack provided.', 'Rose Dash'),
  ('act-bulk-11-2', 'bp-bulk-11', 2, '2023-06-11', 'Home visit', 'Initial home safety check', 'Verified access, equipment, and emergency contacts on file.', 'Rose Dash'),
  ('act-bulk-11-3', 'bp-bulk-11', 3, '2023-07-19', 'Phone call', 'Plan review check-in', 'Henry reported satisfaction with support team and community outings.', 'Isla Robinson'),
  ('act-bulk-11-4', 'bp-bulk-11', 4, '2023-10-02', 'Email', 'NDIS plan variation', 'Requested quote for additional community participation hours.', 'Rose Dash'),
  ('act-bulk-12-1', 'bp-bulk-12', 1, '2023-06-11', 'Meeting', 'Intake and conversion', 'Converted from enquiry 1000212. Welcome pack provided.', 'Isla Robinson'),
  ('act-bulk-12-2', 'bp-bulk-12', 2, '2023-06-25', 'Home visit', 'Initial home safety check', 'Verified access, equipment, and emergency contacts on file.', 'Isla Robinson'),
  ('act-bulk-12-3', 'bp-bulk-12', 3, '2023-08-02', 'Phone call', 'Plan review check-in', 'Ella reported satisfaction with support team and community outings.', 'Gabriela Wilson'),
  ('act-bulk-12-4', 'bp-bulk-12', 4, '2023-10-16', 'Email', 'NDIS plan variation', 'Requested quote for additional community participation hours.', 'Isla Robinson'),
  ('act-bulk-13-1', 'bp-bulk-13', 1, '2023-06-25', 'Meeting', 'Intake and conversion', 'Converted from enquiry 1000213. Welcome pack provided.', 'Gabriela Wilson'),
  ('act-bulk-13-2', 'bp-bulk-13', 2, '2023-07-09', 'Home visit', 'Initial home safety check', 'Verified access, equipment, and emergency contacts on file.', 'Gabriela Wilson'),
  ('act-bulk-13-3', 'bp-bulk-13', 3, '2023-08-16', 'Phone call', 'Plan review check-in', 'Jack reported satisfaction with support team and community outings.', 'Oliver Williams'),
  ('act-bulk-13-4', 'bp-bulk-13', 4, '2023-10-30', 'Email', 'NDIS plan variation', 'Requested quote for additional community participation hours.', 'Gabriela Wilson'),
  ('act-bulk-14-1', 'bp-bulk-14', 1, '2023-07-09', 'Meeting', 'Intake and conversion', 'Converted from enquiry 1000214. Welcome pack provided.', 'Oliver Williams'),
  ('act-bulk-14-2', 'bp-bulk-14', 2, '2023-07-23', 'Home visit', 'Initial home safety check', 'Verified access, equipment, and emergency contacts on file.', 'Oliver Williams'),
  ('act-bulk-14-3', 'bp-bulk-14', 3, '2023-08-30', 'Phone call', 'Plan review check-in', 'Sophie reported satisfaction with support team and community outings.', 'Rose Dash'),
  ('act-bulk-14-4', 'bp-bulk-14', 4, '2023-11-13', 'Email', 'NDIS plan variation', 'Requested quote for additional community participation hours.', 'Oliver Williams'),
  ('act-bulk-15-1', 'bp-bulk-15', 1, '2023-07-23', 'Meeting', 'Intake and conversion', 'Converted from enquiry 1000215. Welcome pack provided.', 'Rose Dash'),
  ('act-bulk-15-2', 'bp-bulk-15', 2, '2023-08-06', 'Home visit', 'Initial home safety check', 'Verified access, equipment, and emergency contacts on file.', 'Rose Dash'),
  ('act-bulk-15-3', 'bp-bulk-15', 3, '2023-09-13', 'Phone call', 'Plan review check-in', 'Levi reported satisfaction with support team and community outings.', 'Isla Robinson'),
  ('act-bulk-15-4', 'bp-bulk-15', 4, '2023-11-27', 'Email', 'NDIS plan variation', 'Requested quote for additional community participation hours.', 'Rose Dash'),
  ('act-bulk-16-1', 'bp-bulk-16', 1, '2023-08-06', 'Meeting', 'Intake and conversion', 'Converted from enquiry 1000216. Welcome pack provided.', 'Isla Robinson'),
  ('act-bulk-16-2', 'bp-bulk-16', 2, '2023-08-20', 'Home visit', 'Initial home safety check', 'Verified access, equipment, and emergency contacts on file.', 'Isla Robinson'),
  ('act-bulk-16-3', 'bp-bulk-16', 3, '2023-09-27', 'Phone call', 'Plan review check-in', 'Amelia reported satisfaction with support team and community outings.', 'Gabriela Wilson'),
  ('act-bulk-16-4', 'bp-bulk-16', 4, '2023-12-11', 'Email', 'NDIS plan variation', 'Requested quote for additional community participation hours.', 'Isla Robinson'),
  ('act-bulk-17-1', 'bp-bulk-17', 1, '2023-08-20', 'Meeting', 'Intake and conversion', 'Converted from enquiry 1000217. Welcome pack provided.', 'Gabriela Wilson'),
  ('act-bulk-17-2', 'bp-bulk-17', 2, '2023-09-03', 'Home visit', 'Initial home safety check', 'Verified access, equipment, and emergency contacts on file.', 'Gabriela Wilson'),
  ('act-bulk-17-3', 'bp-bulk-17', 3, '2023-10-11', 'Phone call', 'Plan review check-in', 'Oscar reported satisfaction with support team and community outings.', 'Oliver Williams'),
  ('act-bulk-17-4', 'bp-bulk-17', 4, '2023-12-25', 'Email', 'NDIS plan variation', 'Requested quote for additional community participation hours.', 'Gabriela Wilson'),
  ('act-bulk-18-1', 'bp-bulk-18', 1, '2023-09-03', 'Meeting', 'Intake and conversion', 'Converted from enquiry 1000218. Welcome pack provided.', 'Oliver Williams'),
  ('act-bulk-18-2', 'bp-bulk-18', 2, '2023-09-17', 'Home visit', 'Initial home safety check', 'Verified access, equipment, and emergency contacts on file.', 'Oliver Williams'),
  ('act-bulk-18-3', 'bp-bulk-18', 3, '2023-10-25', 'Phone call', 'Plan review check-in', 'Harper reported satisfaction with support team and community outings.', 'Rose Dash'),
  ('act-bulk-18-4', 'bp-bulk-18', 4, '2024-01-08', 'Email', 'NDIS plan variation', 'Requested quote for additional community participation hours.', 'Oliver Williams'),
  ('act-bulk-19-1', 'bp-bulk-19', 1, '2023-09-17', 'Meeting', 'Intake and conversion', 'Converted from enquiry 1000219. Welcome pack provided.', 'Rose Dash'),
  ('act-bulk-19-2', 'bp-bulk-19', 2, '2023-10-01', 'Home visit', 'Initial home safety check', 'Verified access, equipment, and emergency contacts on file.', 'Rose Dash'),
  ('act-bulk-19-3', 'bp-bulk-19', 3, '2023-11-08', 'Phone call', 'Plan review check-in', 'Finn reported satisfaction with support team and community outings.', 'Isla Robinson'),
  ('act-bulk-19-4', 'bp-bulk-19', 4, '2024-01-22', 'Email', 'NDIS plan variation', 'Requested quote for additional community participation hours.', 'Rose Dash'),
  ('act-bulk-20-1', 'bp-bulk-20', 1, '2023-10-01', 'Meeting', 'Intake and conversion', 'Converted from enquiry 1000220. Welcome pack provided.', 'Isla Robinson'),
  ('act-bulk-20-2', 'bp-bulk-20', 2, '2023-10-15', 'Home visit', 'Initial home safety check', 'Verified access, equipment, and emergency contacts on file.', 'Isla Robinson'),
  ('act-bulk-20-3', 'bp-bulk-20', 3, '2023-11-22', 'Phone call', 'Plan review check-in', 'Ava reported satisfaction with support team and community outings.', 'Gabriela Wilson'),
  ('act-bulk-20-4', 'bp-bulk-20', 4, '2024-02-05', 'Email', 'NDIS plan variation', 'Requested quote for additional community participation hours.', 'Isla Robinson')
on conflict (id) do update set
  client_id = excluded.client_id,
  line_no = excluded.line_no,
  activity_date = excluded.activity_date,
  activity_type = excluded.activity_type,
  subject = excluded.subject,
  description = excluded.description,
  created_by = excluded.created_by;

insert into public.client_location (id, client_id, line_no, name, address_type, address1, address2, address3, city, state, postcode, country, phone, mobile, email, post_to_address, invoice_address, ship_to_address, service_delivery_address, active, valid_from, valid_to, access_notes, description)
values
  ('cloc-bulk-01-home', 'bp-bulk-01', 1, 'Home', 'Home', '11 King Street', '', '', 'Glenelg', 'SA', '5045', 'Australia', '08 8201 1011', '0411 103 207', 'noah.brown@example.local', 'No', 'Yes', 'Yes', 'Yes', 'Yes', '2023-01-15', null, 'Agency-managed property. Key safe on site.', 'Primary sil house address.'),
  ('cloc-bulk-01-post', 'bp-bulk-01', 2, 'Postal', 'Postal', 'PO Box 801', '', '', 'Glenelg', 'SA', '5045', 'Australia', '', '', '', 'Yes', 'No', 'No', 'No', 'Yes', '2023-01-15', null, '', 'Official correspondence.'),
  ('cloc-bulk-02-home', 'bp-bulk-02', 1, 'Home', 'Home', '12 Bridge Street', 'Unit 2', '', 'Adelaide', 'SA', '5000', 'Australia', '08 8202 1022', '0412 106 214', 'mia.taylor@example.local', 'No', 'Yes', 'Yes', 'Yes', 'Yes', '2023-01-29', null, 'Level access. Buzzer entry.', 'Primary day program address.'),
  ('cloc-bulk-02-post', 'bp-bulk-02', 2, 'Postal', 'Postal', 'PO Box 802', '', '', 'Adelaide', 'SA', '5000', 'Australia', '', '', '', 'Yes', 'No', 'No', 'No', 'Yes', '2023-01-29', null, '', 'Official correspondence.'),
  ('cloc-bulk-03-home', 'bp-bulk-03', 1, 'Home', 'Home', '13 Park Street', '', '', 'Salisbury', 'SA', '5108', 'Australia', '08 8203 1033', '0413 109 221', 'liam.anderson@example.local', 'No', 'Yes', 'Yes', 'Yes', 'Yes', '2023-02-12', null, 'Agency-managed property. Key safe on site.', 'Primary sil house address.'),
  ('cloc-bulk-03-post', 'bp-bulk-03', 2, 'Postal', 'Postal', 'PO Box 803', '', '', 'Salisbury', 'SA', '5108', 'Australia', '', '', '', 'Yes', 'No', 'No', 'No', 'Yes', '2023-02-12', null, '', 'Official correspondence.'),
  ('cloc-bulk-04-home', 'bp-bulk-04', 1, 'Home', 'Home', '14 Station Street', 'Unit 4', '', 'Brighton', 'SA', '5048', 'Australia', '08 8204 1044', '0414 112 228', 'zoe.thomas@example.local', 'No', 'Yes', 'Yes', 'Yes', 'Yes', '2023-02-26', null, 'Level access. Buzzer entry.', 'Primary respite address.'),
  ('cloc-bulk-04-post', 'bp-bulk-04', 2, 'Postal', 'Postal', 'PO Box 804', '', '', 'Brighton', 'SA', '5048', 'Australia', '', '', '', 'Yes', 'No', 'No', 'No', 'Yes', '2023-02-26', null, '', 'Official correspondence.'),
  ('cloc-bulk-05-home', 'bp-bulk-05', 1, 'Home', 'Home', '15 Ocean Street', '', '', 'Murray Bridge', 'SA', '5253', 'Australia', '08 8205 1055', '0415 115 235', 'ethan.jackson@example.local', 'No', 'Yes', 'Yes', 'Yes', 'Yes', '2023-03-12', null, 'Level access. Buzzer entry.', 'Primary day program address.'),
  ('cloc-bulk-05-post', 'bp-bulk-05', 2, 'Postal', 'Postal', 'PO Box 805', '', '', 'Murray Bridge', 'SA', '5253', 'Australia', '', '', '', 'Yes', 'No', 'No', 'No', 'Yes', '2023-03-12', null, '', 'Official correspondence.'),
  ('cloc-bulk-06-home', 'bp-bulk-06', 1, 'Home', 'Home', '16 King Street', 'Unit 6', '', 'Glenelg', 'SA', '5045', 'Australia', '08 8206 1066', '0416 118 242', 'chloe.white@example.local', 'No', 'Yes', 'Yes', 'Yes', 'Yes', '2023-03-26', null, 'Agency-managed property. Key safe on site.', 'Primary sil house address.'),
  ('cloc-bulk-06-post', 'bp-bulk-06', 2, 'Postal', 'Postal', 'PO Box 806', '', '', 'Glenelg', 'SA', '5045', 'Australia', '', '', '', 'Yes', 'No', 'No', 'No', 'Yes', '2023-03-26', null, '', 'Official correspondence.'),
  ('cloc-bulk-07-home', 'bp-bulk-07', 1, 'Home', 'Home', '17 Bridge Street', '', '', 'Adelaide', 'SA', '5000', 'Australia', '08 8207 1077', '0417 121 249', 'mason.harris@example.local', 'No', 'Yes', 'Yes', 'Yes', 'Yes', '2023-04-09', null, 'Level access. Buzzer entry.', 'Primary day program address.'),
  ('cloc-bulk-07-post', 'bp-bulk-07', 2, 'Postal', 'Postal', 'PO Box 807', '', '', 'Adelaide', 'SA', '5000', 'Australia', '', '', '', 'Yes', 'No', 'No', 'No', 'Yes', '2023-04-09', null, '', 'Official correspondence.'),
  ('cloc-bulk-08-home', 'bp-bulk-08', 1, 'Home', 'Home', '18 Park Street', 'Unit 8', '', 'Salisbury', 'SA', '5108', 'Australia', '08 8208 1088', '0418 124 256', 'ruby.martin@example.local', 'No', 'Yes', 'Yes', 'Yes', 'Yes', '2023-04-23', null, 'Agency-managed property. Key safe on site.', 'Primary sil house address.'),
  ('cloc-bulk-08-post', 'bp-bulk-08', 2, 'Postal', 'Postal', 'PO Box 808', '', '', 'Salisbury', 'SA', '5108', 'Australia', '', '', '', 'Yes', 'No', 'No', 'No', 'Yes', '2023-04-23', null, '', 'Official correspondence.'),
  ('cloc-bulk-09-home', 'bp-bulk-09', 1, 'Home', 'Home', '19 Station Street', '', '', 'Brighton', 'SA', '5048', 'Australia', '08 8209 1099', '0419 127 263', 'lucas.thompson@example.local', 'No', 'Yes', 'Yes', 'Yes', 'Yes', '2023-05-07', null, 'Level access. Buzzer entry.', 'Primary respite address.'),
  ('cloc-bulk-09-post', 'bp-bulk-09', 2, 'Postal', 'Postal', 'PO Box 809', '', '', 'Brighton', 'SA', '5048', 'Australia', '', '', '', 'Yes', 'No', 'No', 'No', 'Yes', '2023-05-07', null, '', 'Official correspondence.'),
  ('cloc-bulk-10-home', 'bp-bulk-10', 1, 'Home', 'Home', '20 Ocean Street', 'Unit 10', '', 'Murray Bridge', 'SA', '5253', 'Australia', '08 8210 1110', '0420 130 270', 'grace.garcia@example.local', 'No', 'Yes', 'Yes', 'Yes', 'Yes', '2023-05-21', null, 'Level access. Buzzer entry.', 'Primary day program address.'),
  ('cloc-bulk-10-post', 'bp-bulk-10', 2, 'Postal', 'Postal', 'PO Box 810', '', '', 'Murray Bridge', 'SA', '5253', 'Australia', '', '', '', 'Yes', 'No', 'No', 'No', 'Yes', '2023-05-21', null, '', 'Official correspondence.'),
  ('cloc-bulk-11-home', 'bp-bulk-11', 1, 'Home', 'Home', '21 King Street', '', '', 'Glenelg', 'SA', '5045', 'Australia', '08 8211 1121', '0421 133 277', 'henry.robinson@example.local', 'No', 'Yes', 'Yes', 'Yes', 'Yes', '2023-06-04', null, 'Agency-managed property. Key safe on site.', 'Primary sil house address.'),
  ('cloc-bulk-11-post', 'bp-bulk-11', 2, 'Postal', 'Postal', 'PO Box 811', '', '', 'Glenelg', 'SA', '5045', 'Australia', '', '', '', 'Yes', 'No', 'No', 'No', 'Yes', '2023-06-04', null, '', 'Official correspondence.'),
  ('cloc-bulk-12-home', 'bp-bulk-12', 1, 'Home', 'Home', '22 Bridge Street', 'Unit 12', '', 'Adelaide', 'SA', '5000', 'Australia', '08 8212 1132', '0422 136 284', 'ella.clark@example.local', 'No', 'Yes', 'Yes', 'Yes', 'Yes', '2023-06-18', null, 'Level access. Buzzer entry.', 'Primary day program address.'),
  ('cloc-bulk-12-post', 'bp-bulk-12', 2, 'Postal', 'Postal', 'PO Box 812', '', '', 'Adelaide', 'SA', '5000', 'Australia', '', '', '', 'Yes', 'No', 'No', 'No', 'Yes', '2023-06-18', null, '', 'Official correspondence.'),
  ('cloc-bulk-13-home', 'bp-bulk-13', 1, 'Home', 'Home', '23 Park Street', '', '', 'Salisbury', 'SA', '5108', 'Australia', '08 8213 1143', '0423 139 291', 'jack.lewis@example.local', 'No', 'Yes', 'Yes', 'Yes', 'Yes', '2023-07-02', null, 'Agency-managed property. Key safe on site.', 'Primary sil house address.'),
  ('cloc-bulk-13-post', 'bp-bulk-13', 2, 'Postal', 'Postal', 'PO Box 813', '', '', 'Salisbury', 'SA', '5108', 'Australia', '', '', '', 'Yes', 'No', 'No', 'No', 'Yes', '2023-07-02', null, '', 'Official correspondence.'),
  ('cloc-bulk-14-home', 'bp-bulk-14', 1, 'Home', 'Home', '24 Station Street', 'Unit 14', '', 'Brighton', 'SA', '5048', 'Australia', '08 8214 1154', '0424 142 298', 'sophie.lee@example.local', 'No', 'Yes', 'Yes', 'Yes', 'Yes', '2023-07-16', null, 'Level access. Buzzer entry.', 'Primary respite address.'),
  ('cloc-bulk-14-post', 'bp-bulk-14', 2, 'Postal', 'Postal', 'PO Box 814', '', '', 'Brighton', 'SA', '5048', 'Australia', '', '', '', 'Yes', 'No', 'No', 'No', 'Yes', '2023-07-16', null, '', 'Official correspondence.'),
  ('cloc-bulk-15-home', 'bp-bulk-15', 1, 'Home', 'Home', '25 Ocean Street', '', '', 'Murray Bridge', 'SA', '5253', 'Australia', '08 8215 1165', '0425 145 305', 'levi.walker@example.local', 'No', 'Yes', 'Yes', 'Yes', 'Yes', '2023-07-30', null, 'Level access. Buzzer entry.', 'Primary day program address.'),
  ('cloc-bulk-15-post', 'bp-bulk-15', 2, 'Postal', 'Postal', 'PO Box 815', '', '', 'Murray Bridge', 'SA', '5253', 'Australia', '', '', '', 'Yes', 'No', 'No', 'No', 'Yes', '2023-07-30', null, '', 'Official correspondence.'),
  ('cloc-bulk-16-home', 'bp-bulk-16', 1, 'Home', 'Home', '26 King Street', 'Unit 16', '', 'Glenelg', 'SA', '5045', 'Australia', '08 8216 1176', '0426 148 312', 'amelia.hall@example.local', 'No', 'Yes', 'Yes', 'Yes', 'Yes', '2023-08-13', null, 'Agency-managed property. Key safe on site.', 'Primary sil house address.'),
  ('cloc-bulk-16-post', 'bp-bulk-16', 2, 'Postal', 'Postal', 'PO Box 816', '', '', 'Glenelg', 'SA', '5045', 'Australia', '', '', '', 'Yes', 'No', 'No', 'No', 'Yes', '2023-08-13', null, '', 'Official correspondence.'),
  ('cloc-bulk-17-home', 'bp-bulk-17', 1, 'Home', 'Home', '27 Bridge Street', '', '', 'Adelaide', 'SA', '5000', 'Australia', '08 8217 1187', '0427 151 319', 'oscar.nguyen@example.local', 'No', 'Yes', 'Yes', 'Yes', 'Yes', '2023-08-27', null, 'Level access. Buzzer entry.', 'Primary day program address.'),
  ('cloc-bulk-17-post', 'bp-bulk-17', 2, 'Postal', 'Postal', 'PO Box 817', '', '', 'Adelaide', 'SA', '5000', 'Australia', '', '', '', 'Yes', 'No', 'No', 'No', 'Yes', '2023-08-27', null, '', 'Official correspondence.'),
  ('cloc-bulk-18-home', 'bp-bulk-18', 1, 'Home', 'Home', '28 Park Street', 'Unit 18', '', 'Salisbury', 'SA', '5108', 'Australia', '08 8218 1198', '0428 154 326', 'harper.patel@example.local', 'No', 'Yes', 'Yes', 'Yes', 'Yes', '2023-09-10', null, 'Agency-managed property. Key safe on site.', 'Primary sil house address.'),
  ('cloc-bulk-18-post', 'bp-bulk-18', 2, 'Postal', 'Postal', 'PO Box 818', '', '', 'Salisbury', 'SA', '5108', 'Australia', '', '', '', 'Yes', 'No', 'No', 'No', 'Yes', '2023-09-10', null, '', 'Official correspondence.'),
  ('cloc-bulk-19-home', 'bp-bulk-19', 1, 'Home', 'Home', '29 Station Street', '', '', 'Brighton', 'SA', '5048', 'Australia', '08 8219 1209', '0429 157 333', 'finn.murphy@example.local', 'No', 'Yes', 'Yes', 'Yes', 'Yes', '2023-09-24', null, 'Level access. Buzzer entry.', 'Primary respite address.'),
  ('cloc-bulk-19-post', 'bp-bulk-19', 2, 'Postal', 'Postal', 'PO Box 819', '', '', 'Brighton', 'SA', '5048', 'Australia', '', '', '', 'Yes', 'No', 'No', 'No', 'Yes', '2023-09-24', null, '', 'Official correspondence.'),
  ('cloc-bulk-20-home', 'bp-bulk-20', 1, 'Home', 'Home', '30 Ocean Street', 'Unit 20', '', 'Murray Bridge', 'SA', '5253', 'Australia', '08 8220 1220', '0430 160 340', 'ava.singh@example.local', 'No', 'Yes', 'Yes', 'Yes', 'Yes', '2023-10-08', null, 'Level access. Buzzer entry.', 'Primary day program address.'),
  ('cloc-bulk-20-post', 'bp-bulk-20', 2, 'Postal', 'Postal', 'PO Box 820', '', '', 'Murray Bridge', 'SA', '5253', 'Australia', '', '', '', 'Yes', 'No', 'No', 'No', 'Yes', '2023-10-08', null, '', 'Official correspondence.')
on conflict (id) do update set
  client_id = excluded.client_id,
  line_no = excluded.line_no,
  name = excluded.name,
  address_type = excluded.address_type,
  address1 = excluded.address1,
  address2 = excluded.address2,
  address3 = excluded.address3,
  city = excluded.city,
  state = excluded.state,
  postcode = excluded.postcode,
  country = excluded.country,
  phone = excluded.phone,
  mobile = excluded.mobile,
  email = excluded.email,
  post_to_address = excluded.post_to_address,
  invoice_address = excluded.invoice_address,
  ship_to_address = excluded.ship_to_address,
  service_delivery_address = excluded.service_delivery_address,
  active = excluded.active,
  valid_from = excluded.valid_from,
  valid_to = excluded.valid_to,
  access_notes = excluded.access_notes,
  description = excluded.description;

insert into public.client_restrictive_practice (id, client_id, line_no, practice_type, show_as_alert, name, description, valid_from, valid_to)
values
  ('rp-bulk-01-1', 'bp-bulk-01', 1, 'Mechanical restraint', 'Yes', 'Locked medication cupboard', 'Environmental restrictive practice — authorised in BSP. Monthly review.', '2023-01-15', null),
  ('rp-bulk-02-1', 'bp-bulk-02', 1, 'Physical restraint', 'Yes', 'Locked medication cupboard', 'Environmental restrictive practice — authorised in BSP. Monthly review.', '2023-01-29', null),
  ('rp-bulk-04-1', 'bp-bulk-04', 1, 'Mechanical restraint', 'Yes', 'Locked medication cupboard', 'Environmental restrictive practice — authorised in BSP. Monthly review.', '2023-02-26', null),
  ('rp-bulk-05-1', 'bp-bulk-05', 1, 'Physical restraint', 'Yes', 'Locked medication cupboard', 'Environmental restrictive practice — authorised in BSP. Monthly review.', '2023-03-12', null),
  ('rp-bulk-07-1', 'bp-bulk-07', 1, 'Mechanical restraint', 'Yes', 'Locked medication cupboard', 'Environmental restrictive practice — authorised in BSP. Monthly review.', '2023-04-09', null),
  ('rp-bulk-08-1', 'bp-bulk-08', 1, 'Physical restraint', 'Yes', 'Locked medication cupboard', 'Environmental restrictive practice — authorised in BSP. Monthly review.', '2023-04-23', null),
  ('rp-bulk-10-1', 'bp-bulk-10', 1, 'Mechanical restraint', 'Yes', 'Locked medication cupboard', 'Environmental restrictive practice — authorised in BSP. Monthly review.', '2023-05-21', null),
  ('rp-bulk-11-1', 'bp-bulk-11', 1, 'Physical restraint', 'Yes', 'Locked medication cupboard', 'Environmental restrictive practice — authorised in BSP. Monthly review.', '2023-06-04', null),
  ('rp-bulk-13-1', 'bp-bulk-13', 1, 'Mechanical restraint', 'Yes', 'Locked medication cupboard', 'Environmental restrictive practice — authorised in BSP. Monthly review.', '2023-07-02', null),
  ('rp-bulk-14-1', 'bp-bulk-14', 1, 'Physical restraint', 'Yes', 'Locked medication cupboard', 'Environmental restrictive practice — authorised in BSP. Monthly review.', '2023-07-16', null),
  ('rp-bulk-16-1', 'bp-bulk-16', 1, 'Mechanical restraint', 'Yes', 'Locked medication cupboard', 'Environmental restrictive practice — authorised in BSP. Monthly review.', '2023-08-13', null),
  ('rp-bulk-17-1', 'bp-bulk-17', 1, 'Physical restraint', 'Yes', 'Locked medication cupboard', 'Environmental restrictive practice — authorised in BSP. Monthly review.', '2023-08-27', null),
  ('rp-bulk-19-1', 'bp-bulk-19', 1, 'Mechanical restraint', 'Yes', 'Locked medication cupboard', 'Environmental restrictive practice — authorised in BSP. Monthly review.', '2023-09-24', null),
  ('rp-bulk-20-1', 'bp-bulk-20', 1, 'Physical restraint', 'Yes', 'Locked medication cupboard', 'Environmental restrictive practice — authorised in BSP. Monthly review.', '2023-10-08', null)
on conflict (id) do update set
  client_id = excluded.client_id,
  line_no = excluded.line_no,
  practice_type = excluded.practice_type,
  show_as_alert = excluded.show_as_alert,
  name = excluded.name,
  description = excluded.description,
  valid_from = excluded.valid_from,
  valid_to = excluded.valid_to;

insert into public.client_consent (id, client_id, line_no, consent_type, show_as_alert, name, description, valid_from, valid_to)
values
  ('consent-bulk-01-1', 'bp-bulk-01', 1, 'Information sharing', 'Yes', 'NDIS portal consent', 'Signed copy scanned to DMS. Review annually.', '2023-01-15', null),
  ('consent-bulk-01-2', 'bp-bulk-01', 2, 'Restrictive practice', 'No', 'Behaviour support plan consent', 'Guardian signed BSP — valid to plan end date.', '2023-01-15', '2024-01-15'),
  ('consent-bulk-02-1', 'bp-bulk-02', 1, 'Medical treatment', 'Yes', 'GP information release', 'Signed copy scanned to DMS. Review annually.', '2023-01-29', null),
  ('consent-bulk-02-2', 'bp-bulk-02', 2, 'Restrictive practice', 'No', 'Behaviour support plan consent', 'Guardian signed BSP — valid to plan end date.', '2023-01-29', '2024-01-29'),
  ('consent-bulk-03-1', 'bp-bulk-03', 1, 'Photo / video', 'Yes', 'Photo consent on file', 'Signed copy scanned to DMS. Review annually.', '2023-02-12', null),
  ('consent-bulk-03-2', 'bp-bulk-03', 2, 'Restrictive practice', 'No', 'Behaviour support plan consent', 'Guardian signed BSP — valid to plan end date.', '2023-02-12', '2024-02-12'),
  ('consent-bulk-04-1', 'bp-bulk-04', 1, 'Information sharing', 'Yes', 'NDIS portal consent', 'Signed copy scanned to DMS. Review annually.', '2023-02-26', null),
  ('consent-bulk-04-2', 'bp-bulk-04', 2, 'Restrictive practice', 'No', 'Behaviour support plan consent', 'Guardian signed BSP — valid to plan end date.', '2023-02-26', '2024-02-26'),
  ('consent-bulk-05-1', 'bp-bulk-05', 1, 'Medical treatment', 'Yes', 'GP information release', 'Signed copy scanned to DMS. Review annually.', '2023-03-12', null),
  ('consent-bulk-05-2', 'bp-bulk-05', 2, 'Restrictive practice', 'No', 'Behaviour support plan consent', 'Guardian signed BSP — valid to plan end date.', '2023-03-12', '2024-03-11'),
  ('consent-bulk-06-1', 'bp-bulk-06', 1, 'Photo / video', 'Yes', 'Photo consent on file', 'Signed copy scanned to DMS. Review annually.', '2023-03-26', null),
  ('consent-bulk-06-2', 'bp-bulk-06', 2, 'Restrictive practice', 'No', 'Behaviour support plan consent', 'Guardian signed BSP — valid to plan end date.', '2023-03-26', '2024-03-25'),
  ('consent-bulk-07-1', 'bp-bulk-07', 1, 'Information sharing', 'Yes', 'NDIS portal consent', 'Signed copy scanned to DMS. Review annually.', '2023-04-09', null),
  ('consent-bulk-07-2', 'bp-bulk-07', 2, 'Restrictive practice', 'No', 'Behaviour support plan consent', 'Guardian signed BSP — valid to plan end date.', '2023-04-09', '2024-04-08'),
  ('consent-bulk-08-1', 'bp-bulk-08', 1, 'Medical treatment', 'Yes', 'GP information release', 'Signed copy scanned to DMS. Review annually.', '2023-04-23', null),
  ('consent-bulk-08-2', 'bp-bulk-08', 2, 'Restrictive practice', 'No', 'Behaviour support plan consent', 'Guardian signed BSP — valid to plan end date.', '2023-04-23', '2024-04-22'),
  ('consent-bulk-09-1', 'bp-bulk-09', 1, 'Photo / video', 'Yes', 'Photo consent on file', 'Signed copy scanned to DMS. Review annually.', '2023-05-07', null),
  ('consent-bulk-09-2', 'bp-bulk-09', 2, 'Restrictive practice', 'No', 'Behaviour support plan consent', 'Guardian signed BSP — valid to plan end date.', '2023-05-07', '2024-05-06'),
  ('consent-bulk-10-1', 'bp-bulk-10', 1, 'Information sharing', 'Yes', 'NDIS portal consent', 'Signed copy scanned to DMS. Review annually.', '2023-05-21', null),
  ('consent-bulk-10-2', 'bp-bulk-10', 2, 'Restrictive practice', 'No', 'Behaviour support plan consent', 'Guardian signed BSP — valid to plan end date.', '2023-05-21', '2024-05-20'),
  ('consent-bulk-11-1', 'bp-bulk-11', 1, 'Medical treatment', 'Yes', 'GP information release', 'Signed copy scanned to DMS. Review annually.', '2023-06-04', null),
  ('consent-bulk-11-2', 'bp-bulk-11', 2, 'Restrictive practice', 'No', 'Behaviour support plan consent', 'Guardian signed BSP — valid to plan end date.', '2023-06-04', '2024-06-03'),
  ('consent-bulk-12-1', 'bp-bulk-12', 1, 'Photo / video', 'Yes', 'Photo consent on file', 'Signed copy scanned to DMS. Review annually.', '2023-06-18', null),
  ('consent-bulk-12-2', 'bp-bulk-12', 2, 'Restrictive practice', 'No', 'Behaviour support plan consent', 'Guardian signed BSP — valid to plan end date.', '2023-06-18', '2024-06-17'),
  ('consent-bulk-13-1', 'bp-bulk-13', 1, 'Information sharing', 'Yes', 'NDIS portal consent', 'Signed copy scanned to DMS. Review annually.', '2023-07-02', null),
  ('consent-bulk-13-2', 'bp-bulk-13', 2, 'Restrictive practice', 'No', 'Behaviour support plan consent', 'Guardian signed BSP — valid to plan end date.', '2023-07-02', '2024-07-01'),
  ('consent-bulk-14-1', 'bp-bulk-14', 1, 'Medical treatment', 'Yes', 'GP information release', 'Signed copy scanned to DMS. Review annually.', '2023-07-16', null),
  ('consent-bulk-14-2', 'bp-bulk-14', 2, 'Restrictive practice', 'No', 'Behaviour support plan consent', 'Guardian signed BSP — valid to plan end date.', '2023-07-16', '2024-07-15'),
  ('consent-bulk-15-1', 'bp-bulk-15', 1, 'Photo / video', 'Yes', 'Photo consent on file', 'Signed copy scanned to DMS. Review annually.', '2023-07-30', null),
  ('consent-bulk-15-2', 'bp-bulk-15', 2, 'Restrictive practice', 'No', 'Behaviour support plan consent', 'Guardian signed BSP — valid to plan end date.', '2023-07-30', '2024-07-29'),
  ('consent-bulk-16-1', 'bp-bulk-16', 1, 'Information sharing', 'Yes', 'NDIS portal consent', 'Signed copy scanned to DMS. Review annually.', '2023-08-13', null),
  ('consent-bulk-16-2', 'bp-bulk-16', 2, 'Restrictive practice', 'No', 'Behaviour support plan consent', 'Guardian signed BSP — valid to plan end date.', '2023-08-13', '2024-08-12'),
  ('consent-bulk-17-1', 'bp-bulk-17', 1, 'Medical treatment', 'Yes', 'GP information release', 'Signed copy scanned to DMS. Review annually.', '2023-08-27', null),
  ('consent-bulk-17-2', 'bp-bulk-17', 2, 'Restrictive practice', 'No', 'Behaviour support plan consent', 'Guardian signed BSP — valid to plan end date.', '2023-08-27', '2024-08-26'),
  ('consent-bulk-18-1', 'bp-bulk-18', 1, 'Photo / video', 'Yes', 'Photo consent on file', 'Signed copy scanned to DMS. Review annually.', '2023-09-10', null),
  ('consent-bulk-18-2', 'bp-bulk-18', 2, 'Restrictive practice', 'No', 'Behaviour support plan consent', 'Guardian signed BSP — valid to plan end date.', '2023-09-10', '2024-09-09'),
  ('consent-bulk-19-1', 'bp-bulk-19', 1, 'Information sharing', 'Yes', 'NDIS portal consent', 'Signed copy scanned to DMS. Review annually.', '2023-09-24', null),
  ('consent-bulk-19-2', 'bp-bulk-19', 2, 'Restrictive practice', 'No', 'Behaviour support plan consent', 'Guardian signed BSP — valid to plan end date.', '2023-09-24', '2024-09-23'),
  ('consent-bulk-20-1', 'bp-bulk-20', 1, 'Medical treatment', 'Yes', 'GP information release', 'Signed copy scanned to DMS. Review annually.', '2023-10-08', null),
  ('consent-bulk-20-2', 'bp-bulk-20', 2, 'Restrictive practice', 'No', 'Behaviour support plan consent', 'Guardian signed BSP — valid to plan end date.', '2023-10-08', '2024-10-07')
on conflict (id) do update set
  client_id = excluded.client_id,
  line_no = excluded.line_no,
  consent_type = excluded.consent_type,
  show_as_alert = excluded.show_as_alert,
  name = excluded.name,
  description = excluded.description,
  valid_from = excluded.valid_from,
  valid_to = excluded.valid_to;

insert into public.client_risk (id, client_id, line_no, risk_type, show_as_alert, name, description, valid_from, valid_to)
values
  ('risk-bulk-01-1', 'bp-bulk-01', 1, 'Medical', 'Yes', 'Epilepsy — seizure plan', 'Documented in support plan and shared with rostering. Staff briefed at handover.', '2023-01-15', null),
  ('risk-bulk-01-2', 'bp-bulk-01', 2, 'Medical', 'No', 'Medication administration', 'Requires staff with medication competency. Webster pack in kitchen.', '2023-01-15', null),
  ('risk-bulk-02-1', 'bp-bulk-02', 1, 'Behaviour', 'Yes', 'Fall risk — mobility aid', 'Documented in support plan and shared with rostering. Staff briefed at handover.', '2023-01-29', null),
  ('risk-bulk-02-2', 'bp-bulk-02', 2, 'Medical', 'No', 'Medication administration', 'Requires staff with medication competency. Webster pack in kitchen.', '2023-01-29', null),
  ('risk-bulk-03-1', 'bp-bulk-03', 1, 'Environmental', 'Yes', 'Choking risk — texture modified', 'Documented in support plan and shared with rostering. Staff briefed at handover.', '2023-02-12', null),
  ('risk-bulk-03-2', 'bp-bulk-03', 2, 'Medical', 'No', 'Medication administration', 'Requires staff with medication competency. Webster pack in kitchen.', '2023-02-12', null),
  ('risk-bulk-04-1', 'bp-bulk-04', 1, 'Allergy', 'Yes', 'Latex allergy', 'Documented in support plan and shared with rostering. Staff briefed at handover.', '2023-02-26', null),
  ('risk-bulk-04-2', 'bp-bulk-04', 2, 'Medical', 'Yes', 'Medication administration', 'Requires staff with medication competency. Webster pack in kitchen.', '2023-02-26', null),
  ('risk-bulk-05-1', 'bp-bulk-05', 1, 'Medical', 'Yes', 'Epilepsy — seizure plan', 'Documented in support plan and shared with rostering. Staff briefed at handover.', '2023-03-12', null),
  ('risk-bulk-05-2', 'bp-bulk-05', 2, 'Medical', 'No', 'Medication administration', 'Requires staff with medication competency. Webster pack in kitchen.', '2023-03-12', null),
  ('risk-bulk-06-1', 'bp-bulk-06', 1, 'Behaviour', 'Yes', 'Fall risk — mobility aid', 'Documented in support plan and shared with rostering. Staff briefed at handover.', '2023-03-26', null),
  ('risk-bulk-06-2', 'bp-bulk-06', 2, 'Medical', 'No', 'Medication administration', 'Requires staff with medication competency. Webster pack in kitchen.', '2023-03-26', null),
  ('risk-bulk-07-1', 'bp-bulk-07', 1, 'Environmental', 'Yes', 'Choking risk — texture modified', 'Documented in support plan and shared with rostering. Staff briefed at handover.', '2023-04-09', null),
  ('risk-bulk-07-2', 'bp-bulk-07', 2, 'Medical', 'No', 'Medication administration', 'Requires staff with medication competency. Webster pack in kitchen.', '2023-04-09', null),
  ('risk-bulk-08-1', 'bp-bulk-08', 1, 'Allergy', 'Yes', 'Latex allergy', 'Documented in support plan and shared with rostering. Staff briefed at handover.', '2023-04-23', null),
  ('risk-bulk-08-2', 'bp-bulk-08', 2, 'Medical', 'Yes', 'Medication administration', 'Requires staff with medication competency. Webster pack in kitchen.', '2023-04-23', null),
  ('risk-bulk-09-1', 'bp-bulk-09', 1, 'Medical', 'Yes', 'Epilepsy — seizure plan', 'Documented in support plan and shared with rostering. Staff briefed at handover.', '2023-05-07', null),
  ('risk-bulk-09-2', 'bp-bulk-09', 2, 'Medical', 'No', 'Medication administration', 'Requires staff with medication competency. Webster pack in kitchen.', '2023-05-07', null),
  ('risk-bulk-10-1', 'bp-bulk-10', 1, 'Behaviour', 'Yes', 'Fall risk — mobility aid', 'Documented in support plan and shared with rostering. Staff briefed at handover.', '2023-05-21', null),
  ('risk-bulk-10-2', 'bp-bulk-10', 2, 'Medical', 'No', 'Medication administration', 'Requires staff with medication competency. Webster pack in kitchen.', '2023-05-21', null),
  ('risk-bulk-11-1', 'bp-bulk-11', 1, 'Environmental', 'Yes', 'Choking risk — texture modified', 'Documented in support plan and shared with rostering. Staff briefed at handover.', '2023-06-04', null),
  ('risk-bulk-11-2', 'bp-bulk-11', 2, 'Medical', 'No', 'Medication administration', 'Requires staff with medication competency. Webster pack in kitchen.', '2023-06-04', null),
  ('risk-bulk-12-1', 'bp-bulk-12', 1, 'Allergy', 'Yes', 'Latex allergy', 'Documented in support plan and shared with rostering. Staff briefed at handover.', '2023-06-18', null),
  ('risk-bulk-12-2', 'bp-bulk-12', 2, 'Medical', 'Yes', 'Medication administration', 'Requires staff with medication competency. Webster pack in kitchen.', '2023-06-18', null),
  ('risk-bulk-13-1', 'bp-bulk-13', 1, 'Medical', 'Yes', 'Epilepsy — seizure plan', 'Documented in support plan and shared with rostering. Staff briefed at handover.', '2023-07-02', null),
  ('risk-bulk-13-2', 'bp-bulk-13', 2, 'Medical', 'No', 'Medication administration', 'Requires staff with medication competency. Webster pack in kitchen.', '2023-07-02', null),
  ('risk-bulk-14-1', 'bp-bulk-14', 1, 'Behaviour', 'Yes', 'Fall risk — mobility aid', 'Documented in support plan and shared with rostering. Staff briefed at handover.', '2023-07-16', null),
  ('risk-bulk-14-2', 'bp-bulk-14', 2, 'Medical', 'No', 'Medication administration', 'Requires staff with medication competency. Webster pack in kitchen.', '2023-07-16', null),
  ('risk-bulk-15-1', 'bp-bulk-15', 1, 'Environmental', 'Yes', 'Choking risk — texture modified', 'Documented in support plan and shared with rostering. Staff briefed at handover.', '2023-07-30', null),
  ('risk-bulk-15-2', 'bp-bulk-15', 2, 'Medical', 'No', 'Medication administration', 'Requires staff with medication competency. Webster pack in kitchen.', '2023-07-30', null),
  ('risk-bulk-16-1', 'bp-bulk-16', 1, 'Allergy', 'Yes', 'Latex allergy', 'Documented in support plan and shared with rostering. Staff briefed at handover.', '2023-08-13', null),
  ('risk-bulk-16-2', 'bp-bulk-16', 2, 'Medical', 'Yes', 'Medication administration', 'Requires staff with medication competency. Webster pack in kitchen.', '2023-08-13', null),
  ('risk-bulk-17-1', 'bp-bulk-17', 1, 'Medical', 'Yes', 'Epilepsy — seizure plan', 'Documented in support plan and shared with rostering. Staff briefed at handover.', '2023-08-27', null),
  ('risk-bulk-17-2', 'bp-bulk-17', 2, 'Medical', 'No', 'Medication administration', 'Requires staff with medication competency. Webster pack in kitchen.', '2023-08-27', null),
  ('risk-bulk-18-1', 'bp-bulk-18', 1, 'Behaviour', 'Yes', 'Fall risk — mobility aid', 'Documented in support plan and shared with rostering. Staff briefed at handover.', '2023-09-10', null),
  ('risk-bulk-18-2', 'bp-bulk-18', 2, 'Medical', 'No', 'Medication administration', 'Requires staff with medication competency. Webster pack in kitchen.', '2023-09-10', null),
  ('risk-bulk-19-1', 'bp-bulk-19', 1, 'Environmental', 'Yes', 'Choking risk — texture modified', 'Documented in support plan and shared with rostering. Staff briefed at handover.', '2023-09-24', null),
  ('risk-bulk-19-2', 'bp-bulk-19', 2, 'Medical', 'No', 'Medication administration', 'Requires staff with medication competency. Webster pack in kitchen.', '2023-09-24', null),
  ('risk-bulk-20-1', 'bp-bulk-20', 1, 'Allergy', 'Yes', 'Latex allergy', 'Documented in support plan and shared with rostering. Staff briefed at handover.', '2023-10-08', null),
  ('risk-bulk-20-2', 'bp-bulk-20', 2, 'Medical', 'Yes', 'Medication administration', 'Requires staff with medication competency. Webster pack in kitchen.', '2023-10-08', null)
on conflict (id) do update set
  client_id = excluded.client_id,
  line_no = excluded.line_no,
  risk_type = excluded.risk_type,
  show_as_alert = excluded.show_as_alert,
  name = excluded.name,
  description = excluded.description,
  valid_from = excluded.valid_from,
  valid_to = excluded.valid_to;

insert into public.client_bp_association (id, client_id, line_no, associated_bp_name, association_type, relationship, phone, mobile, email, primary_contact, valid_from, valid_to, notes)
values
  ('bpa-bulk-01-1', 'bp-bulk-01', 1, 'James (brother)', 'Family / friend', 'Sibling', '', '0412 555 101', '', 'Yes', '2023-01-15', null, 'Primary emergency contact. Available weekdays after 5pm.'),
  ('bpa-bulk-01-2', 'bp-bulk-01', 2, 'Dr Patel', 'Health professional', 'GP', '08 8221 5500', '', '', 'No', '2023-01-15', null, 'Annual health summary requested each plan review.'),
  ('bpa-bulk-02-1', 'bp-bulk-02', 1, 'Maria (sister)', 'Family / friend', 'Guardian', '', '0413 555 102', '', 'Yes', '2023-01-29', null, 'Primary emergency contact. Available weekdays after 5pm.'),
  ('bpa-bulk-02-2', 'bp-bulk-02', 2, 'Adelaide GP Clinic', 'Health professional', 'GP', '08 8221 5500', '', '', 'No', '2023-01-29', null, 'Annual health summary requested each plan review.'),
  ('bpa-bulk-03-1', 'bp-bulk-03', 1, 'David (father)', 'Family / friend', 'Parent', '', '0414 555 103', '', 'Yes', '2023-02-12', null, 'Primary emergency contact. Available weekdays after 5pm.'),
  ('bpa-bulk-03-2', 'bp-bulk-03', 2, 'Dr Chen', 'Health professional', 'GP', '08 8221 5500', '', '', 'No', '2023-02-12', null, 'Annual health summary requested each plan review.'),
  ('bpa-bulk-04-1', 'bp-bulk-04', 1, 'Sarah (mother)', 'Family / friend', 'Sibling', '', '0415 555 104', '', 'Yes', '2023-02-26', null, 'Primary emergency contact. Available weekdays after 5pm.'),
  ('bpa-bulk-04-2', 'bp-bulk-04', 2, 'Dr Patel', 'Health professional', 'GP', '08 8221 5500', '', '', 'No', '2023-02-26', null, 'Annual health summary requested each plan review.'),
  ('bpa-bulk-05-1', 'bp-bulk-05', 1, 'James (brother)', 'Family / friend', 'Guardian', '', '0416 555 105', '', 'Yes', '2023-03-12', null, 'Primary emergency contact. Available weekdays after 5pm.'),
  ('bpa-bulk-05-2', 'bp-bulk-05', 2, 'Adelaide GP Clinic', 'Health professional', 'GP', '08 8221 5500', '', '', 'No', '2023-03-12', null, 'Annual health summary requested each plan review.'),
  ('bpa-bulk-06-1', 'bp-bulk-06', 1, 'Maria (sister)', 'Family / friend', 'Parent', '', '0417 555 106', '', 'Yes', '2023-03-26', null, 'Primary emergency contact. Available weekdays after 5pm.'),
  ('bpa-bulk-06-2', 'bp-bulk-06', 2, 'Dr Chen', 'Health professional', 'GP', '08 8221 5500', '', '', 'No', '2023-03-26', null, 'Annual health summary requested each plan review.'),
  ('bpa-bulk-07-1', 'bp-bulk-07', 1, 'David (father)', 'Family / friend', 'Sibling', '', '0418 555 107', '', 'Yes', '2023-04-09', null, 'Primary emergency contact. Available weekdays after 5pm.'),
  ('bpa-bulk-07-2', 'bp-bulk-07', 2, 'Dr Patel', 'Health professional', 'GP', '08 8221 5500', '', '', 'No', '2023-04-09', null, 'Annual health summary requested each plan review.'),
  ('bpa-bulk-08-1', 'bp-bulk-08', 1, 'Sarah (mother)', 'Family / friend', 'Guardian', '', '0419 555 108', '', 'Yes', '2023-04-23', null, 'Primary emergency contact. Available weekdays after 5pm.'),
  ('bpa-bulk-08-2', 'bp-bulk-08', 2, 'Adelaide GP Clinic', 'Health professional', 'GP', '08 8221 5500', '', '', 'No', '2023-04-23', null, 'Annual health summary requested each plan review.'),
  ('bpa-bulk-09-1', 'bp-bulk-09', 1, 'James (brother)', 'Family / friend', 'Parent', '', '0420 555 109', '', 'Yes', '2023-05-07', null, 'Primary emergency contact. Available weekdays after 5pm.'),
  ('bpa-bulk-09-2', 'bp-bulk-09', 2, 'Dr Chen', 'Health professional', 'GP', '08 8221 5500', '', '', 'No', '2023-05-07', null, 'Annual health summary requested each plan review.'),
  ('bpa-bulk-10-1', 'bp-bulk-10', 1, 'Maria (sister)', 'Family / friend', 'Sibling', '', '0421 555 110', '', 'Yes', '2023-05-21', null, 'Primary emergency contact. Available weekdays after 5pm.'),
  ('bpa-bulk-10-2', 'bp-bulk-10', 2, 'Dr Patel', 'Health professional', 'GP', '08 8221 5500', '', '', 'No', '2023-05-21', null, 'Annual health summary requested each plan review.'),
  ('bpa-bulk-11-1', 'bp-bulk-11', 1, 'David (father)', 'Family / friend', 'Guardian', '', '0422 555 111', '', 'Yes', '2023-06-04', null, 'Primary emergency contact. Available weekdays after 5pm.'),
  ('bpa-bulk-11-2', 'bp-bulk-11', 2, 'Adelaide GP Clinic', 'Health professional', 'GP', '08 8221 5500', '', '', 'No', '2023-06-04', null, 'Annual health summary requested each plan review.'),
  ('bpa-bulk-12-1', 'bp-bulk-12', 1, 'Sarah (mother)', 'Family / friend', 'Parent', '', '0423 555 112', '', 'Yes', '2023-06-18', null, 'Primary emergency contact. Available weekdays after 5pm.'),
  ('bpa-bulk-12-2', 'bp-bulk-12', 2, 'Dr Chen', 'Health professional', 'GP', '08 8221 5500', '', '', 'No', '2023-06-18', null, 'Annual health summary requested each plan review.'),
  ('bpa-bulk-13-1', 'bp-bulk-13', 1, 'James (brother)', 'Family / friend', 'Sibling', '', '0424 555 113', '', 'Yes', '2023-07-02', null, 'Primary emergency contact. Available weekdays after 5pm.'),
  ('bpa-bulk-13-2', 'bp-bulk-13', 2, 'Dr Patel', 'Health professional', 'GP', '08 8221 5500', '', '', 'No', '2023-07-02', null, 'Annual health summary requested each plan review.'),
  ('bpa-bulk-14-1', 'bp-bulk-14', 1, 'Maria (sister)', 'Family / friend', 'Guardian', '', '0425 555 114', '', 'Yes', '2023-07-16', null, 'Primary emergency contact. Available weekdays after 5pm.'),
  ('bpa-bulk-14-2', 'bp-bulk-14', 2, 'Adelaide GP Clinic', 'Health professional', 'GP', '08 8221 5500', '', '', 'No', '2023-07-16', null, 'Annual health summary requested each plan review.'),
  ('bpa-bulk-15-1', 'bp-bulk-15', 1, 'David (father)', 'Family / friend', 'Parent', '', '0426 555 115', '', 'Yes', '2023-07-30', null, 'Primary emergency contact. Available weekdays after 5pm.'),
  ('bpa-bulk-15-2', 'bp-bulk-15', 2, 'Dr Chen', 'Health professional', 'GP', '08 8221 5500', '', '', 'No', '2023-07-30', null, 'Annual health summary requested each plan review.'),
  ('bpa-bulk-16-1', 'bp-bulk-16', 1, 'Sarah (mother)', 'Family / friend', 'Sibling', '', '0427 555 116', '', 'Yes', '2023-08-13', null, 'Primary emergency contact. Available weekdays after 5pm.'),
  ('bpa-bulk-16-2', 'bp-bulk-16', 2, 'Dr Patel', 'Health professional', 'GP', '08 8221 5500', '', '', 'No', '2023-08-13', null, 'Annual health summary requested each plan review.'),
  ('bpa-bulk-17-1', 'bp-bulk-17', 1, 'James (brother)', 'Family / friend', 'Guardian', '', '0428 555 117', '', 'Yes', '2023-08-27', null, 'Primary emergency contact. Available weekdays after 5pm.'),
  ('bpa-bulk-17-2', 'bp-bulk-17', 2, 'Adelaide GP Clinic', 'Health professional', 'GP', '08 8221 5500', '', '', 'No', '2023-08-27', null, 'Annual health summary requested each plan review.'),
  ('bpa-bulk-18-1', 'bp-bulk-18', 1, 'Maria (sister)', 'Family / friend', 'Parent', '', '0429 555 118', '', 'Yes', '2023-09-10', null, 'Primary emergency contact. Available weekdays after 5pm.'),
  ('bpa-bulk-18-2', 'bp-bulk-18', 2, 'Dr Chen', 'Health professional', 'GP', '08 8221 5500', '', '', 'No', '2023-09-10', null, 'Annual health summary requested each plan review.'),
  ('bpa-bulk-19-1', 'bp-bulk-19', 1, 'David (father)', 'Family / friend', 'Sibling', '', '0430 555 119', '', 'Yes', '2023-09-24', null, 'Primary emergency contact. Available weekdays after 5pm.'),
  ('bpa-bulk-19-2', 'bp-bulk-19', 2, 'Dr Patel', 'Health professional', 'GP', '08 8221 5500', '', '', 'No', '2023-09-24', null, 'Annual health summary requested each plan review.'),
  ('bpa-bulk-20-1', 'bp-bulk-20', 1, 'Sarah (mother)', 'Family / friend', 'Guardian', '', '0431 555 120', '', 'Yes', '2023-10-08', null, 'Primary emergency contact. Available weekdays after 5pm.'),
  ('bpa-bulk-20-2', 'bp-bulk-20', 2, 'Adelaide GP Clinic', 'Health professional', 'GP', '08 8221 5500', '', '', 'No', '2023-10-08', null, 'Annual health summary requested each plan review.')
on conflict (id) do update set
  client_id = excluded.client_id,
  line_no = excluded.line_no,
  associated_bp_name = excluded.associated_bp_name,
  association_type = excluded.association_type,
  relationship = excluded.relationship,
  phone = excluded.phone,
  mobile = excluded.mobile,
  email = excluded.email,
  primary_contact = excluded.primary_contact,
  valid_from = excluded.valid_from,
  valid_to = excluded.valid_to,
  notes = excluded.notes;

insert into public.client_contact_activity (id, client_id, line_no, activity_date, activity_type, contact_name, subject, description, created_by)
values
  ('cact-bulk-01-1', 'bp-bulk-01', 1, '2023-01-18', 'Phone call', 'Family contact', 'Welcome call post-intake', 'Confirmed transport arrangements and first week roster.', 'Gabriela Wilson'),
  ('cact-bulk-01-2', 'bp-bulk-01', 2, '2023-03-16', 'Email', 'Support coordinator', 'Goal progress update', 'Shared quarterly progress against NDIS goals 1 and 2.', 'Rose Dash'),
  ('cact-bulk-01-3', 'bp-bulk-01', 3, '2023-06-14', 'Meeting', 'Plan meeting attendees', 'Annual plan review', 'Participant, family, and coordinator reviewed goals and service mix.', 'Gabriela Wilson'),
  ('cact-bulk-02-1', 'bp-bulk-02', 1, '2023-02-01', 'Phone call', 'Family contact', 'Welcome call post-intake', 'Confirmed transport arrangements and first week roster.', 'Oliver Williams'),
  ('cact-bulk-02-2', 'bp-bulk-02', 2, '2023-03-30', 'Email', 'Support coordinator', 'Goal progress update', 'Shared quarterly progress against NDIS goals 1 and 2.', 'Isla Robinson'),
  ('cact-bulk-02-3', 'bp-bulk-02', 3, '2023-06-28', 'Meeting', 'Plan meeting attendees', 'Annual plan review', 'Participant, family, and coordinator reviewed goals and service mix.', 'Oliver Williams'),
  ('cact-bulk-03-1', 'bp-bulk-03', 1, '2023-02-15', 'Phone call', 'Family contact', 'Welcome call post-intake', 'Confirmed transport arrangements and first week roster.', 'Rose Dash'),
  ('cact-bulk-03-2', 'bp-bulk-03', 2, '2023-04-13', 'Email', 'Support coordinator', 'Goal progress update', 'Shared quarterly progress against NDIS goals 1 and 2.', 'Gabriela Wilson'),
  ('cact-bulk-03-3', 'bp-bulk-03', 3, '2023-07-12', 'Meeting', 'Plan meeting attendees', 'Annual plan review', 'Participant, family, and coordinator reviewed goals and service mix.', 'Rose Dash'),
  ('cact-bulk-04-1', 'bp-bulk-04', 1, '2023-03-01', 'Phone call', 'Family contact', 'Welcome call post-intake', 'Confirmed transport arrangements and first week roster.', 'Isla Robinson'),
  ('cact-bulk-04-2', 'bp-bulk-04', 2, '2023-04-27', 'Email', 'Support coordinator', 'Goal progress update', 'Shared quarterly progress against NDIS goals 1 and 2.', 'Oliver Williams'),
  ('cact-bulk-04-3', 'bp-bulk-04', 3, '2023-07-26', 'Meeting', 'Plan meeting attendees', 'Annual plan review', 'Participant, family, and coordinator reviewed goals and service mix.', 'Isla Robinson'),
  ('cact-bulk-05-1', 'bp-bulk-05', 1, '2023-03-15', 'Phone call', 'Family contact', 'Welcome call post-intake', 'Confirmed transport arrangements and first week roster.', 'Gabriela Wilson'),
  ('cact-bulk-05-2', 'bp-bulk-05', 2, '2023-05-11', 'Email', 'Support coordinator', 'Goal progress update', 'Shared quarterly progress against NDIS goals 1 and 2.', 'Rose Dash'),
  ('cact-bulk-05-3', 'bp-bulk-05', 3, '2023-08-09', 'Meeting', 'Plan meeting attendees', 'Annual plan review', 'Participant, family, and coordinator reviewed goals and service mix.', 'Gabriela Wilson'),
  ('cact-bulk-06-1', 'bp-bulk-06', 1, '2023-03-29', 'Phone call', 'Family contact', 'Welcome call post-intake', 'Confirmed transport arrangements and first week roster.', 'Oliver Williams'),
  ('cact-bulk-06-2', 'bp-bulk-06', 2, '2023-05-25', 'Email', 'Support coordinator', 'Goal progress update', 'Shared quarterly progress against NDIS goals 1 and 2.', 'Isla Robinson'),
  ('cact-bulk-06-3', 'bp-bulk-06', 3, '2023-08-23', 'Meeting', 'Plan meeting attendees', 'Annual plan review', 'Participant, family, and coordinator reviewed goals and service mix.', 'Oliver Williams'),
  ('cact-bulk-07-1', 'bp-bulk-07', 1, '2023-04-12', 'Phone call', 'Family contact', 'Welcome call post-intake', 'Confirmed transport arrangements and first week roster.', 'Rose Dash'),
  ('cact-bulk-07-2', 'bp-bulk-07', 2, '2023-06-08', 'Email', 'Support coordinator', 'Goal progress update', 'Shared quarterly progress against NDIS goals 1 and 2.', 'Gabriela Wilson'),
  ('cact-bulk-07-3', 'bp-bulk-07', 3, '2023-09-06', 'Meeting', 'Plan meeting attendees', 'Annual plan review', 'Participant, family, and coordinator reviewed goals and service mix.', 'Rose Dash'),
  ('cact-bulk-08-1', 'bp-bulk-08', 1, '2023-04-26', 'Phone call', 'Family contact', 'Welcome call post-intake', 'Confirmed transport arrangements and first week roster.', 'Isla Robinson'),
  ('cact-bulk-08-2', 'bp-bulk-08', 2, '2023-06-22', 'Email', 'Support coordinator', 'Goal progress update', 'Shared quarterly progress against NDIS goals 1 and 2.', 'Oliver Williams'),
  ('cact-bulk-08-3', 'bp-bulk-08', 3, '2023-09-20', 'Meeting', 'Plan meeting attendees', 'Annual plan review', 'Participant, family, and coordinator reviewed goals and service mix.', 'Isla Robinson'),
  ('cact-bulk-09-1', 'bp-bulk-09', 1, '2023-05-10', 'Phone call', 'Family contact', 'Welcome call post-intake', 'Confirmed transport arrangements and first week roster.', 'Gabriela Wilson'),
  ('cact-bulk-09-2', 'bp-bulk-09', 2, '2023-07-06', 'Email', 'Support coordinator', 'Goal progress update', 'Shared quarterly progress against NDIS goals 1 and 2.', 'Rose Dash'),
  ('cact-bulk-09-3', 'bp-bulk-09', 3, '2023-10-04', 'Meeting', 'Plan meeting attendees', 'Annual plan review', 'Participant, family, and coordinator reviewed goals and service mix.', 'Gabriela Wilson'),
  ('cact-bulk-10-1', 'bp-bulk-10', 1, '2023-05-24', 'Phone call', 'Family contact', 'Welcome call post-intake', 'Confirmed transport arrangements and first week roster.', 'Oliver Williams'),
  ('cact-bulk-10-2', 'bp-bulk-10', 2, '2023-07-20', 'Email', 'Support coordinator', 'Goal progress update', 'Shared quarterly progress against NDIS goals 1 and 2.', 'Isla Robinson'),
  ('cact-bulk-10-3', 'bp-bulk-10', 3, '2023-10-18', 'Meeting', 'Plan meeting attendees', 'Annual plan review', 'Participant, family, and coordinator reviewed goals and service mix.', 'Oliver Williams'),
  ('cact-bulk-11-1', 'bp-bulk-11', 1, '2023-06-07', 'Phone call', 'Family contact', 'Welcome call post-intake', 'Confirmed transport arrangements and first week roster.', 'Rose Dash'),
  ('cact-bulk-11-2', 'bp-bulk-11', 2, '2023-08-03', 'Email', 'Support coordinator', 'Goal progress update', 'Shared quarterly progress against NDIS goals 1 and 2.', 'Gabriela Wilson'),
  ('cact-bulk-11-3', 'bp-bulk-11', 3, '2023-11-01', 'Meeting', 'Plan meeting attendees', 'Annual plan review', 'Participant, family, and coordinator reviewed goals and service mix.', 'Rose Dash'),
  ('cact-bulk-12-1', 'bp-bulk-12', 1, '2023-06-21', 'Phone call', 'Family contact', 'Welcome call post-intake', 'Confirmed transport arrangements and first week roster.', 'Isla Robinson'),
  ('cact-bulk-12-2', 'bp-bulk-12', 2, '2023-08-17', 'Email', 'Support coordinator', 'Goal progress update', 'Shared quarterly progress against NDIS goals 1 and 2.', 'Oliver Williams'),
  ('cact-bulk-12-3', 'bp-bulk-12', 3, '2023-11-15', 'Meeting', 'Plan meeting attendees', 'Annual plan review', 'Participant, family, and coordinator reviewed goals and service mix.', 'Isla Robinson'),
  ('cact-bulk-13-1', 'bp-bulk-13', 1, '2023-07-05', 'Phone call', 'Family contact', 'Welcome call post-intake', 'Confirmed transport arrangements and first week roster.', 'Gabriela Wilson'),
  ('cact-bulk-13-2', 'bp-bulk-13', 2, '2023-08-31', 'Email', 'Support coordinator', 'Goal progress update', 'Shared quarterly progress against NDIS goals 1 and 2.', 'Rose Dash'),
  ('cact-bulk-13-3', 'bp-bulk-13', 3, '2023-11-29', 'Meeting', 'Plan meeting attendees', 'Annual plan review', 'Participant, family, and coordinator reviewed goals and service mix.', 'Gabriela Wilson'),
  ('cact-bulk-14-1', 'bp-bulk-14', 1, '2023-07-19', 'Phone call', 'Family contact', 'Welcome call post-intake', 'Confirmed transport arrangements and first week roster.', 'Oliver Williams'),
  ('cact-bulk-14-2', 'bp-bulk-14', 2, '2023-09-14', 'Email', 'Support coordinator', 'Goal progress update', 'Shared quarterly progress against NDIS goals 1 and 2.', 'Isla Robinson'),
  ('cact-bulk-14-3', 'bp-bulk-14', 3, '2023-12-13', 'Meeting', 'Plan meeting attendees', 'Annual plan review', 'Participant, family, and coordinator reviewed goals and service mix.', 'Oliver Williams'),
  ('cact-bulk-15-1', 'bp-bulk-15', 1, '2023-08-02', 'Phone call', 'Family contact', 'Welcome call post-intake', 'Confirmed transport arrangements and first week roster.', 'Rose Dash'),
  ('cact-bulk-15-2', 'bp-bulk-15', 2, '2023-09-28', 'Email', 'Support coordinator', 'Goal progress update', 'Shared quarterly progress against NDIS goals 1 and 2.', 'Gabriela Wilson'),
  ('cact-bulk-15-3', 'bp-bulk-15', 3, '2023-12-27', 'Meeting', 'Plan meeting attendees', 'Annual plan review', 'Participant, family, and coordinator reviewed goals and service mix.', 'Rose Dash'),
  ('cact-bulk-16-1', 'bp-bulk-16', 1, '2023-08-16', 'Phone call', 'Family contact', 'Welcome call post-intake', 'Confirmed transport arrangements and first week roster.', 'Isla Robinson'),
  ('cact-bulk-16-2', 'bp-bulk-16', 2, '2023-10-12', 'Email', 'Support coordinator', 'Goal progress update', 'Shared quarterly progress against NDIS goals 1 and 2.', 'Oliver Williams'),
  ('cact-bulk-16-3', 'bp-bulk-16', 3, '2024-01-10', 'Meeting', 'Plan meeting attendees', 'Annual plan review', 'Participant, family, and coordinator reviewed goals and service mix.', 'Isla Robinson'),
  ('cact-bulk-17-1', 'bp-bulk-17', 1, '2023-08-30', 'Phone call', 'Family contact', 'Welcome call post-intake', 'Confirmed transport arrangements and first week roster.', 'Gabriela Wilson'),
  ('cact-bulk-17-2', 'bp-bulk-17', 2, '2023-10-26', 'Email', 'Support coordinator', 'Goal progress update', 'Shared quarterly progress against NDIS goals 1 and 2.', 'Rose Dash'),
  ('cact-bulk-17-3', 'bp-bulk-17', 3, '2024-01-24', 'Meeting', 'Plan meeting attendees', 'Annual plan review', 'Participant, family, and coordinator reviewed goals and service mix.', 'Gabriela Wilson'),
  ('cact-bulk-18-1', 'bp-bulk-18', 1, '2023-09-13', 'Phone call', 'Family contact', 'Welcome call post-intake', 'Confirmed transport arrangements and first week roster.', 'Oliver Williams'),
  ('cact-bulk-18-2', 'bp-bulk-18', 2, '2023-11-09', 'Email', 'Support coordinator', 'Goal progress update', 'Shared quarterly progress against NDIS goals 1 and 2.', 'Isla Robinson'),
  ('cact-bulk-18-3', 'bp-bulk-18', 3, '2024-02-07', 'Meeting', 'Plan meeting attendees', 'Annual plan review', 'Participant, family, and coordinator reviewed goals and service mix.', 'Oliver Williams'),
  ('cact-bulk-19-1', 'bp-bulk-19', 1, '2023-09-27', 'Phone call', 'Family contact', 'Welcome call post-intake', 'Confirmed transport arrangements and first week roster.', 'Rose Dash'),
  ('cact-bulk-19-2', 'bp-bulk-19', 2, '2023-11-23', 'Email', 'Support coordinator', 'Goal progress update', 'Shared quarterly progress against NDIS goals 1 and 2.', 'Gabriela Wilson'),
  ('cact-bulk-19-3', 'bp-bulk-19', 3, '2024-02-21', 'Meeting', 'Plan meeting attendees', 'Annual plan review', 'Participant, family, and coordinator reviewed goals and service mix.', 'Rose Dash'),
  ('cact-bulk-20-1', 'bp-bulk-20', 1, '2023-10-11', 'Phone call', 'Family contact', 'Welcome call post-intake', 'Confirmed transport arrangements and first week roster.', 'Isla Robinson'),
  ('cact-bulk-20-2', 'bp-bulk-20', 2, '2023-12-07', 'Email', 'Support coordinator', 'Goal progress update', 'Shared quarterly progress against NDIS goals 1 and 2.', 'Oliver Williams'),
  ('cact-bulk-20-3', 'bp-bulk-20', 3, '2024-03-06', 'Meeting', 'Plan meeting attendees', 'Annual plan review', 'Participant, family, and coordinator reviewed goals and service mix.', 'Isla Robinson')
on conflict (id) do update set
  client_id = excluded.client_id,
  line_no = excluded.line_no,
  activity_date = excluded.activity_date,
  activity_type = excluded.activity_type,
  contact_name = excluded.contact_name,
  subject = excluded.subject,
  description = excluded.description,
  created_by = excluded.created_by;

insert into public.client_support_receiver_need_rule (id, client_id, line_no, category, name, rule_text, show_as_alert, valid_from, valid_to)
values
  ('need-bulk-01-1', 'bp-bulk-01', 1, 'Communication', 'AAC device', 'Follow support plan section. Document variances in shift notes same day.', 'Yes', '2023-01-15', null),
  ('need-bulk-01-2', 'bp-bulk-01', 2, 'Community access', 'Transport preferences', 'Prefers same support worker for community outings where possible. Allow 15 min transition time.', 'No', '2023-01-15', null),
  ('need-bulk-02-1', 'bp-bulk-02', 1, 'Meals', 'Texture-modified meals', 'Follow support plan section. Document variances in shift notes same day.', 'Yes', '2023-01-29', null),
  ('need-bulk-02-2', 'bp-bulk-02', 2, 'Community access', 'Transport preferences', 'Prefers same support worker for community outings where possible. Allow 15 min transition time.', 'No', '2023-01-29', null),
  ('need-bulk-03-1', 'bp-bulk-03', 1, 'Mobility', 'Two-person transfer', 'Follow support plan section. Document variances in shift notes same day.', 'Yes', '2023-02-12', null),
  ('need-bulk-03-2', 'bp-bulk-03', 2, 'Community access', 'Transport preferences', 'Prefers same support worker for community outings where possible. Allow 15 min transition time.', 'No', '2023-02-12', null),
  ('need-bulk-04-1', 'bp-bulk-04', 1, 'Personal care', 'Morning routine', 'Follow support plan section. Document variances in shift notes same day.', 'Yes', '2023-02-26', null),
  ('need-bulk-04-2', 'bp-bulk-04', 2, 'Community access', 'Transport preferences', 'Prefers same support worker for community outings where possible. Allow 15 min transition time.', 'No', '2023-02-26', null),
  ('need-bulk-05-1', 'bp-bulk-05', 1, 'Communication', 'AAC device', 'Follow support plan section. Document variances in shift notes same day.', 'Yes', '2023-03-12', null),
  ('need-bulk-05-2', 'bp-bulk-05', 2, 'Community access', 'Transport preferences', 'Prefers same support worker for community outings where possible. Allow 15 min transition time.', 'No', '2023-03-12', null),
  ('need-bulk-06-1', 'bp-bulk-06', 1, 'Meals', 'Texture-modified meals', 'Follow support plan section. Document variances in shift notes same day.', 'Yes', '2023-03-26', null),
  ('need-bulk-06-2', 'bp-bulk-06', 2, 'Community access', 'Transport preferences', 'Prefers same support worker for community outings where possible. Allow 15 min transition time.', 'No', '2023-03-26', null),
  ('need-bulk-07-1', 'bp-bulk-07', 1, 'Mobility', 'Two-person transfer', 'Follow support plan section. Document variances in shift notes same day.', 'Yes', '2023-04-09', null),
  ('need-bulk-07-2', 'bp-bulk-07', 2, 'Community access', 'Transport preferences', 'Prefers same support worker for community outings where possible. Allow 15 min transition time.', 'No', '2023-04-09', null),
  ('need-bulk-08-1', 'bp-bulk-08', 1, 'Personal care', 'Morning routine', 'Follow support plan section. Document variances in shift notes same day.', 'Yes', '2023-04-23', null),
  ('need-bulk-08-2', 'bp-bulk-08', 2, 'Community access', 'Transport preferences', 'Prefers same support worker for community outings where possible. Allow 15 min transition time.', 'No', '2023-04-23', null),
  ('need-bulk-09-1', 'bp-bulk-09', 1, 'Communication', 'AAC device', 'Follow support plan section. Document variances in shift notes same day.', 'Yes', '2023-05-07', null),
  ('need-bulk-09-2', 'bp-bulk-09', 2, 'Community access', 'Transport preferences', 'Prefers same support worker for community outings where possible. Allow 15 min transition time.', 'No', '2023-05-07', null),
  ('need-bulk-10-1', 'bp-bulk-10', 1, 'Meals', 'Texture-modified meals', 'Follow support plan section. Document variances in shift notes same day.', 'Yes', '2023-05-21', null),
  ('need-bulk-10-2', 'bp-bulk-10', 2, 'Community access', 'Transport preferences', 'Prefers same support worker for community outings where possible. Allow 15 min transition time.', 'No', '2023-05-21', null),
  ('need-bulk-11-1', 'bp-bulk-11', 1, 'Mobility', 'Two-person transfer', 'Follow support plan section. Document variances in shift notes same day.', 'Yes', '2023-06-04', null),
  ('need-bulk-11-2', 'bp-bulk-11', 2, 'Community access', 'Transport preferences', 'Prefers same support worker for community outings where possible. Allow 15 min transition time.', 'No', '2023-06-04', null),
  ('need-bulk-12-1', 'bp-bulk-12', 1, 'Personal care', 'Morning routine', 'Follow support plan section. Document variances in shift notes same day.', 'Yes', '2023-06-18', null),
  ('need-bulk-12-2', 'bp-bulk-12', 2, 'Community access', 'Transport preferences', 'Prefers same support worker for community outings where possible. Allow 15 min transition time.', 'No', '2023-06-18', null),
  ('need-bulk-13-1', 'bp-bulk-13', 1, 'Communication', 'AAC device', 'Follow support plan section. Document variances in shift notes same day.', 'Yes', '2023-07-02', null),
  ('need-bulk-13-2', 'bp-bulk-13', 2, 'Community access', 'Transport preferences', 'Prefers same support worker for community outings where possible. Allow 15 min transition time.', 'No', '2023-07-02', null),
  ('need-bulk-14-1', 'bp-bulk-14', 1, 'Meals', 'Texture-modified meals', 'Follow support plan section. Document variances in shift notes same day.', 'Yes', '2023-07-16', null),
  ('need-bulk-14-2', 'bp-bulk-14', 2, 'Community access', 'Transport preferences', 'Prefers same support worker for community outings where possible. Allow 15 min transition time.', 'No', '2023-07-16', null),
  ('need-bulk-15-1', 'bp-bulk-15', 1, 'Mobility', 'Two-person transfer', 'Follow support plan section. Document variances in shift notes same day.', 'Yes', '2023-07-30', null),
  ('need-bulk-15-2', 'bp-bulk-15', 2, 'Community access', 'Transport preferences', 'Prefers same support worker for community outings where possible. Allow 15 min transition time.', 'No', '2023-07-30', null),
  ('need-bulk-16-1', 'bp-bulk-16', 1, 'Personal care', 'Morning routine', 'Follow support plan section. Document variances in shift notes same day.', 'Yes', '2023-08-13', null),
  ('need-bulk-16-2', 'bp-bulk-16', 2, 'Community access', 'Transport preferences', 'Prefers same support worker for community outings where possible. Allow 15 min transition time.', 'No', '2023-08-13', null),
  ('need-bulk-17-1', 'bp-bulk-17', 1, 'Communication', 'AAC device', 'Follow support plan section. Document variances in shift notes same day.', 'Yes', '2023-08-27', null),
  ('need-bulk-17-2', 'bp-bulk-17', 2, 'Community access', 'Transport preferences', 'Prefers same support worker for community outings where possible. Allow 15 min transition time.', 'No', '2023-08-27', null),
  ('need-bulk-18-1', 'bp-bulk-18', 1, 'Meals', 'Texture-modified meals', 'Follow support plan section. Document variances in shift notes same day.', 'Yes', '2023-09-10', null),
  ('need-bulk-18-2', 'bp-bulk-18', 2, 'Community access', 'Transport preferences', 'Prefers same support worker for community outings where possible. Allow 15 min transition time.', 'No', '2023-09-10', null),
  ('need-bulk-19-1', 'bp-bulk-19', 1, 'Mobility', 'Two-person transfer', 'Follow support plan section. Document variances in shift notes same day.', 'Yes', '2023-09-24', null),
  ('need-bulk-19-2', 'bp-bulk-19', 2, 'Community access', 'Transport preferences', 'Prefers same support worker for community outings where possible. Allow 15 min transition time.', 'No', '2023-09-24', null),
  ('need-bulk-20-1', 'bp-bulk-20', 1, 'Personal care', 'Morning routine', 'Follow support plan section. Document variances in shift notes same day.', 'Yes', '2023-10-08', null),
  ('need-bulk-20-2', 'bp-bulk-20', 2, 'Community access', 'Transport preferences', 'Prefers same support worker for community outings where possible. Allow 15 min transition time.', 'No', '2023-10-08', null)
on conflict (id) do update set
  client_id = excluded.client_id,
  line_no = excluded.line_no,
  category = excluded.category,
  name = excluded.name,
  rule_text = excluded.rule_text,
  show_as_alert = excluded.show_as_alert,
  valid_from = excluded.valid_from,
  valid_to = excluded.valid_to;

insert into public.support_location_client (id, location_id, line_no, client_id, assignment_role, primary_assignment, valid_from, notes)
values
  ('loc-cli-bulk-01', 'loc-glenelg-sil', 1, 'bp-bulk-01', 'Resident', 'Yes', '2023-01-15', 'Bulk seed placement — SIL house at Glenelg.'),
  ('loc-cli-bulk-02', 'loc-adelaide-hub', 1, 'bp-bulk-02', 'Participant', 'Yes', '2023-01-29', 'Bulk seed placement — Day program at Adelaide.'),
  ('loc-cli-bulk-03', 'loc-northern-sil', 1, 'bp-bulk-03', 'Resident', 'Yes', '2023-02-12', 'Bulk seed placement — SIL house at Salisbury.'),
  ('loc-cli-bulk-04', 'loc-southern-respite', 1, 'bp-bulk-04', 'Guest', 'Yes', '2023-02-26', 'Bulk seed placement — Respite at Brighton.'),
  ('loc-cli-bulk-05', 'loc-murray-bridge-day', 1, 'bp-bulk-05', 'Participant', 'Yes', '2023-03-12', 'Bulk seed placement — Day program at Murray Bridge.'),
  ('loc-cli-bulk-06', 'loc-glenelg-sil', 2, 'bp-bulk-06', 'Resident', 'Yes', '2023-03-26', 'Bulk seed placement — SIL house at Glenelg.'),
  ('loc-cli-bulk-07', 'loc-adelaide-hub', 2, 'bp-bulk-07', 'Participant', 'Yes', '2023-04-09', 'Bulk seed placement — Day program at Adelaide.'),
  ('loc-cli-bulk-08', 'loc-northern-sil', 2, 'bp-bulk-08', 'Resident', 'Yes', '2023-04-23', 'Bulk seed placement — SIL house at Salisbury.'),
  ('loc-cli-bulk-09', 'loc-southern-respite', 2, 'bp-bulk-09', 'Guest', 'Yes', '2023-05-07', 'Bulk seed placement — Respite at Brighton.'),
  ('loc-cli-bulk-10', 'loc-murray-bridge-day', 2, 'bp-bulk-10', 'Participant', 'Yes', '2023-05-21', 'Bulk seed placement — Day program at Murray Bridge.'),
  ('loc-cli-bulk-11', 'loc-glenelg-sil', 3, 'bp-bulk-11', 'Resident', 'Yes', '2023-06-04', 'Bulk seed placement — SIL house at Glenelg.'),
  ('loc-cli-bulk-12', 'loc-adelaide-hub', 3, 'bp-bulk-12', 'Participant', 'Yes', '2023-06-18', 'Bulk seed placement — Day program at Adelaide.'),
  ('loc-cli-bulk-13', 'loc-northern-sil', 3, 'bp-bulk-13', 'Resident', 'Yes', '2023-07-02', 'Bulk seed placement — SIL house at Salisbury.'),
  ('loc-cli-bulk-14', 'loc-southern-respite', 3, 'bp-bulk-14', 'Guest', 'Yes', '2023-07-16', 'Bulk seed placement — Respite at Brighton.'),
  ('loc-cli-bulk-15', 'loc-murray-bridge-day', 3, 'bp-bulk-15', 'Participant', 'Yes', '2023-07-30', 'Bulk seed placement — Day program at Murray Bridge.'),
  ('loc-cli-bulk-16', 'loc-glenelg-sil', 4, 'bp-bulk-16', 'Resident', 'Yes', '2023-08-13', 'Bulk seed placement — SIL house at Glenelg.'),
  ('loc-cli-bulk-17', 'loc-adelaide-hub', 4, 'bp-bulk-17', 'Participant', 'Yes', '2023-08-27', 'Bulk seed placement — Day program at Adelaide.'),
  ('loc-cli-bulk-18', 'loc-northern-sil', 4, 'bp-bulk-18', 'Resident', 'Yes', '2023-09-10', 'Bulk seed placement — SIL house at Salisbury.'),
  ('loc-cli-bulk-19', 'loc-southern-respite', 4, 'bp-bulk-19', 'Guest', 'Yes', '2023-09-24', 'Bulk seed placement — Respite at Brighton.'),
  ('loc-cli-bulk-20', 'loc-murray-bridge-day', 4, 'bp-bulk-20', 'Participant', 'Yes', '2023-10-08', 'Bulk seed placement — Day program at Murray Bridge.')
on conflict (id) do update set
  location_id = excluded.location_id,
  line_no = excluded.line_no,
  client_id = excluded.client_id,
  assignment_role = excluded.assignment_role,
  primary_assignment = excluded.primary_assignment,
  valid_from = excluded.valid_from,
  notes = excluded.notes;

insert into public.service_agreement (id, search_key, name, description, client_id, price_list_id, term, status, execution_date, contract_date, finish_date, review_date, total_planned_amount, created_by, updated_by)
values
  ('sa-bulk-01', 'NOBR01_NDIS', 'NDIS Service Agreement', 'Supported Independent Living; Assistance with Daily Life — active agreement for Noah Brown', 'bp-bulk-01', 'pl-ndis-2024', 'Fixed Term', 'Active', '2023-01-15', '2023-01-15', '2024-01-15', '2023-11-11', 8989.8, 'Gabriela Wilson', 'Gabriela Wilson'),
  ('sa-bulk-02', 'MITA02_NDIS', 'NDIS Service Agreement', 'Short Term Accommodation; Community Access — active agreement for Mia Taylor', 'bp-bulk-02', 'pl-ndis-2024', 'Fixed Term', 'Active', '2023-01-29', '2023-01-29', '2024-01-29', '2023-11-25', 9129.6, 'Oliver Williams', 'Oliver Williams'),
  ('sa-bulk-03', 'LIAN03_NDIS', 'NDIS Service Agreement', 'Day Program; Transport; Skills Development — active agreement for Liam Anderson', 'bp-bulk-03', 'pl-ndis-2024', 'Fixed Term', 'Active', '2023-02-12', '2023-02-12', '2024-02-12', '2023-12-09', 9269.4, 'Rose Dash', 'Rose Dash'),
  ('sa-bulk-04', 'ZOTH04_NDIS', 'NDIS Service Agreement', 'Respite; Personal Care; Household Tasks — active agreement for Zoe Thomas', 'bp-bulk-04', 'pl-ndis-2024', 'Fixed Term', 'Active', '2023-02-26', '2023-02-26', '2024-02-26', '2023-12-23', 9409.2, 'Isla Robinson', 'Isla Robinson'),
  ('sa-bulk-05', 'ETJA05_NDIS', 'NDIS Service Agreement', 'Assistance with Self Care Activities; Community Participation — active agreement for Ethan Jackson', 'bp-bulk-05', 'pl-ndis-2024', 'Fixed Term', 'Active', '2023-03-12', '2023-03-12', '2024-03-11', '2024-01-06', 9549, 'Gabriela Wilson', 'Gabriela Wilson'),
  ('sa-bulk-06', 'CHWH06_NDIS', 'NDIS Service Agreement', 'Supported Independent Living; Assistance with Daily Life — active agreement for Chloe White', 'bp-bulk-06', 'pl-ndis-2024', 'Fixed Term', 'Active', '2023-03-26', '2023-03-26', '2024-03-25', '2024-01-20', 9688.8, 'Oliver Williams', 'Oliver Williams'),
  ('sa-bulk-07', 'MAHA07_NDIS', 'NDIS Service Agreement', 'Short Term Accommodation; Community Access — active agreement for Mason Harris', 'bp-bulk-07', 'pl-ndis-2024', 'Fixed Term', 'Active', '2023-04-09', '2023-04-09', '2024-04-08', '2024-02-03', 9828.6, 'Rose Dash', 'Rose Dash'),
  ('sa-bulk-08', 'RUMA08_NDIS', 'NDIS Service Agreement', 'Day Program; Transport; Skills Development — active agreement for Ruby Martin', 'bp-bulk-08', 'pl-ndis-2024', 'Fixed Term', 'Active', '2023-04-23', '2023-04-23', '2024-04-22', '2024-02-17', 9968.4, 'Isla Robinson', 'Isla Robinson'),
  ('sa-bulk-09', 'LUTH09_NDIS', 'NDIS Service Agreement', 'Respite; Personal Care; Household Tasks — active agreement for Lucas Thompson', 'bp-bulk-09', 'pl-ndis-2024', 'Fixed Term', 'Active', '2023-05-07', '2023-05-07', '2024-05-06', '2024-03-02', 10108.2, 'Gabriela Wilson', 'Gabriela Wilson'),
  ('sa-bulk-10', 'GRGA10_NDIS', 'NDIS Service Agreement', 'Assistance with Self Care Activities; Community Participation — active agreement for Grace Garcia', 'bp-bulk-10', 'pl-ndis-2024', 'Fixed Term', 'Active', '2023-05-21', '2023-05-21', '2024-05-20', '2024-03-16', 10248, 'Oliver Williams', 'Oliver Williams'),
  ('sa-bulk-11', 'HERO11_NDIS', 'NDIS Service Agreement', 'Supported Independent Living; Assistance with Daily Life — active agreement for Henry Robinson', 'bp-bulk-11', 'pl-ndis-2024', 'Fixed Term', 'Active', '2023-06-04', '2023-06-04', '2024-06-03', '2024-03-30', 10387.8, 'Rose Dash', 'Rose Dash'),
  ('sa-bulk-12', 'ELCL12_NDIS', 'NDIS Service Agreement', 'Short Term Accommodation; Community Access — active agreement for Ella Clark', 'bp-bulk-12', 'pl-ndis-2024', 'Fixed Term', 'Active', '2023-06-18', '2023-06-18', '2024-06-17', '2024-04-13', 10527.6, 'Isla Robinson', 'Isla Robinson'),
  ('sa-bulk-13', 'JALE13_NDIS', 'NDIS Service Agreement', 'Day Program; Transport; Skills Development — active agreement for Jack Lewis', 'bp-bulk-13', 'pl-ndis-2024', 'Fixed Term', 'Active', '2023-07-02', '2023-07-02', '2024-07-01', '2024-04-27', 10667.4, 'Gabriela Wilson', 'Gabriela Wilson'),
  ('sa-bulk-14', 'SOLE14_NDIS', 'NDIS Service Agreement', 'Respite; Personal Care; Household Tasks — active agreement for Sophie Lee', 'bp-bulk-14', 'pl-ndis-2024', 'Fixed Term', 'Active', '2023-07-16', '2023-07-16', '2024-07-15', '2024-05-11', 10807.2, 'Oliver Williams', 'Oliver Williams'),
  ('sa-bulk-15', 'LEWA15_NDIS', 'NDIS Service Agreement', 'Assistance with Self Care Activities; Community Participation — active agreement for Levi Walker', 'bp-bulk-15', 'pl-ndis-2024', 'Fixed Term', 'Active', '2023-07-30', '2023-07-30', '2024-07-29', '2024-05-25', 10947, 'Rose Dash', 'Rose Dash'),
  ('sa-bulk-16', 'AMHA16_NDIS', 'NDIS Service Agreement', 'Supported Independent Living; Assistance with Daily Life — active agreement for Amelia Hall', 'bp-bulk-16', 'pl-ndis-2024', 'Fixed Term', 'Active', '2023-08-13', '2023-08-13', '2024-08-12', '2024-06-08', 11086.8, 'Isla Robinson', 'Isla Robinson'),
  ('sa-bulk-17', 'OSNG17_NDIS', 'NDIS Service Agreement', 'Short Term Accommodation; Community Access — active agreement for Oscar Nguyen', 'bp-bulk-17', 'pl-ndis-2024', 'Fixed Term', 'Active', '2023-08-27', '2023-08-27', '2024-08-26', '2024-06-22', 11226.6, 'Gabriela Wilson', 'Gabriela Wilson'),
  ('sa-bulk-18', 'HAPA18_NDIS', 'NDIS Service Agreement', 'Day Program; Transport; Skills Development — active agreement for Harper Patel', 'bp-bulk-18', 'pl-ndis-2024', 'Fixed Term', 'Active', '2023-09-10', '2023-09-10', '2024-09-09', '2024-07-06', 11366.4, 'Oliver Williams', 'Oliver Williams'),
  ('sa-bulk-19', 'FIMU19_NDIS', 'NDIS Service Agreement', 'Respite; Personal Care; Household Tasks — active agreement for Finn Murphy', 'bp-bulk-19', 'pl-ndis-2024', 'Fixed Term', 'Active', '2023-09-24', '2023-09-24', '2024-09-23', '2024-07-20', 11506.2, 'Rose Dash', 'Rose Dash'),
  ('sa-bulk-20', 'AVSI20_NDIS', 'NDIS Service Agreement', 'Assistance with Self Care Activities; Community Participation — active agreement for Ava Singh', 'bp-bulk-20', 'pl-ndis-2024', 'Fixed Term', 'Active', '2023-10-08', '2023-10-08', '2024-10-07', '2024-08-03', 11646, 'Isla Robinson', 'Isla Robinson')
on conflict (id) do update set
  search_key = excluded.search_key,
  name = excluded.name,
  description = excluded.description,
  client_id = excluded.client_id,
  price_list_id = excluded.price_list_id,
  term = excluded.term,
  status = excluded.status,
  execution_date = excluded.execution_date,
  contract_date = excluded.contract_date,
  finish_date = excluded.finish_date,
  review_date = excluded.review_date,
  total_planned_amount = excluded.total_planned_amount,
  created_by = excluded.created_by,
  updated_by = excluded.updated_by;

insert into public.service_agreement_line (id, service_agreement_id, line_no, product_id, name, description, planned_price, registration_group, funding_type, funding_body, funding_management_type, budget_rules)
values
  ('sal-bulk-01-1', 'sa-bulk-01', 10, 'prod-sil-wd', 'SIL', 'Supported Independent Living — weekday', 8627.5, 'Supported Independent Living', 'Funding Body', 'DSOA - Disability Support for Older Australians', 'Portal Managed', 'Strict Limit'),
  ('sal-bulk-01-2', 'sa-bulk-01', 20, 'prod-cp', 'Community Participation', 'Assistance with social and community participation', 362.3, 'Participation In Community And Social And Civic Activities', 'Funding Body', 'DSOA - Disability Support for Older Australians', 'Portal Managed', 'Warning'),
  ('sal-bulk-02-1', 'sa-bulk-02', 10, 'prod-sil-wd', 'SIL', 'Supported Independent Living — weekday', 8755, 'Supported Independent Living', 'Funding Body', 'Commonwealth Home Support Programme (CHSP)', 'Portal Managed', 'Strict Limit'),
  ('sal-bulk-02-2', 'sa-bulk-02', 20, 'prod-cp', 'Community Participation', 'Assistance with social and community participation', 374.6, 'Participation In Community And Social And Civic Activities', 'Funding Body', 'Commonwealth Home Support Programme (CHSP)', 'Portal Managed', 'Warning'),
  ('sal-bulk-03-1', 'sa-bulk-03', 10, 'prod-sil-wd', 'SIL', 'Supported Independent Living — weekday', 8882.5, 'Supported Independent Living', 'Funding Body', 'NDIS - National Disability Insurance Scheme', 'Portal Managed', 'Strict Limit'),
  ('sal-bulk-03-2', 'sa-bulk-03', 20, 'prod-cp', 'Community Participation', 'Assistance with social and community participation', 386.9, 'Participation In Community And Social And Civic Activities', 'Funding Body', 'NDIS - National Disability Insurance Scheme', 'Portal Managed', 'Warning'),
  ('sal-bulk-04-1', 'sa-bulk-04', 10, 'prod-sil-wd', 'SIL', 'Supported Independent Living — weekday', 9010, 'Supported Independent Living', 'Funding Body', 'DSOA - Disability Support for Older Australians', 'Portal Managed', 'Strict Limit'),
  ('sal-bulk-04-2', 'sa-bulk-04', 20, 'prod-cp', 'Community Participation', 'Assistance with social and community participation', 399.2, 'Participation In Community And Social And Civic Activities', 'Funding Body', 'DSOA - Disability Support for Older Australians', 'Portal Managed', 'Warning'),
  ('sal-bulk-05-1', 'sa-bulk-05', 10, 'prod-sil-wd', 'SIL', 'Supported Independent Living — weekday', 9137.5, 'Supported Independent Living', 'Funding Body', 'Commonwealth Home Support Programme (CHSP)', 'Portal Managed', 'Strict Limit'),
  ('sal-bulk-05-2', 'sa-bulk-05', 20, 'prod-cp', 'Community Participation', 'Assistance with social and community participation', 411.5, 'Participation In Community And Social And Civic Activities', 'Funding Body', 'Commonwealth Home Support Programme (CHSP)', 'Portal Managed', 'Warning'),
  ('sal-bulk-06-1', 'sa-bulk-06', 10, 'prod-sil-wd', 'SIL', 'Supported Independent Living — weekday', 9265, 'Supported Independent Living', 'Funding Body', 'NDIS - National Disability Insurance Scheme', 'Portal Managed', 'Strict Limit'),
  ('sal-bulk-06-2', 'sa-bulk-06', 20, 'prod-cp', 'Community Participation', 'Assistance with social and community participation', 423.8, 'Participation In Community And Social And Civic Activities', 'Funding Body', 'NDIS - National Disability Insurance Scheme', 'Portal Managed', 'Warning'),
  ('sal-bulk-07-1', 'sa-bulk-07', 10, 'prod-sil-wd', 'SIL', 'Supported Independent Living — weekday', 9392.5, 'Supported Independent Living', 'Funding Body', 'DSOA - Disability Support for Older Australians', 'Portal Managed', 'Strict Limit'),
  ('sal-bulk-07-2', 'sa-bulk-07', 20, 'prod-cp', 'Community Participation', 'Assistance with social and community participation', 436.1, 'Participation In Community And Social And Civic Activities', 'Funding Body', 'DSOA - Disability Support for Older Australians', 'Portal Managed', 'Warning'),
  ('sal-bulk-08-1', 'sa-bulk-08', 10, 'prod-sil-wd', 'SIL', 'Supported Independent Living — weekday', 9520, 'Supported Independent Living', 'Funding Body', 'Commonwealth Home Support Programme (CHSP)', 'Portal Managed', 'Strict Limit'),
  ('sal-bulk-08-2', 'sa-bulk-08', 20, 'prod-cp', 'Community Participation', 'Assistance with social and community participation', 448.4, 'Participation In Community And Social And Civic Activities', 'Funding Body', 'Commonwealth Home Support Programme (CHSP)', 'Portal Managed', 'Warning'),
  ('sal-bulk-09-1', 'sa-bulk-09', 10, 'prod-sil-wd', 'SIL', 'Supported Independent Living — weekday', 9647.5, 'Supported Independent Living', 'Funding Body', 'NDIS - National Disability Insurance Scheme', 'Portal Managed', 'Strict Limit'),
  ('sal-bulk-09-2', 'sa-bulk-09', 20, 'prod-cp', 'Community Participation', 'Assistance with social and community participation', 460.7, 'Participation In Community And Social And Civic Activities', 'Funding Body', 'NDIS - National Disability Insurance Scheme', 'Portal Managed', 'Warning'),
  ('sal-bulk-10-1', 'sa-bulk-10', 10, 'prod-sil-wd', 'SIL', 'Supported Independent Living — weekday', 9775, 'Supported Independent Living', 'Funding Body', 'DSOA - Disability Support for Older Australians', 'Portal Managed', 'Strict Limit'),
  ('sal-bulk-10-2', 'sa-bulk-10', 20, 'prod-cp', 'Community Participation', 'Assistance with social and community participation', 473, 'Participation In Community And Social And Civic Activities', 'Funding Body', 'DSOA - Disability Support for Older Australians', 'Portal Managed', 'Warning'),
  ('sal-bulk-11-1', 'sa-bulk-11', 10, 'prod-sil-wd', 'SIL', 'Supported Independent Living — weekday', 9902.5, 'Supported Independent Living', 'Funding Body', 'Commonwealth Home Support Programme (CHSP)', 'Portal Managed', 'Strict Limit'),
  ('sal-bulk-11-2', 'sa-bulk-11', 20, 'prod-cp', 'Community Participation', 'Assistance with social and community participation', 485.3, 'Participation In Community And Social And Civic Activities', 'Funding Body', 'Commonwealth Home Support Programme (CHSP)', 'Portal Managed', 'Warning'),
  ('sal-bulk-12-1', 'sa-bulk-12', 10, 'prod-sil-wd', 'SIL', 'Supported Independent Living — weekday', 10030, 'Supported Independent Living', 'Funding Body', 'NDIS - National Disability Insurance Scheme', 'Portal Managed', 'Strict Limit'),
  ('sal-bulk-12-2', 'sa-bulk-12', 20, 'prod-cp', 'Community Participation', 'Assistance with social and community participation', 497.6, 'Participation In Community And Social And Civic Activities', 'Funding Body', 'NDIS - National Disability Insurance Scheme', 'Portal Managed', 'Warning'),
  ('sal-bulk-13-1', 'sa-bulk-13', 10, 'prod-sil-wd', 'SIL', 'Supported Independent Living — weekday', 10157.5, 'Supported Independent Living', 'Funding Body', 'DSOA - Disability Support for Older Australians', 'Portal Managed', 'Strict Limit'),
  ('sal-bulk-13-2', 'sa-bulk-13', 20, 'prod-cp', 'Community Participation', 'Assistance with social and community participation', 509.9, 'Participation In Community And Social And Civic Activities', 'Funding Body', 'DSOA - Disability Support for Older Australians', 'Portal Managed', 'Warning'),
  ('sal-bulk-14-1', 'sa-bulk-14', 10, 'prod-sil-wd', 'SIL', 'Supported Independent Living — weekday', 10285, 'Supported Independent Living', 'Funding Body', 'Commonwealth Home Support Programme (CHSP)', 'Portal Managed', 'Strict Limit'),
  ('sal-bulk-14-2', 'sa-bulk-14', 20, 'prod-cp', 'Community Participation', 'Assistance with social and community participation', 522.2, 'Participation In Community And Social And Civic Activities', 'Funding Body', 'Commonwealth Home Support Programme (CHSP)', 'Portal Managed', 'Warning'),
  ('sal-bulk-15-1', 'sa-bulk-15', 10, 'prod-sil-wd', 'SIL', 'Supported Independent Living — weekday', 10412.5, 'Supported Independent Living', 'Funding Body', 'NDIS - National Disability Insurance Scheme', 'Portal Managed', 'Strict Limit'),
  ('sal-bulk-15-2', 'sa-bulk-15', 20, 'prod-cp', 'Community Participation', 'Assistance with social and community participation', 534.5, 'Participation In Community And Social And Civic Activities', 'Funding Body', 'NDIS - National Disability Insurance Scheme', 'Portal Managed', 'Warning'),
  ('sal-bulk-16-1', 'sa-bulk-16', 10, 'prod-sil-wd', 'SIL', 'Supported Independent Living — weekday', 10540, 'Supported Independent Living', 'Funding Body', 'DSOA - Disability Support for Older Australians', 'Portal Managed', 'Strict Limit'),
  ('sal-bulk-16-2', 'sa-bulk-16', 20, 'prod-cp', 'Community Participation', 'Assistance with social and community participation', 546.8, 'Participation In Community And Social And Civic Activities', 'Funding Body', 'DSOA - Disability Support for Older Australians', 'Portal Managed', 'Warning'),
  ('sal-bulk-17-1', 'sa-bulk-17', 10, 'prod-sil-wd', 'SIL', 'Supported Independent Living — weekday', 10667.5, 'Supported Independent Living', 'Funding Body', 'Commonwealth Home Support Programme (CHSP)', 'Portal Managed', 'Strict Limit'),
  ('sal-bulk-17-2', 'sa-bulk-17', 20, 'prod-cp', 'Community Participation', 'Assistance with social and community participation', 559.1, 'Participation In Community And Social And Civic Activities', 'Funding Body', 'Commonwealth Home Support Programme (CHSP)', 'Portal Managed', 'Warning'),
  ('sal-bulk-18-1', 'sa-bulk-18', 10, 'prod-sil-wd', 'SIL', 'Supported Independent Living — weekday', 10795, 'Supported Independent Living', 'Funding Body', 'NDIS - National Disability Insurance Scheme', 'Portal Managed', 'Strict Limit'),
  ('sal-bulk-18-2', 'sa-bulk-18', 20, 'prod-cp', 'Community Participation', 'Assistance with social and community participation', 571.4, 'Participation In Community And Social And Civic Activities', 'Funding Body', 'NDIS - National Disability Insurance Scheme', 'Portal Managed', 'Warning'),
  ('sal-bulk-19-1', 'sa-bulk-19', 10, 'prod-sil-wd', 'SIL', 'Supported Independent Living — weekday', 10922.5, 'Supported Independent Living', 'Funding Body', 'DSOA - Disability Support for Older Australians', 'Portal Managed', 'Strict Limit'),
  ('sal-bulk-19-2', 'sa-bulk-19', 20, 'prod-cp', 'Community Participation', 'Assistance with social and community participation', 583.7, 'Participation In Community And Social And Civic Activities', 'Funding Body', 'DSOA - Disability Support for Older Australians', 'Portal Managed', 'Warning'),
  ('sal-bulk-20-1', 'sa-bulk-20', 10, 'prod-sil-wd', 'SIL', 'Supported Independent Living — weekday', 11050, 'Supported Independent Living', 'Funding Body', 'Commonwealth Home Support Programme (CHSP)', 'Portal Managed', 'Strict Limit'),
  ('sal-bulk-20-2', 'sa-bulk-20', 20, 'prod-cp', 'Community Participation', 'Assistance with social and community participation', 596, 'Participation In Community And Social And Civic Activities', 'Funding Body', 'Commonwealth Home Support Programme (CHSP)', 'Portal Managed', 'Warning')
on conflict (id) do update set
  service_agreement_id = excluded.service_agreement_id,
  line_no = excluded.line_no,
  product_id = excluded.product_id,
  name = excluded.name,
  description = excluded.description,
  planned_price = excluded.planned_price,
  registration_group = excluded.registration_group,
  funding_type = excluded.funding_type,
  funding_body = excluded.funding_body,
  funding_management_type = excluded.funding_management_type,
  budget_rules = excluded.budget_rules;

insert into public.service_booking (id, document_no, organization, description, target_document_type, is_template, ready_to_claim_rule, program_of_supports, date_ordered, date_promised, start_date, end_date, client_id, invoice_partner, service_agreement_id, booking_generator_ref, total_lines, grand_total, document_status, created_by, updated_by)
values
  ('sb-bulk-01-done', '60001', 'AbilityERP', 'SIL weekly block — NOBR01', 'Service Booking - Standard', false, 'Manual Tick', false, '2023-01-29', '2023-02-04', '2023-01-29', '2023-02-04', 'bp-bulk-01', 'NDIS - National Disability Insurance Scheme', 'sa-bulk-01', '', 591, 591, 'Completed', 'Gabriela Wilson', 'Gabriela Wilson'),
  ('sb-bulk-01-draft', '61001', 'AbilityERP', 'Community participation — NOBR01', 'Service Booking - Standard', false, 'Manual Tick', false, '2023-04-15', '2023-04-15', '2023-04-15', '2023-04-15', 'bp-bulk-01', 'NDIS - National Disability Insurance Scheme', 'sa-bulk-01', '', 261.88, 261.88, 'Drafted', 'Gabriela Wilson', 'Gabriela Wilson'),
  ('sb-bulk-02-done', '60002', 'AbilityERP', 'SIL weekly block — MITA02', 'Service Booking - Standard', false, 'Manual Tick', false, '2023-02-12', '2023-02-18', '2023-02-12', '2023-02-18', 'bp-bulk-02', 'NDIS - National Disability Insurance Scheme', 'sa-bulk-02', '', 591, 591, 'Completed', 'Oliver Williams', 'Oliver Williams'),
  ('sb-bulk-02-draft', '61002', 'AbilityERP', 'Community participation — MITA02', 'Service Booking - Standard', false, 'Manual Tick', false, '2023-04-29', '2023-04-29', '2023-04-29', '2023-04-29', 'bp-bulk-02', 'NDIS - National Disability Insurance Scheme', 'sa-bulk-02', '', 261.88, 261.88, 'Drafted', 'Oliver Williams', 'Oliver Williams'),
  ('sb-bulk-03-done', '60003', 'AbilityERP', 'SIL weekly block — LIAN03', 'Service Booking - Standard', false, 'Manual Tick', false, '2023-02-26', '2023-03-04', '2023-02-26', '2023-03-04', 'bp-bulk-03', 'NDIS - National Disability Insurance Scheme', 'sa-bulk-03', '', 591, 591, 'Completed', 'Rose Dash', 'Rose Dash'),
  ('sb-bulk-03-draft', '61003', 'AbilityERP', 'Community participation — LIAN03', 'Service Booking - Standard', false, 'Manual Tick', false, '2023-05-13', '2023-05-13', '2023-05-13', '2023-05-13', 'bp-bulk-03', 'NDIS - National Disability Insurance Scheme', 'sa-bulk-03', '', 261.88, 261.88, 'Drafted', 'Rose Dash', 'Rose Dash'),
  ('sb-bulk-04-done', '60004', 'AbilityERP', 'SIL weekly block — ZOTH04', 'Service Booking - Standard', false, 'Manual Tick', false, '2023-03-12', '2023-03-18', '2023-03-12', '2023-03-18', 'bp-bulk-04', 'NDIS - National Disability Insurance Scheme', 'sa-bulk-04', '', 591, 591, 'Completed', 'Isla Robinson', 'Isla Robinson'),
  ('sb-bulk-04-draft', '61004', 'AbilityERP', 'Community participation — ZOTH04', 'Service Booking - Standard', false, 'Manual Tick', false, '2023-05-27', '2023-05-27', '2023-05-27', '2023-05-27', 'bp-bulk-04', 'NDIS - National Disability Insurance Scheme', 'sa-bulk-04', '', 261.88, 261.88, 'Drafted', 'Isla Robinson', 'Isla Robinson'),
  ('sb-bulk-05-done', '60005', 'AbilityERP', 'SIL weekly block — ETJA05', 'Service Booking - Standard', false, 'Manual Tick', false, '2023-03-26', '2023-04-01', '2023-03-26', '2023-04-01', 'bp-bulk-05', 'NDIS - National Disability Insurance Scheme', 'sa-bulk-05', '', 591, 591, 'Completed', 'Gabriela Wilson', 'Gabriela Wilson'),
  ('sb-bulk-05-draft', '61005', 'AbilityERP', 'Community participation — ETJA05', 'Service Booking - Standard', false, 'Manual Tick', false, '2023-06-10', '2023-06-10', '2023-06-10', '2023-06-10', 'bp-bulk-05', 'NDIS - National Disability Insurance Scheme', 'sa-bulk-05', '', 261.88, 261.88, 'Drafted', 'Gabriela Wilson', 'Gabriela Wilson'),
  ('sb-bulk-06-done', '60006', 'AbilityERP', 'SIL weekly block — CHWH06', 'Service Booking - Standard', false, 'Manual Tick', false, '2023-04-09', '2023-04-15', '2023-04-09', '2023-04-15', 'bp-bulk-06', 'NDIS - National Disability Insurance Scheme', 'sa-bulk-06', '', 591, 591, 'Completed', 'Oliver Williams', 'Oliver Williams'),
  ('sb-bulk-06-draft', '61006', 'AbilityERP', 'Community participation — CHWH06', 'Service Booking - Standard', false, 'Manual Tick', false, '2023-06-24', '2023-06-24', '2023-06-24', '2023-06-24', 'bp-bulk-06', 'NDIS - National Disability Insurance Scheme', 'sa-bulk-06', '', 261.88, 261.88, 'Drafted', 'Oliver Williams', 'Oliver Williams'),
  ('sb-bulk-07-done', '60007', 'AbilityERP', 'SIL weekly block — MAHA07', 'Service Booking - Standard', false, 'Manual Tick', false, '2023-04-23', '2023-04-29', '2023-04-23', '2023-04-29', 'bp-bulk-07', 'NDIS - National Disability Insurance Scheme', 'sa-bulk-07', '', 591, 591, 'Completed', 'Rose Dash', 'Rose Dash'),
  ('sb-bulk-07-draft', '61007', 'AbilityERP', 'Community participation — MAHA07', 'Service Booking - Standard', false, 'Manual Tick', false, '2023-07-08', '2023-07-08', '2023-07-08', '2023-07-08', 'bp-bulk-07', 'NDIS - National Disability Insurance Scheme', 'sa-bulk-07', '', 261.88, 261.88, 'Drafted', 'Rose Dash', 'Rose Dash'),
  ('sb-bulk-08-done', '60008', 'AbilityERP', 'SIL weekly block — RUMA08', 'Service Booking - Standard', false, 'Manual Tick', false, '2023-05-07', '2023-05-13', '2023-05-07', '2023-05-13', 'bp-bulk-08', 'NDIS - National Disability Insurance Scheme', 'sa-bulk-08', '', 591, 591, 'Completed', 'Isla Robinson', 'Isla Robinson'),
  ('sb-bulk-08-draft', '61008', 'AbilityERP', 'Community participation — RUMA08', 'Service Booking - Standard', false, 'Manual Tick', false, '2023-07-22', '2023-07-22', '2023-07-22', '2023-07-22', 'bp-bulk-08', 'NDIS - National Disability Insurance Scheme', 'sa-bulk-08', '', 261.88, 261.88, 'Drafted', 'Isla Robinson', 'Isla Robinson'),
  ('sb-bulk-09-done', '60009', 'AbilityERP', 'SIL weekly block — LUTH09', 'Service Booking - Standard', false, 'Manual Tick', false, '2023-05-21', '2023-05-27', '2023-05-21', '2023-05-27', 'bp-bulk-09', 'NDIS - National Disability Insurance Scheme', 'sa-bulk-09', '', 591, 591, 'Completed', 'Gabriela Wilson', 'Gabriela Wilson'),
  ('sb-bulk-09-draft', '61009', 'AbilityERP', 'Community participation — LUTH09', 'Service Booking - Standard', false, 'Manual Tick', false, '2023-08-05', '2023-08-05', '2023-08-05', '2023-08-05', 'bp-bulk-09', 'NDIS - National Disability Insurance Scheme', 'sa-bulk-09', '', 261.88, 261.88, 'Drafted', 'Gabriela Wilson', 'Gabriela Wilson'),
  ('sb-bulk-10-done', '60010', 'AbilityERP', 'SIL weekly block — GRGA10', 'Service Booking - Standard', false, 'Manual Tick', false, '2023-06-04', '2023-06-10', '2023-06-04', '2023-06-10', 'bp-bulk-10', 'NDIS - National Disability Insurance Scheme', 'sa-bulk-10', '', 591, 591, 'Completed', 'Oliver Williams', 'Oliver Williams'),
  ('sb-bulk-10-draft', '61010', 'AbilityERP', 'Community participation — GRGA10', 'Service Booking - Standard', false, 'Manual Tick', false, '2023-08-19', '2023-08-19', '2023-08-19', '2023-08-19', 'bp-bulk-10', 'NDIS - National Disability Insurance Scheme', 'sa-bulk-10', '', 261.88, 261.88, 'Drafted', 'Oliver Williams', 'Oliver Williams'),
  ('sb-bulk-11-done', '60011', 'AbilityERP', 'SIL weekly block — HERO11', 'Service Booking - Standard', false, 'Manual Tick', false, '2023-06-18', '2023-06-24', '2023-06-18', '2023-06-24', 'bp-bulk-11', 'NDIS - National Disability Insurance Scheme', 'sa-bulk-11', '', 591, 591, 'Completed', 'Rose Dash', 'Rose Dash'),
  ('sb-bulk-11-draft', '61011', 'AbilityERP', 'Community participation — HERO11', 'Service Booking - Standard', false, 'Manual Tick', false, '2023-09-02', '2023-09-02', '2023-09-02', '2023-09-02', 'bp-bulk-11', 'NDIS - National Disability Insurance Scheme', 'sa-bulk-11', '', 261.88, 261.88, 'Drafted', 'Rose Dash', 'Rose Dash'),
  ('sb-bulk-12-done', '60012', 'AbilityERP', 'SIL weekly block — ELCL12', 'Service Booking - Standard', false, 'Manual Tick', false, '2023-07-02', '2023-07-08', '2023-07-02', '2023-07-08', 'bp-bulk-12', 'NDIS - National Disability Insurance Scheme', 'sa-bulk-12', '', 591, 591, 'Completed', 'Isla Robinson', 'Isla Robinson'),
  ('sb-bulk-12-draft', '61012', 'AbilityERP', 'Community participation — ELCL12', 'Service Booking - Standard', false, 'Manual Tick', false, '2023-09-16', '2023-09-16', '2023-09-16', '2023-09-16', 'bp-bulk-12', 'NDIS - National Disability Insurance Scheme', 'sa-bulk-12', '', 261.88, 261.88, 'Drafted', 'Isla Robinson', 'Isla Robinson'),
  ('sb-bulk-13-done', '60013', 'AbilityERP', 'SIL weekly block — JALE13', 'Service Booking - Standard', false, 'Manual Tick', false, '2023-07-16', '2023-07-22', '2023-07-16', '2023-07-22', 'bp-bulk-13', 'NDIS - National Disability Insurance Scheme', 'sa-bulk-13', '', 591, 591, 'Completed', 'Gabriela Wilson', 'Gabriela Wilson'),
  ('sb-bulk-13-draft', '61013', 'AbilityERP', 'Community participation — JALE13', 'Service Booking - Standard', false, 'Manual Tick', false, '2023-09-30', '2023-09-30', '2023-09-30', '2023-09-30', 'bp-bulk-13', 'NDIS - National Disability Insurance Scheme', 'sa-bulk-13', '', 261.88, 261.88, 'Drafted', 'Gabriela Wilson', 'Gabriela Wilson'),
  ('sb-bulk-14-done', '60014', 'AbilityERP', 'SIL weekly block — SOLE14', 'Service Booking - Standard', false, 'Manual Tick', false, '2023-07-30', '2023-08-05', '2023-07-30', '2023-08-05', 'bp-bulk-14', 'NDIS - National Disability Insurance Scheme', 'sa-bulk-14', '', 591, 591, 'Completed', 'Oliver Williams', 'Oliver Williams'),
  ('sb-bulk-14-draft', '61014', 'AbilityERP', 'Community participation — SOLE14', 'Service Booking - Standard', false, 'Manual Tick', false, '2023-10-14', '2023-10-14', '2023-10-14', '2023-10-14', 'bp-bulk-14', 'NDIS - National Disability Insurance Scheme', 'sa-bulk-14', '', 261.88, 261.88, 'Drafted', 'Oliver Williams', 'Oliver Williams'),
  ('sb-bulk-15-done', '60015', 'AbilityERP', 'SIL weekly block — LEWA15', 'Service Booking - Standard', false, 'Manual Tick', false, '2023-08-13', '2023-08-19', '2023-08-13', '2023-08-19', 'bp-bulk-15', 'NDIS - National Disability Insurance Scheme', 'sa-bulk-15', '', 591, 591, 'Completed', 'Rose Dash', 'Rose Dash'),
  ('sb-bulk-15-draft', '61015', 'AbilityERP', 'Community participation — LEWA15', 'Service Booking - Standard', false, 'Manual Tick', false, '2023-10-28', '2023-10-28', '2023-10-28', '2023-10-28', 'bp-bulk-15', 'NDIS - National Disability Insurance Scheme', 'sa-bulk-15', '', 261.88, 261.88, 'Drafted', 'Rose Dash', 'Rose Dash'),
  ('sb-bulk-16-done', '60016', 'AbilityERP', 'SIL weekly block — AMHA16', 'Service Booking - Standard', false, 'Manual Tick', false, '2023-08-27', '2023-09-02', '2023-08-27', '2023-09-02', 'bp-bulk-16', 'NDIS - National Disability Insurance Scheme', 'sa-bulk-16', '', 591, 591, 'Completed', 'Isla Robinson', 'Isla Robinson'),
  ('sb-bulk-16-draft', '61016', 'AbilityERP', 'Community participation — AMHA16', 'Service Booking - Standard', false, 'Manual Tick', false, '2023-11-11', '2023-11-11', '2023-11-11', '2023-11-11', 'bp-bulk-16', 'NDIS - National Disability Insurance Scheme', 'sa-bulk-16', '', 261.88, 261.88, 'Drafted', 'Isla Robinson', 'Isla Robinson'),
  ('sb-bulk-17-done', '60017', 'AbilityERP', 'SIL weekly block — OSNG17', 'Service Booking - Standard', false, 'Manual Tick', false, '2023-09-10', '2023-09-16', '2023-09-10', '2023-09-16', 'bp-bulk-17', 'NDIS - National Disability Insurance Scheme', 'sa-bulk-17', '', 591, 591, 'Completed', 'Gabriela Wilson', 'Gabriela Wilson'),
  ('sb-bulk-17-draft', '61017', 'AbilityERP', 'Community participation — OSNG17', 'Service Booking - Standard', false, 'Manual Tick', false, '2023-11-25', '2023-11-25', '2023-11-25', '2023-11-25', 'bp-bulk-17', 'NDIS - National Disability Insurance Scheme', 'sa-bulk-17', '', 261.88, 261.88, 'Drafted', 'Gabriela Wilson', 'Gabriela Wilson'),
  ('sb-bulk-18-done', '60018', 'AbilityERP', 'SIL weekly block — HAPA18', 'Service Booking - Standard', false, 'Manual Tick', false, '2023-09-24', '2023-09-30', '2023-09-24', '2023-09-30', 'bp-bulk-18', 'NDIS - National Disability Insurance Scheme', 'sa-bulk-18', '', 591, 591, 'Completed', 'Oliver Williams', 'Oliver Williams'),
  ('sb-bulk-18-draft', '61018', 'AbilityERP', 'Community participation — HAPA18', 'Service Booking - Standard', false, 'Manual Tick', false, '2023-12-09', '2023-12-09', '2023-12-09', '2023-12-09', 'bp-bulk-18', 'NDIS - National Disability Insurance Scheme', 'sa-bulk-18', '', 261.88, 261.88, 'Drafted', 'Oliver Williams', 'Oliver Williams'),
  ('sb-bulk-19-done', '60019', 'AbilityERP', 'SIL weekly block — FIMU19', 'Service Booking - Standard', false, 'Manual Tick', false, '2023-10-08', '2023-10-14', '2023-10-08', '2023-10-14', 'bp-bulk-19', 'NDIS - National Disability Insurance Scheme', 'sa-bulk-19', '', 591, 591, 'Completed', 'Rose Dash', 'Rose Dash'),
  ('sb-bulk-19-draft', '61019', 'AbilityERP', 'Community participation — FIMU19', 'Service Booking - Standard', false, 'Manual Tick', false, '2023-12-23', '2023-12-23', '2023-12-23', '2023-12-23', 'bp-bulk-19', 'NDIS - National Disability Insurance Scheme', 'sa-bulk-19', '', 261.88, 261.88, 'Drafted', 'Rose Dash', 'Rose Dash'),
  ('sb-bulk-20-done', '60020', 'AbilityERP', 'SIL weekly block — AVSI20', 'Service Booking - Standard', false, 'Manual Tick', false, '2023-10-22', '2023-10-28', '2023-10-22', '2023-10-28', 'bp-bulk-20', 'NDIS - National Disability Insurance Scheme', 'sa-bulk-20', '', 591, 591, 'Completed', 'Isla Robinson', 'Isla Robinson'),
  ('sb-bulk-20-draft', '61020', 'AbilityERP', 'Community participation — AVSI20', 'Service Booking - Standard', false, 'Manual Tick', false, '2024-01-06', '2024-01-06', '2024-01-06', '2024-01-06', 'bp-bulk-20', 'NDIS - National Disability Insurance Scheme', 'sa-bulk-20', '', 261.88, 261.88, 'Drafted', 'Isla Robinson', 'Isla Robinson')
on conflict (id) do update set
  document_no = excluded.document_no,
  organization = excluded.organization,
  description = excluded.description,
  target_document_type = excluded.target_document_type,
  is_template = excluded.is_template,
  ready_to_claim_rule = excluded.ready_to_claim_rule,
  program_of_supports = excluded.program_of_supports,
  date_ordered = excluded.date_ordered,
  date_promised = excluded.date_promised,
  start_date = excluded.start_date,
  end_date = excluded.end_date,
  client_id = excluded.client_id,
  invoice_partner = excluded.invoice_partner,
  service_agreement_id = excluded.service_agreement_id,
  booking_generator_ref = excluded.booking_generator_ref,
  total_lines = excluded.total_lines,
  grand_total = excluded.grand_total,
  document_status = excluded.document_status,
  created_by = excluded.created_by,
  updated_by = excluded.updated_by;

insert into public.service_booking_line (id, service_booking_id, line_no, manual_hold, ready_to_claim, ordered_quantity, quantity_invoiced, date_promised, product_id, claim_type, use_time_based_quantity, start_date, end_date, uom, price, line_amount)
values
  ('sbl-bulk-01-1', 'sb-bulk-01-done', 10, false, true, 6, 6, '2023-02-04', 'prod-sil-wd', '', true, '2023-01-29', '2023-02-04', 'Hour', 98.5, 591),
  ('sbl-bulk-01-2', 'sb-bulk-01-draft', 10, false, false, 4, 0, '2023-04-15', 'prod-cp', '', true, '2023-04-15', '2023-04-15', 'Hour', 65.47, 261.88),
  ('sbl-bulk-02-1', 'sb-bulk-02-done', 10, false, true, 6, 6, '2023-02-18', 'prod-sil-wd', '', true, '2023-02-12', '2023-02-18', 'Hour', 98.5, 591),
  ('sbl-bulk-02-2', 'sb-bulk-02-draft', 10, false, false, 4, 0, '2023-04-29', 'prod-cp', '', true, '2023-04-29', '2023-04-29', 'Hour', 65.47, 261.88),
  ('sbl-bulk-03-1', 'sb-bulk-03-done', 10, false, true, 6, 6, '2023-03-04', 'prod-sil-wd', '', true, '2023-02-26', '2023-03-04', 'Hour', 98.5, 591),
  ('sbl-bulk-03-2', 'sb-bulk-03-draft', 10, false, false, 4, 0, '2023-05-13', 'prod-cp', '', true, '2023-05-13', '2023-05-13', 'Hour', 65.47, 261.88),
  ('sbl-bulk-04-1', 'sb-bulk-04-done', 10, false, true, 6, 6, '2023-03-18', 'prod-sil-wd', '', true, '2023-03-12', '2023-03-18', 'Hour', 98.5, 591),
  ('sbl-bulk-04-2', 'sb-bulk-04-draft', 10, false, false, 4, 0, '2023-05-27', 'prod-cp', '', true, '2023-05-27', '2023-05-27', 'Hour', 65.47, 261.88),
  ('sbl-bulk-05-1', 'sb-bulk-05-done', 10, false, true, 6, 6, '2023-04-01', 'prod-sil-wd', '', true, '2023-03-26', '2023-04-01', 'Hour', 98.5, 591),
  ('sbl-bulk-05-2', 'sb-bulk-05-draft', 10, false, false, 4, 0, '2023-06-10', 'prod-cp', '', true, '2023-06-10', '2023-06-10', 'Hour', 65.47, 261.88),
  ('sbl-bulk-06-1', 'sb-bulk-06-done', 10, false, true, 6, 6, '2023-04-15', 'prod-sil-wd', '', true, '2023-04-09', '2023-04-15', 'Hour', 98.5, 591),
  ('sbl-bulk-06-2', 'sb-bulk-06-draft', 10, false, false, 4, 0, '2023-06-24', 'prod-cp', '', true, '2023-06-24', '2023-06-24', 'Hour', 65.47, 261.88),
  ('sbl-bulk-07-1', 'sb-bulk-07-done', 10, false, true, 6, 6, '2023-04-29', 'prod-sil-wd', '', true, '2023-04-23', '2023-04-29', 'Hour', 98.5, 591),
  ('sbl-bulk-07-2', 'sb-bulk-07-draft', 10, false, false, 4, 0, '2023-07-08', 'prod-cp', '', true, '2023-07-08', '2023-07-08', 'Hour', 65.47, 261.88),
  ('sbl-bulk-08-1', 'sb-bulk-08-done', 10, false, true, 6, 6, '2023-05-13', 'prod-sil-wd', '', true, '2023-05-07', '2023-05-13', 'Hour', 98.5, 591),
  ('sbl-bulk-08-2', 'sb-bulk-08-draft', 10, false, false, 4, 0, '2023-07-22', 'prod-cp', '', true, '2023-07-22', '2023-07-22', 'Hour', 65.47, 261.88),
  ('sbl-bulk-09-1', 'sb-bulk-09-done', 10, false, true, 6, 6, '2023-05-27', 'prod-sil-wd', '', true, '2023-05-21', '2023-05-27', 'Hour', 98.5, 591),
  ('sbl-bulk-09-2', 'sb-bulk-09-draft', 10, false, false, 4, 0, '2023-08-05', 'prod-cp', '', true, '2023-08-05', '2023-08-05', 'Hour', 65.47, 261.88),
  ('sbl-bulk-10-1', 'sb-bulk-10-done', 10, false, true, 6, 6, '2023-06-10', 'prod-sil-wd', '', true, '2023-06-04', '2023-06-10', 'Hour', 98.5, 591),
  ('sbl-bulk-10-2', 'sb-bulk-10-draft', 10, false, false, 4, 0, '2023-08-19', 'prod-cp', '', true, '2023-08-19', '2023-08-19', 'Hour', 65.47, 261.88),
  ('sbl-bulk-11-1', 'sb-bulk-11-done', 10, false, true, 6, 6, '2023-06-24', 'prod-sil-wd', '', true, '2023-06-18', '2023-06-24', 'Hour', 98.5, 591),
  ('sbl-bulk-11-2', 'sb-bulk-11-draft', 10, false, false, 4, 0, '2023-09-02', 'prod-cp', '', true, '2023-09-02', '2023-09-02', 'Hour', 65.47, 261.88),
  ('sbl-bulk-12-1', 'sb-bulk-12-done', 10, false, true, 6, 6, '2023-07-08', 'prod-sil-wd', '', true, '2023-07-02', '2023-07-08', 'Hour', 98.5, 591),
  ('sbl-bulk-12-2', 'sb-bulk-12-draft', 10, false, false, 4, 0, '2023-09-16', 'prod-cp', '', true, '2023-09-16', '2023-09-16', 'Hour', 65.47, 261.88),
  ('sbl-bulk-13-1', 'sb-bulk-13-done', 10, false, true, 6, 6, '2023-07-22', 'prod-sil-wd', '', true, '2023-07-16', '2023-07-22', 'Hour', 98.5, 591),
  ('sbl-bulk-13-2', 'sb-bulk-13-draft', 10, false, false, 4, 0, '2023-09-30', 'prod-cp', '', true, '2023-09-30', '2023-09-30', 'Hour', 65.47, 261.88),
  ('sbl-bulk-14-1', 'sb-bulk-14-done', 10, false, true, 6, 6, '2023-08-05', 'prod-sil-wd', '', true, '2023-07-30', '2023-08-05', 'Hour', 98.5, 591),
  ('sbl-bulk-14-2', 'sb-bulk-14-draft', 10, false, false, 4, 0, '2023-10-14', 'prod-cp', '', true, '2023-10-14', '2023-10-14', 'Hour', 65.47, 261.88),
  ('sbl-bulk-15-1', 'sb-bulk-15-done', 10, false, true, 6, 6, '2023-08-19', 'prod-sil-wd', '', true, '2023-08-13', '2023-08-19', 'Hour', 98.5, 591),
  ('sbl-bulk-15-2', 'sb-bulk-15-draft', 10, false, false, 4, 0, '2023-10-28', 'prod-cp', '', true, '2023-10-28', '2023-10-28', 'Hour', 65.47, 261.88),
  ('sbl-bulk-16-1', 'sb-bulk-16-done', 10, false, true, 6, 6, '2023-09-02', 'prod-sil-wd', '', true, '2023-08-27', '2023-09-02', 'Hour', 98.5, 591),
  ('sbl-bulk-16-2', 'sb-bulk-16-draft', 10, false, false, 4, 0, '2023-11-11', 'prod-cp', '', true, '2023-11-11', '2023-11-11', 'Hour', 65.47, 261.88),
  ('sbl-bulk-17-1', 'sb-bulk-17-done', 10, false, true, 6, 6, '2023-09-16', 'prod-sil-wd', '', true, '2023-09-10', '2023-09-16', 'Hour', 98.5, 591),
  ('sbl-bulk-17-2', 'sb-bulk-17-draft', 10, false, false, 4, 0, '2023-11-25', 'prod-cp', '', true, '2023-11-25', '2023-11-25', 'Hour', 65.47, 261.88),
  ('sbl-bulk-18-1', 'sb-bulk-18-done', 10, false, true, 6, 6, '2023-09-30', 'prod-sil-wd', '', true, '2023-09-24', '2023-09-30', 'Hour', 98.5, 591),
  ('sbl-bulk-18-2', 'sb-bulk-18-draft', 10, false, false, 4, 0, '2023-12-09', 'prod-cp', '', true, '2023-12-09', '2023-12-09', 'Hour', 65.47, 261.88),
  ('sbl-bulk-19-1', 'sb-bulk-19-done', 10, false, true, 6, 6, '2023-10-14', 'prod-sil-wd', '', true, '2023-10-08', '2023-10-14', 'Hour', 98.5, 591),
  ('sbl-bulk-19-2', 'sb-bulk-19-draft', 10, false, false, 4, 0, '2023-12-23', 'prod-cp', '', true, '2023-12-23', '2023-12-23', 'Hour', 65.47, 261.88),
  ('sbl-bulk-20-1', 'sb-bulk-20-done', 10, false, true, 6, 6, '2023-10-28', 'prod-sil-wd', '', true, '2023-10-22', '2023-10-28', 'Hour', 98.5, 591),
  ('sbl-bulk-20-2', 'sb-bulk-20-draft', 10, false, false, 4, 0, '2024-01-06', 'prod-cp', '', true, '2024-01-06', '2024-01-06', 'Hour', 65.47, 261.88)
on conflict (id) do update set
  service_booking_id = excluded.service_booking_id,
  line_no = excluded.line_no,
  manual_hold = excluded.manual_hold,
  ready_to_claim = excluded.ready_to_claim,
  ordered_quantity = excluded.ordered_quantity,
  quantity_invoiced = excluded.quantity_invoiced,
  date_promised = excluded.date_promised,
  product_id = excluded.product_id,
  claim_type = excluded.claim_type,
  use_time_based_quantity = excluded.use_time_based_quantity,
  start_date = excluded.start_date,
  end_date = excluded.end_date,
  uom = excluded.uom,
  price = excluded.price,
  line_amount = excluded.line_amount;

insert into public.contract (id, document_no, client_id, business_partner_name, contract_type, name, description, contract_term, execution_date, start_date, end_date, review_date, reference, project, created_by, updated_by)
values
  ('ctr-bulk-01', '2000001', 'bp-bulk-01', 'Noah Brown', 'NDIS Service Agreement', 'NDIS Support Agreement — Noah Brown', 'Signed agreement covering SIL and community supports for NOBR01.', 'Fixed', '2023-01-15', '2023-01-15', '2024-01-15', '2023-11-11', 'NDIS-NOBR01', '', 'Gabriela Wilson', 'SuperUser'),
  ('ctr-bulk-02', '2000002', 'bp-bulk-02', 'Mia Taylor', 'NDIS Service Agreement', 'NDIS Support Agreement — Mia Taylor', 'Signed agreement covering SIL and community supports for MITA02.', 'Fixed', '2023-01-29', '2023-01-29', '2024-01-29', '2023-11-25', 'NDIS-MITA02', '', 'Oliver Williams', 'SuperUser'),
  ('ctr-bulk-03', '2000003', 'bp-bulk-03', 'Liam Anderson', 'NDIS Service Agreement', 'NDIS Support Agreement — Liam Anderson', 'Signed agreement covering SIL and community supports for LIAN03.', 'Fixed', '2023-02-12', '2023-02-12', '2024-02-12', '2023-12-09', 'NDIS-LIAN03', '', 'Rose Dash', 'SuperUser'),
  ('ctr-bulk-04', '2000004', 'bp-bulk-04', 'Zoe Thomas', 'NDIS Service Agreement', 'NDIS Support Agreement — Zoe Thomas', 'Signed agreement covering SIL and community supports for ZOTH04.', 'Fixed', '2023-02-26', '2023-02-26', '2024-02-26', '2023-12-23', 'NDIS-ZOTH04', '', 'Isla Robinson', 'SuperUser'),
  ('ctr-bulk-05', '2000005', 'bp-bulk-05', 'Ethan Jackson', 'NDIS Service Agreement', 'NDIS Support Agreement — Ethan Jackson', 'Signed agreement covering SIL and community supports for ETJA05.', 'Fixed', '2023-03-12', '2023-03-12', '2024-03-11', '2024-01-06', 'NDIS-ETJA05', '', 'Gabriela Wilson', 'SuperUser'),
  ('ctr-bulk-06', '2000006', 'bp-bulk-06', 'Chloe White', 'NDIS Service Agreement', 'NDIS Support Agreement — Chloe White', 'Signed agreement covering SIL and community supports for CHWH06.', 'Fixed', '2023-03-26', '2023-03-26', '2024-03-25', '2024-01-20', 'NDIS-CHWH06', '', 'Oliver Williams', 'SuperUser'),
  ('ctr-bulk-07', '2000007', 'bp-bulk-07', 'Mason Harris', 'NDIS Service Agreement', 'NDIS Support Agreement — Mason Harris', 'Signed agreement covering SIL and community supports for MAHA07.', 'Fixed', '2023-04-09', '2023-04-09', '2024-04-08', '2024-02-03', 'NDIS-MAHA07', '', 'Rose Dash', 'SuperUser'),
  ('ctr-bulk-08', '2000008', 'bp-bulk-08', 'Ruby Martin', 'NDIS Service Agreement', 'NDIS Support Agreement — Ruby Martin', 'Signed agreement covering SIL and community supports for RUMA08.', 'Fixed', '2023-04-23', '2023-04-23', '2024-04-22', '2024-02-17', 'NDIS-RUMA08', '', 'Isla Robinson', 'SuperUser'),
  ('ctr-bulk-09', '2000009', 'bp-bulk-09', 'Lucas Thompson', 'NDIS Service Agreement', 'NDIS Support Agreement — Lucas Thompson', 'Signed agreement covering SIL and community supports for LUTH09.', 'Fixed', '2023-05-07', '2023-05-07', '2024-05-06', '2024-03-02', 'NDIS-LUTH09', '', 'Gabriela Wilson', 'SuperUser'),
  ('ctr-bulk-10', '2000010', 'bp-bulk-10', 'Grace Garcia', 'NDIS Service Agreement', 'NDIS Support Agreement — Grace Garcia', 'Signed agreement covering SIL and community supports for GRGA10.', 'Fixed', '2023-05-21', '2023-05-21', '2024-05-20', '2024-03-16', 'NDIS-GRGA10', '', 'Oliver Williams', 'SuperUser'),
  ('ctr-bulk-11', '2000011', 'bp-bulk-11', 'Henry Robinson', 'NDIS Service Agreement', 'NDIS Support Agreement — Henry Robinson', 'Signed agreement covering SIL and community supports for HERO11.', 'Fixed', '2023-06-04', '2023-06-04', '2024-06-03', '2024-03-30', 'NDIS-HERO11', '', 'Rose Dash', 'SuperUser'),
  ('ctr-bulk-12', '2000012', 'bp-bulk-12', 'Ella Clark', 'NDIS Service Agreement', 'NDIS Support Agreement — Ella Clark', 'Signed agreement covering SIL and community supports for ELCL12.', 'Fixed', '2023-06-18', '2023-06-18', '2024-06-17', '2024-04-13', 'NDIS-ELCL12', '', 'Isla Robinson', 'SuperUser'),
  ('ctr-bulk-13', '2000013', 'bp-bulk-13', 'Jack Lewis', 'NDIS Service Agreement', 'NDIS Support Agreement — Jack Lewis', 'Signed agreement covering SIL and community supports for JALE13.', 'Fixed', '2023-07-02', '2023-07-02', '2024-07-01', '2024-04-27', 'NDIS-JALE13', '', 'Gabriela Wilson', 'SuperUser'),
  ('ctr-bulk-14', '2000014', 'bp-bulk-14', 'Sophie Lee', 'NDIS Service Agreement', 'NDIS Support Agreement — Sophie Lee', 'Signed agreement covering SIL and community supports for SOLE14.', 'Fixed', '2023-07-16', '2023-07-16', '2024-07-15', '2024-05-11', 'NDIS-SOLE14', '', 'Oliver Williams', 'SuperUser'),
  ('ctr-bulk-15', '2000015', 'bp-bulk-15', 'Levi Walker', 'NDIS Service Agreement', 'NDIS Support Agreement — Levi Walker', 'Signed agreement covering SIL and community supports for LEWA15.', 'Fixed', '2023-07-30', '2023-07-30', '2024-07-29', '2024-05-25', 'NDIS-LEWA15', '', 'Rose Dash', 'SuperUser'),
  ('ctr-bulk-16', '2000016', 'bp-bulk-16', 'Amelia Hall', 'NDIS Service Agreement', 'NDIS Support Agreement — Amelia Hall', 'Signed agreement covering SIL and community supports for AMHA16.', 'Fixed', '2023-08-13', '2023-08-13', '2024-08-12', '2024-06-08', 'NDIS-AMHA16', '', 'Isla Robinson', 'SuperUser'),
  ('ctr-bulk-17', '2000017', 'bp-bulk-17', 'Oscar Nguyen', 'NDIS Service Agreement', 'NDIS Support Agreement — Oscar Nguyen', 'Signed agreement covering SIL and community supports for OSNG17.', 'Fixed', '2023-08-27', '2023-08-27', '2024-08-26', '2024-06-22', 'NDIS-OSNG17', '', 'Gabriela Wilson', 'SuperUser'),
  ('ctr-bulk-18', '2000018', 'bp-bulk-18', 'Harper Patel', 'NDIS Service Agreement', 'NDIS Support Agreement — Harper Patel', 'Signed agreement covering SIL and community supports for HAPA18.', 'Fixed', '2023-09-10', '2023-09-10', '2024-09-09', '2024-07-06', 'NDIS-HAPA18', '', 'Oliver Williams', 'SuperUser'),
  ('ctr-bulk-19', '2000019', 'bp-bulk-19', 'Finn Murphy', 'NDIS Service Agreement', 'NDIS Support Agreement — Finn Murphy', 'Signed agreement covering SIL and community supports for FIMU19.', 'Fixed', '2023-09-24', '2023-09-24', '2024-09-23', '2024-07-20', 'NDIS-FIMU19', '', 'Rose Dash', 'SuperUser'),
  ('ctr-bulk-20', '2000020', 'bp-bulk-20', 'Ava Singh', 'NDIS Service Agreement', 'NDIS Support Agreement — Ava Singh', 'Signed agreement covering SIL and community supports for AVSI20.', 'Fixed', '2023-10-08', '2023-10-08', '2024-10-07', '2024-08-03', 'NDIS-AVSI20', '', 'Isla Robinson', 'SuperUser')
on conflict (id) do update set
  document_no = excluded.document_no,
  client_id = excluded.client_id,
  business_partner_name = excluded.business_partner_name,
  contract_type = excluded.contract_type,
  name = excluded.name,
  description = excluded.description,
  contract_term = excluded.contract_term,
  execution_date = excluded.execution_date,
  start_date = excluded.start_date,
  end_date = excluded.end_date,
  review_date = excluded.review_date,
  reference = excluded.reference,
  project = excluded.project,
  created_by = excluded.created_by,
  updated_by = excluded.updated_by;

insert into public.contract_audit (id, contract_id, line_no, audit_date, changed_by, action, description)
values
  ('aud-bulk-01-1', 'ctr-bulk-01', 1, '2023-01-15', 'Gabriela Wilson', 'Created', 'Linked to client NOBR01'),
  ('aud-bulk-01-2', 'ctr-bulk-01', 2, '2023-07-14', 'Oliver Williams', 'Reviewed', 'Mid-term review — no material changes.'),
  ('aud-bulk-02-1', 'ctr-bulk-02', 1, '2023-01-29', 'Oliver Williams', 'Created', 'Linked to client MITA02'),
  ('aud-bulk-02-2', 'ctr-bulk-02', 2, '2023-07-28', 'Rose Dash', 'Reviewed', 'Mid-term review — no material changes.'),
  ('aud-bulk-03-1', 'ctr-bulk-03', 1, '2023-02-12', 'Rose Dash', 'Created', 'Linked to client LIAN03'),
  ('aud-bulk-03-2', 'ctr-bulk-03', 2, '2023-08-11', 'Isla Robinson', 'Reviewed', 'Mid-term review — no material changes.'),
  ('aud-bulk-04-1', 'ctr-bulk-04', 1, '2023-02-26', 'Isla Robinson', 'Created', 'Linked to client ZOTH04'),
  ('aud-bulk-04-2', 'ctr-bulk-04', 2, '2023-08-25', 'Gabriela Wilson', 'Reviewed', 'Mid-term review — no material changes.'),
  ('aud-bulk-05-1', 'ctr-bulk-05', 1, '2023-03-12', 'Gabriela Wilson', 'Created', 'Linked to client ETJA05'),
  ('aud-bulk-05-2', 'ctr-bulk-05', 2, '2023-09-08', 'Oliver Williams', 'Reviewed', 'Mid-term review — no material changes.'),
  ('aud-bulk-06-1', 'ctr-bulk-06', 1, '2023-03-26', 'Oliver Williams', 'Created', 'Linked to client CHWH06'),
  ('aud-bulk-06-2', 'ctr-bulk-06', 2, '2023-09-22', 'Rose Dash', 'Reviewed', 'Mid-term review — no material changes.'),
  ('aud-bulk-07-1', 'ctr-bulk-07', 1, '2023-04-09', 'Rose Dash', 'Created', 'Linked to client MAHA07'),
  ('aud-bulk-07-2', 'ctr-bulk-07', 2, '2023-10-06', 'Isla Robinson', 'Reviewed', 'Mid-term review — no material changes.'),
  ('aud-bulk-08-1', 'ctr-bulk-08', 1, '2023-04-23', 'Isla Robinson', 'Created', 'Linked to client RUMA08'),
  ('aud-bulk-08-2', 'ctr-bulk-08', 2, '2023-10-20', 'Gabriela Wilson', 'Reviewed', 'Mid-term review — no material changes.'),
  ('aud-bulk-09-1', 'ctr-bulk-09', 1, '2023-05-07', 'Gabriela Wilson', 'Created', 'Linked to client LUTH09'),
  ('aud-bulk-09-2', 'ctr-bulk-09', 2, '2023-11-03', 'Oliver Williams', 'Reviewed', 'Mid-term review — no material changes.'),
  ('aud-bulk-10-1', 'ctr-bulk-10', 1, '2023-05-21', 'Oliver Williams', 'Created', 'Linked to client GRGA10'),
  ('aud-bulk-10-2', 'ctr-bulk-10', 2, '2023-11-17', 'Rose Dash', 'Reviewed', 'Mid-term review — no material changes.'),
  ('aud-bulk-11-1', 'ctr-bulk-11', 1, '2023-06-04', 'Rose Dash', 'Created', 'Linked to client HERO11'),
  ('aud-bulk-11-2', 'ctr-bulk-11', 2, '2023-12-01', 'Isla Robinson', 'Reviewed', 'Mid-term review — no material changes.'),
  ('aud-bulk-12-1', 'ctr-bulk-12', 1, '2023-06-18', 'Isla Robinson', 'Created', 'Linked to client ELCL12'),
  ('aud-bulk-12-2', 'ctr-bulk-12', 2, '2023-12-15', 'Gabriela Wilson', 'Reviewed', 'Mid-term review — no material changes.'),
  ('aud-bulk-13-1', 'ctr-bulk-13', 1, '2023-07-02', 'Gabriela Wilson', 'Created', 'Linked to client JALE13'),
  ('aud-bulk-13-2', 'ctr-bulk-13', 2, '2023-12-29', 'Oliver Williams', 'Reviewed', 'Mid-term review — no material changes.'),
  ('aud-bulk-14-1', 'ctr-bulk-14', 1, '2023-07-16', 'Oliver Williams', 'Created', 'Linked to client SOLE14'),
  ('aud-bulk-14-2', 'ctr-bulk-14', 2, '2024-01-12', 'Rose Dash', 'Reviewed', 'Mid-term review — no material changes.'),
  ('aud-bulk-15-1', 'ctr-bulk-15', 1, '2023-07-30', 'Rose Dash', 'Created', 'Linked to client LEWA15'),
  ('aud-bulk-15-2', 'ctr-bulk-15', 2, '2024-01-26', 'Isla Robinson', 'Reviewed', 'Mid-term review — no material changes.'),
  ('aud-bulk-16-1', 'ctr-bulk-16', 1, '2023-08-13', 'Isla Robinson', 'Created', 'Linked to client AMHA16'),
  ('aud-bulk-16-2', 'ctr-bulk-16', 2, '2024-02-09', 'Gabriela Wilson', 'Reviewed', 'Mid-term review — no material changes.'),
  ('aud-bulk-17-1', 'ctr-bulk-17', 1, '2023-08-27', 'Gabriela Wilson', 'Created', 'Linked to client OSNG17'),
  ('aud-bulk-17-2', 'ctr-bulk-17', 2, '2024-02-23', 'Oliver Williams', 'Reviewed', 'Mid-term review — no material changes.'),
  ('aud-bulk-18-1', 'ctr-bulk-18', 1, '2023-09-10', 'Oliver Williams', 'Created', 'Linked to client HAPA18'),
  ('aud-bulk-18-2', 'ctr-bulk-18', 2, '2024-03-08', 'Rose Dash', 'Reviewed', 'Mid-term review — no material changes.'),
  ('aud-bulk-19-1', 'ctr-bulk-19', 1, '2023-09-24', 'Rose Dash', 'Created', 'Linked to client FIMU19'),
  ('aud-bulk-19-2', 'ctr-bulk-19', 2, '2024-03-22', 'Isla Robinson', 'Reviewed', 'Mid-term review — no material changes.'),
  ('aud-bulk-20-1', 'ctr-bulk-20', 1, '2023-10-08', 'Isla Robinson', 'Created', 'Linked to client AVSI20'),
  ('aud-bulk-20-2', 'ctr-bulk-20', 2, '2024-04-05', 'Gabriela Wilson', 'Reviewed', 'Mid-term review — no material changes.')
on conflict (id) do update set
  contract_id = excluded.contract_id,
  line_no = excluded.line_no,
  audit_date = excluded.audit_date,
  changed_by = excluded.changed_by,
  action = excluded.action,
  description = excluded.description;

insert into public.support_plan (id, client_id, document_no, description, provided_to_receiver, execution_date, active, important_to_me, how_supported, hobbies, cultural_needs, likes, dislikes, about_other, primary_language, interpreter_required, communication_method, medication_required, medication_details, known_allergies, medical_history, behaviour_support_required, behaviour_description, strategies, relaxation, stress_cause, morning, daytime, afternoon, evening_night, weekly, activity_attendance, activity_details, personal_care, dressing, hair_care, menstrual_management, oral_hygiene, nail_care, shaving, sleeping, toilet_use, showering, personal_care_other, household_support_required, cooking, cleaning, gardening, laundry, make_bed, grocery, mobility_support_required, mobility_detail, eating_drinking_support, dietary_allergies, favourite_foods, disliked_foods, meal_other, transport_arrangements, financial_arrangement, financial_arrangement_details, created_by, updated_by)
values
  ('sp-bulk-01', 'bp-bulk-01', '1000301', 'Active support plan for Noah — reviewed with participant and family.', '2023-01-20', '2023-01-20', true, 'Independence in daily routines', 'I like to try tasks myself first and will ask for help when needed.', 'Music', '', 'Beach walks', 'Sudden routine changes', '', 'English', 'No', '', 'No', '', 'None documented', '', 'No', '', '', '', '', 'Wake, personal care, breakfast with preferred routine.', 'Community access or appointments.', 'Rest period. Light household tasks with support.', 'Dinner, leisure time, evening medication if prescribed.', 'Plan review touchpoint each Wednesday with key worker.', true, 'Supported Independent Living; Assistance with Daily Life', true, 'Chooses own clothes; occasional assistance with fasteners.', '', '', '', '', '', '', '', '', '', false, '', '', '', '', '', '', 'Yes', 'Uses mobility aid. Follow manual handling plan.', '', '', '', '', '', 'Agency transport or accessible public transport.', 'Plan managed', 'Plan manager handles invoices; participant approves major purchases.', 'Gabriela Wilson', 'Gabriela Wilson'),
  ('sp-bulk-02', 'bp-bulk-02', '1000302', 'Active support plan for Mia — reviewed with participant and family.', '2023-02-03', '2023-02-03', true, 'Community volunteering', 'I like to try tasks myself first and will ask for help when needed.', 'Swimming', '', 'Coffee outings', 'Loud crowded spaces', '', 'English', 'No', '', 'No', '', 'None documented', '', 'No', '', '', '', '', 'Wake, personal care, breakfast with preferred routine.', 'Attend day program activities.', 'Rest period. Light household tasks with support.', 'Dinner, leisure time, evening medication if prescribed.', 'Plan review touchpoint each Wednesday with key worker.', true, 'Short Term Accommodation; Community Access', true, 'Chooses own clothes; occasional assistance with fasteners.', '', '', '', '', '', '', '', '', '', false, '', '', '', '', '', '', 'Yes', 'Uses mobility aid. Follow manual handling plan.', '', '', '', '', '', 'Agency transport or accessible public transport.', 'Plan managed', 'Plan manager handles invoices; participant approves major purchases.', 'Oliver Williams', 'Oliver Williams'),
  ('sp-bulk-03', 'bp-bulk-03', '1000303', 'Active support plan for Liam — reviewed with participant and family.', '2023-02-17', '2023-02-17', true, 'Creative arts', 'I like to try tasks myself first and will ask for help when needed.', 'Reading', '', 'Pet therapy visits', 'Sudden routine changes', '', 'English', 'No', '', 'No', '', 'None documented', '', 'No', '', '', '', '', 'Wake, personal care, breakfast with preferred routine.', 'Community access or appointments.', 'Rest period. Light household tasks with support.', 'Dinner, leisure time, evening medication if prescribed.', 'Plan review touchpoint each Wednesday with key worker.', true, 'Day Program; Transport; Skills Development', true, 'Chooses own clothes; occasional assistance with fasteners.', '', '', '', '', '', '', '', '', '', false, '', '', '', '', '', '', 'Yes', 'Uses mobility aid. Follow manual handling plan.', '', '', '', '', '', 'Agency transport or accessible public transport.', 'Plan managed', 'Plan manager handles invoices; participant approves major purchases.', 'Rose Dash', 'Rose Dash'),
  ('sp-bulk-04', 'bp-bulk-04', '1000304', 'Active support plan for Zoe — reviewed with participant and family.', '2023-03-03', '2023-03-03', true, 'Family time on weekends', 'I like to try tasks myself first and will ask for help when needed.', 'Cooking', '', 'Quiet mornings', 'Loud crowded spaces', '', 'English', 'No', '', 'No', '', 'See risk register', '', 'No', '', '', '', '', 'Wake, personal care, breakfast with preferred routine.', 'Community access or appointments.', 'Rest period. Light household tasks with support.', 'Dinner, leisure time, evening medication if prescribed.', 'Plan review touchpoint each Wednesday with key worker.', true, 'Respite; Personal Care; Household Tasks', true, 'Chooses own clothes; occasional assistance with fasteners.', '', '', '', '', '', '', '', '', '', false, '', '', '', '', '', '', 'Yes', 'Uses mobility aid. Follow manual handling plan.', '', '', '', '', '', 'Agency transport or accessible public transport.', 'Plan managed', 'Plan manager handles invoices; participant approves major purchases.', 'Isla Robinson', 'Isla Robinson'),
  ('sp-bulk-05', 'bp-bulk-05', '1000305', 'Active support plan for Ethan — reviewed with participant and family.', '2023-03-17', '2023-03-17', true, 'Independence in daily routines', 'I like to try tasks myself first and will ask for help when needed.', 'Gardening', '', 'Beach walks', 'Sudden routine changes', '', 'English', 'No', '', 'No', '', 'None documented', '', 'No', '', '', '', '', 'Wake, personal care, breakfast with preferred routine.', 'Attend day program activities.', 'Rest period. Light household tasks with support.', 'Dinner, leisure time, evening medication if prescribed.', 'Plan review touchpoint each Wednesday with key worker.', true, 'Assistance with Self Care Activities; Community Participation', true, 'Chooses own clothes; occasional assistance with fasteners.', '', '', '', '', '', '', '', '', '', false, '', '', '', '', '', '', 'Yes', 'Uses mobility aid. Follow manual handling plan.', '', '', '', '', '', 'Agency transport or accessible public transport.', 'Plan managed', 'Plan manager handles invoices; participant approves major purchases.', 'Gabriela Wilson', 'Gabriela Wilson'),
  ('sp-bulk-06', 'bp-bulk-06', '1000306', 'Active support plan for Chloe — reviewed with participant and family.', '2023-03-31', '2023-03-31', true, 'Community volunteering', 'I like to try tasks myself first and will ask for help when needed.', 'Music', '', 'Coffee outings', 'Loud crowded spaces', '', 'English', 'No', '', 'No', '', 'None documented', '', 'No', '', '', '', '', 'Wake, personal care, breakfast with preferred routine.', 'Community access or appointments.', 'Rest period. Light household tasks with support.', 'Dinner, leisure time, evening medication if prescribed.', 'Plan review touchpoint each Wednesday with key worker.', true, 'Supported Independent Living; Assistance with Daily Life', true, 'Chooses own clothes; occasional assistance with fasteners.', '', '', '', '', '', '', '', '', '', false, '', '', '', '', '', '', 'Yes', 'Uses mobility aid. Follow manual handling plan.', '', '', '', '', '', 'Agency transport or accessible public transport.', 'Plan managed', 'Plan manager handles invoices; participant approves major purchases.', 'Oliver Williams', 'Oliver Williams'),
  ('sp-bulk-07', 'bp-bulk-07', '1000307', 'Active support plan for Mason — reviewed with participant and family.', '2023-04-14', '2023-04-14', true, 'Creative arts', 'I like to try tasks myself first and will ask for help when needed.', 'Swimming', '', 'Pet therapy visits', 'Sudden routine changes', '', 'English', 'No', '', 'No', '', 'None documented', '', 'No', '', '', '', '', 'Wake, personal care, breakfast with preferred routine.', 'Attend day program activities.', 'Rest period. Light household tasks with support.', 'Dinner, leisure time, evening medication if prescribed.', 'Plan review touchpoint each Wednesday with key worker.', true, 'Short Term Accommodation; Community Access', true, 'Chooses own clothes; occasional assistance with fasteners.', '', '', '', '', '', '', '', '', '', false, '', '', '', '', '', '', 'Yes', 'Uses mobility aid. Follow manual handling plan.', '', '', '', '', '', 'Agency transport or accessible public transport.', 'Plan managed', 'Plan manager handles invoices; participant approves major purchases.', 'Rose Dash', 'Rose Dash'),
  ('sp-bulk-08', 'bp-bulk-08', '1000308', 'Active support plan for Ruby — reviewed with participant and family.', '2023-04-28', '2023-04-28', true, 'Family time on weekends', 'I like to try tasks myself first and will ask for help when needed.', 'Reading', '', 'Quiet mornings', 'Loud crowded spaces', '', 'English', 'No', '', 'No', '', 'See risk register', '', 'No', '', '', '', '', 'Wake, personal care, breakfast with preferred routine.', 'Community access or appointments.', 'Rest period. Light household tasks with support.', 'Dinner, leisure time, evening medication if prescribed.', 'Plan review touchpoint each Wednesday with key worker.', true, 'Day Program; Transport; Skills Development', true, 'Chooses own clothes; occasional assistance with fasteners.', '', '', '', '', '', '', '', '', '', false, '', '', '', '', '', '', 'Yes', 'Uses mobility aid. Follow manual handling plan.', '', '', '', '', '', 'Agency transport or accessible public transport.', 'Plan managed', 'Plan manager handles invoices; participant approves major purchases.', 'Isla Robinson', 'Isla Robinson'),
  ('sp-bulk-09', 'bp-bulk-09', '1000309', 'Active support plan for Lucas — reviewed with participant and family.', '2023-05-12', '2023-05-12', true, 'Independence in daily routines', 'I like to try tasks myself first and will ask for help when needed.', 'Cooking', '', 'Beach walks', 'Sudden routine changes', '', 'English', 'No', '', 'No', '', 'None documented', '', 'No', '', '', '', '', 'Wake, personal care, breakfast with preferred routine.', 'Community access or appointments.', 'Rest period. Light household tasks with support.', 'Dinner, leisure time, evening medication if prescribed.', 'Plan review touchpoint each Wednesday with key worker.', true, 'Respite; Personal Care; Household Tasks', true, 'Chooses own clothes; occasional assistance with fasteners.', '', '', '', '', '', '', '', '', '', false, '', '', '', '', '', '', 'Yes', 'Uses mobility aid. Follow manual handling plan.', '', '', '', '', '', 'Agency transport or accessible public transport.', 'Plan managed', 'Plan manager handles invoices; participant approves major purchases.', 'Gabriela Wilson', 'Gabriela Wilson'),
  ('sp-bulk-10', 'bp-bulk-10', '1000310', 'Active support plan for Grace — reviewed with participant and family.', '2023-05-26', '2023-05-26', true, 'Community volunteering', 'I like to try tasks myself first and will ask for help when needed.', 'Gardening', '', 'Coffee outings', 'Loud crowded spaces', '', 'English', 'No', '', 'No', '', 'None documented', '', 'No', '', '', '', '', 'Wake, personal care, breakfast with preferred routine.', 'Attend day program activities.', 'Rest period. Light household tasks with support.', 'Dinner, leisure time, evening medication if prescribed.', 'Plan review touchpoint each Wednesday with key worker.', true, 'Assistance with Self Care Activities; Community Participation', true, 'Chooses own clothes; occasional assistance with fasteners.', '', '', '', '', '', '', '', '', '', false, '', '', '', '', '', '', 'Yes', 'Uses mobility aid. Follow manual handling plan.', '', '', '', '', '', 'Agency transport or accessible public transport.', 'Plan managed', 'Plan manager handles invoices; participant approves major purchases.', 'Oliver Williams', 'Oliver Williams'),
  ('sp-bulk-11', 'bp-bulk-11', '1000311', 'Active support plan for Henry — reviewed with participant and family.', '2023-06-09', '2023-06-09', true, 'Creative arts', 'I like to try tasks myself first and will ask for help when needed.', 'Music', '', 'Pet therapy visits', 'Sudden routine changes', '', 'English', 'No', '', 'No', '', 'None documented', '', 'No', '', '', '', '', 'Wake, personal care, breakfast with preferred routine.', 'Community access or appointments.', 'Rest period. Light household tasks with support.', 'Dinner, leisure time, evening medication if prescribed.', 'Plan review touchpoint each Wednesday with key worker.', true, 'Supported Independent Living; Assistance with Daily Life', true, 'Chooses own clothes; occasional assistance with fasteners.', '', '', '', '', '', '', '', '', '', false, '', '', '', '', '', '', 'Yes', 'Uses mobility aid. Follow manual handling plan.', '', '', '', '', '', 'Agency transport or accessible public transport.', 'Plan managed', 'Plan manager handles invoices; participant approves major purchases.', 'Rose Dash', 'Rose Dash'),
  ('sp-bulk-12', 'bp-bulk-12', '1000312', 'Active support plan for Ella — reviewed with participant and family.', '2023-06-23', '2023-06-23', true, 'Family time on weekends', 'I like to try tasks myself first and will ask for help when needed.', 'Swimming', '', 'Quiet mornings', 'Loud crowded spaces', '', 'English', 'No', '', 'No', '', 'See risk register', '', 'No', '', '', '', '', 'Wake, personal care, breakfast with preferred routine.', 'Attend day program activities.', 'Rest period. Light household tasks with support.', 'Dinner, leisure time, evening medication if prescribed.', 'Plan review touchpoint each Wednesday with key worker.', true, 'Short Term Accommodation; Community Access', true, 'Chooses own clothes; occasional assistance with fasteners.', '', '', '', '', '', '', '', '', '', false, '', '', '', '', '', '', 'Yes', 'Uses mobility aid. Follow manual handling plan.', '', '', '', '', '', 'Agency transport or accessible public transport.', 'Plan managed', 'Plan manager handles invoices; participant approves major purchases.', 'Isla Robinson', 'Isla Robinson'),
  ('sp-bulk-13', 'bp-bulk-13', '1000313', 'Active support plan for Jack — reviewed with participant and family.', '2023-07-07', '2023-07-07', true, 'Independence in daily routines', 'I like to try tasks myself first and will ask for help when needed.', 'Reading', '', 'Beach walks', 'Sudden routine changes', '', 'English', 'No', '', 'No', '', 'None documented', '', 'No', '', '', '', '', 'Wake, personal care, breakfast with preferred routine.', 'Community access or appointments.', 'Rest period. Light household tasks with support.', 'Dinner, leisure time, evening medication if prescribed.', 'Plan review touchpoint each Wednesday with key worker.', true, 'Day Program; Transport; Skills Development', true, 'Chooses own clothes; occasional assistance with fasteners.', '', '', '', '', '', '', '', '', '', false, '', '', '', '', '', '', 'Yes', 'Uses mobility aid. Follow manual handling plan.', '', '', '', '', '', 'Agency transport or accessible public transport.', 'Plan managed', 'Plan manager handles invoices; participant approves major purchases.', 'Gabriela Wilson', 'Gabriela Wilson'),
  ('sp-bulk-14', 'bp-bulk-14', '1000314', 'Active support plan for Sophie — reviewed with participant and family.', '2023-07-21', '2023-07-21', true, 'Community volunteering', 'I like to try tasks myself first and will ask for help when needed.', 'Cooking', '', 'Coffee outings', 'Loud crowded spaces', '', 'English', 'No', '', 'No', '', 'None documented', '', 'No', '', '', '', '', 'Wake, personal care, breakfast with preferred routine.', 'Community access or appointments.', 'Rest period. Light household tasks with support.', 'Dinner, leisure time, evening medication if prescribed.', 'Plan review touchpoint each Wednesday with key worker.', true, 'Respite; Personal Care; Household Tasks', true, 'Chooses own clothes; occasional assistance with fasteners.', '', '', '', '', '', '', '', '', '', false, '', '', '', '', '', '', 'Yes', 'Uses mobility aid. Follow manual handling plan.', '', '', '', '', '', 'Agency transport or accessible public transport.', 'Plan managed', 'Plan manager handles invoices; participant approves major purchases.', 'Oliver Williams', 'Oliver Williams'),
  ('sp-bulk-15', 'bp-bulk-15', '1000315', 'Active support plan for Levi — reviewed with participant and family.', '2023-08-04', '2023-08-04', true, 'Creative arts', 'I like to try tasks myself first and will ask for help when needed.', 'Gardening', '', 'Pet therapy visits', 'Sudden routine changes', '', 'English', 'No', '', 'No', '', 'None documented', '', 'No', '', '', '', '', 'Wake, personal care, breakfast with preferred routine.', 'Attend day program activities.', 'Rest period. Light household tasks with support.', 'Dinner, leisure time, evening medication if prescribed.', 'Plan review touchpoint each Wednesday with key worker.', true, 'Assistance with Self Care Activities; Community Participation', true, 'Chooses own clothes; occasional assistance with fasteners.', '', '', '', '', '', '', '', '', '', false, '', '', '', '', '', '', 'Yes', 'Uses mobility aid. Follow manual handling plan.', '', '', '', '', '', 'Agency transport or accessible public transport.', 'Plan managed', 'Plan manager handles invoices; participant approves major purchases.', 'Rose Dash', 'Rose Dash'),
  ('sp-bulk-16', 'bp-bulk-16', '1000316', 'Active support plan for Amelia — reviewed with participant and family.', '2023-08-18', '2023-08-18', true, 'Family time on weekends', 'I like to try tasks myself first and will ask for help when needed.', 'Music', '', 'Quiet mornings', 'Loud crowded spaces', '', 'English', 'No', '', 'No', '', 'See risk register', '', 'No', '', '', '', '', 'Wake, personal care, breakfast with preferred routine.', 'Community access or appointments.', 'Rest period. Light household tasks with support.', 'Dinner, leisure time, evening medication if prescribed.', 'Plan review touchpoint each Wednesday with key worker.', true, 'Supported Independent Living; Assistance with Daily Life', true, 'Chooses own clothes; occasional assistance with fasteners.', '', '', '', '', '', '', '', '', '', false, '', '', '', '', '', '', 'Yes', 'Uses mobility aid. Follow manual handling plan.', '', '', '', '', '', 'Agency transport or accessible public transport.', 'Plan managed', 'Plan manager handles invoices; participant approves major purchases.', 'Isla Robinson', 'Isla Robinson'),
  ('sp-bulk-17', 'bp-bulk-17', '1000317', 'Active support plan for Oscar — reviewed with participant and family.', '2023-09-01', '2023-09-01', true, 'Independence in daily routines', 'I like to try tasks myself first and will ask for help when needed.', 'Swimming', '', 'Beach walks', 'Sudden routine changes', '', 'English', 'No', '', 'No', '', 'None documented', '', 'No', '', '', '', '', 'Wake, personal care, breakfast with preferred routine.', 'Attend day program activities.', 'Rest period. Light household tasks with support.', 'Dinner, leisure time, evening medication if prescribed.', 'Plan review touchpoint each Wednesday with key worker.', true, 'Short Term Accommodation; Community Access', true, 'Chooses own clothes; occasional assistance with fasteners.', '', '', '', '', '', '', '', '', '', false, '', '', '', '', '', '', 'Yes', 'Uses mobility aid. Follow manual handling plan.', '', '', '', '', '', 'Agency transport or accessible public transport.', 'Plan managed', 'Plan manager handles invoices; participant approves major purchases.', 'Gabriela Wilson', 'Gabriela Wilson'),
  ('sp-bulk-18', 'bp-bulk-18', '1000318', 'Active support plan for Harper — reviewed with participant and family.', '2023-09-15', '2023-09-15', true, 'Community volunteering', 'I like to try tasks myself first and will ask for help when needed.', 'Reading', '', 'Coffee outings', 'Loud crowded spaces', '', 'English', 'No', '', 'No', '', 'None documented', '', 'No', '', '', '', '', 'Wake, personal care, breakfast with preferred routine.', 'Community access or appointments.', 'Rest period. Light household tasks with support.', 'Dinner, leisure time, evening medication if prescribed.', 'Plan review touchpoint each Wednesday with key worker.', true, 'Day Program; Transport; Skills Development', true, 'Chooses own clothes; occasional assistance with fasteners.', '', '', '', '', '', '', '', '', '', false, '', '', '', '', '', '', 'Yes', 'Uses mobility aid. Follow manual handling plan.', '', '', '', '', '', 'Agency transport or accessible public transport.', 'Plan managed', 'Plan manager handles invoices; participant approves major purchases.', 'Oliver Williams', 'Oliver Williams'),
  ('sp-bulk-19', 'bp-bulk-19', '1000319', 'Active support plan for Finn — reviewed with participant and family.', '2023-09-29', '2023-09-29', true, 'Creative arts', 'I like to try tasks myself first and will ask for help when needed.', 'Cooking', '', 'Pet therapy visits', 'Sudden routine changes', '', 'English', 'No', '', 'No', '', 'None documented', '', 'No', '', '', '', '', 'Wake, personal care, breakfast with preferred routine.', 'Community access or appointments.', 'Rest period. Light household tasks with support.', 'Dinner, leisure time, evening medication if prescribed.', 'Plan review touchpoint each Wednesday with key worker.', true, 'Respite; Personal Care; Household Tasks', true, 'Chooses own clothes; occasional assistance with fasteners.', '', '', '', '', '', '', '', '', '', false, '', '', '', '', '', '', 'Yes', 'Uses mobility aid. Follow manual handling plan.', '', '', '', '', '', 'Agency transport or accessible public transport.', 'Plan managed', 'Plan manager handles invoices; participant approves major purchases.', 'Rose Dash', 'Rose Dash'),
  ('sp-bulk-20', 'bp-bulk-20', '1000320', 'Active support plan for Ava — reviewed with participant and family.', '2023-10-13', '2023-10-13', true, 'Family time on weekends', 'I like to try tasks myself first and will ask for help when needed.', 'Gardening', '', 'Quiet mornings', 'Loud crowded spaces', '', 'English', 'No', '', 'No', '', 'See risk register', '', 'No', '', '', '', '', 'Wake, personal care, breakfast with preferred routine.', 'Attend day program activities.', 'Rest period. Light household tasks with support.', 'Dinner, leisure time, evening medication if prescribed.', 'Plan review touchpoint each Wednesday with key worker.', true, 'Assistance with Self Care Activities; Community Participation', true, 'Chooses own clothes; occasional assistance with fasteners.', '', '', '', '', '', '', '', '', '', false, '', '', '', '', '', '', 'Yes', 'Uses mobility aid. Follow manual handling plan.', '', '', '', '', '', 'Agency transport or accessible public transport.', 'Plan managed', 'Plan manager handles invoices; participant approves major purchases.', 'Isla Robinson', 'Isla Robinson')
on conflict (id) do update set
  client_id = excluded.client_id,
  document_no = excluded.document_no,
  description = excluded.description,
  provided_to_receiver = excluded.provided_to_receiver,
  execution_date = excluded.execution_date,
  active = excluded.active,
  important_to_me = excluded.important_to_me,
  how_supported = excluded.how_supported,
  hobbies = excluded.hobbies,
  cultural_needs = excluded.cultural_needs,
  likes = excluded.likes,
  dislikes = excluded.dislikes,
  about_other = excluded.about_other,
  primary_language = excluded.primary_language,
  interpreter_required = excluded.interpreter_required,
  communication_method = excluded.communication_method,
  medication_required = excluded.medication_required,
  medication_details = excluded.medication_details,
  known_allergies = excluded.known_allergies,
  medical_history = excluded.medical_history,
  behaviour_support_required = excluded.behaviour_support_required,
  behaviour_description = excluded.behaviour_description,
  strategies = excluded.strategies,
  relaxation = excluded.relaxation,
  stress_cause = excluded.stress_cause,
  morning = excluded.morning,
  daytime = excluded.daytime,
  afternoon = excluded.afternoon,
  evening_night = excluded.evening_night,
  weekly = excluded.weekly,
  activity_attendance = excluded.activity_attendance,
  activity_details = excluded.activity_details,
  personal_care = excluded.personal_care,
  dressing = excluded.dressing,
  hair_care = excluded.hair_care,
  menstrual_management = excluded.menstrual_management,
  oral_hygiene = excluded.oral_hygiene,
  nail_care = excluded.nail_care,
  shaving = excluded.shaving,
  sleeping = excluded.sleeping,
  toilet_use = excluded.toilet_use,
  showering = excluded.showering,
  personal_care_other = excluded.personal_care_other,
  household_support_required = excluded.household_support_required,
  cooking = excluded.cooking,
  cleaning = excluded.cleaning,
  gardening = excluded.gardening,
  laundry = excluded.laundry,
  make_bed = excluded.make_bed,
  grocery = excluded.grocery,
  mobility_support_required = excluded.mobility_support_required,
  mobility_detail = excluded.mobility_detail,
  eating_drinking_support = excluded.eating_drinking_support,
  dietary_allergies = excluded.dietary_allergies,
  favourite_foods = excluded.favourite_foods,
  disliked_foods = excluded.disliked_foods,
  meal_other = excluded.meal_other,
  transport_arrangements = excluded.transport_arrangements,
  financial_arrangement = excluded.financial_arrangement,
  financial_arrangement_details = excluded.financial_arrangement_details,
  created_by = excluded.created_by,
  updated_by = excluded.updated_by;

insert into public.support_plan_goal (id, support_plan_id, line_no, name, goal_number, goal_term, goal_type, goal, support_required, start_date, end_date)
values
  ('goal-bulk-01-1', 'sp-bulk-01', 1, 'Increase community participation', '1-One', 'Medium/Long Term Goal', 'NDIS Goal', 'Increase community participation', 'Coordinated supports via Glenelg team. Progress reviewed quarterly.', '2023-01-29', '2024-01-15'),
  ('goal-bulk-01-2', 'sp-bulk-01', 2, 'Build daily living skills', '2-Two', 'Medium/Long Term Goal', 'NDIS Goal', 'Build daily living skills', 'Coordinated supports via Glenelg team. Progress reviewed quarterly.', '2023-01-29', '2024-01-15'),
  ('goal-bulk-01-3', 'sp-bulk-01', 3, 'Maintain health and wellbeing', '3-Three', 'Short Term Goal', 'NDIS Goal', 'Maintain health and wellbeing', 'Coordinated supports via Glenelg team. Progress reviewed quarterly.', '2023-01-29', '2024-01-15'),
  ('goal-bulk-02-1', 'sp-bulk-02', 1, 'Increase community participation', '1-One', 'Medium/Long Term Goal', 'NDIS Goal', 'Increase community participation', 'Coordinated supports via Adelaide team. Progress reviewed quarterly.', '2023-02-12', '2024-01-29'),
  ('goal-bulk-02-2', 'sp-bulk-02', 2, 'Build daily living skills', '2-Two', 'Medium/Long Term Goal', 'NDIS Goal', 'Build daily living skills', 'Coordinated supports via Adelaide team. Progress reviewed quarterly.', '2023-02-12', '2024-01-29'),
  ('goal-bulk-02-3', 'sp-bulk-02', 3, 'Maintain health and wellbeing', '3-Three', 'Short Term Goal', 'NDIS Goal', 'Maintain health and wellbeing', 'Coordinated supports via Adelaide team. Progress reviewed quarterly.', '2023-02-12', '2024-01-29'),
  ('goal-bulk-03-1', 'sp-bulk-03', 1, 'Increase community participation', '1-One', 'Medium/Long Term Goal', 'NDIS Goal', 'Increase community participation', 'Coordinated supports via Salisbury team. Progress reviewed quarterly.', '2023-02-26', '2024-02-12'),
  ('goal-bulk-03-2', 'sp-bulk-03', 2, 'Build daily living skills', '2-Two', 'Medium/Long Term Goal', 'NDIS Goal', 'Build daily living skills', 'Coordinated supports via Salisbury team. Progress reviewed quarterly.', '2023-02-26', '2024-02-12'),
  ('goal-bulk-03-3', 'sp-bulk-03', 3, 'Maintain health and wellbeing', '3-Three', 'Short Term Goal', 'NDIS Goal', 'Maintain health and wellbeing', 'Coordinated supports via Salisbury team. Progress reviewed quarterly.', '2023-02-26', '2024-02-12'),
  ('goal-bulk-04-1', 'sp-bulk-04', 1, 'Increase community participation', '1-One', 'Medium/Long Term Goal', 'NDIS Goal', 'Increase community participation', 'Coordinated supports via Brighton team. Progress reviewed quarterly.', '2023-03-12', '2024-02-26'),
  ('goal-bulk-04-2', 'sp-bulk-04', 2, 'Build daily living skills', '2-Two', 'Medium/Long Term Goal', 'NDIS Goal', 'Build daily living skills', 'Coordinated supports via Brighton team. Progress reviewed quarterly.', '2023-03-12', '2024-02-26'),
  ('goal-bulk-04-3', 'sp-bulk-04', 3, 'Maintain health and wellbeing', '3-Three', 'Short Term Goal', 'NDIS Goal', 'Maintain health and wellbeing', 'Coordinated supports via Brighton team. Progress reviewed quarterly.', '2023-03-12', '2024-02-26'),
  ('goal-bulk-05-1', 'sp-bulk-05', 1, 'Increase community participation', '1-One', 'Medium/Long Term Goal', 'NDIS Goal', 'Increase community participation', 'Coordinated supports via Murray Bridge team. Progress reviewed quarterly.', '2023-03-26', '2024-03-11'),
  ('goal-bulk-05-2', 'sp-bulk-05', 2, 'Build daily living skills', '2-Two', 'Medium/Long Term Goal', 'NDIS Goal', 'Build daily living skills', 'Coordinated supports via Murray Bridge team. Progress reviewed quarterly.', '2023-03-26', '2024-03-11'),
  ('goal-bulk-05-3', 'sp-bulk-05', 3, 'Maintain health and wellbeing', '3-Three', 'Short Term Goal', 'NDIS Goal', 'Maintain health and wellbeing', 'Coordinated supports via Murray Bridge team. Progress reviewed quarterly.', '2023-03-26', '2024-03-11'),
  ('goal-bulk-06-1', 'sp-bulk-06', 1, 'Increase community participation', '1-One', 'Medium/Long Term Goal', 'NDIS Goal', 'Increase community participation', 'Coordinated supports via Glenelg team. Progress reviewed quarterly.', '2023-04-09', '2024-03-25'),
  ('goal-bulk-06-2', 'sp-bulk-06', 2, 'Build daily living skills', '2-Two', 'Medium/Long Term Goal', 'NDIS Goal', 'Build daily living skills', 'Coordinated supports via Glenelg team. Progress reviewed quarterly.', '2023-04-09', '2024-03-25'),
  ('goal-bulk-06-3', 'sp-bulk-06', 3, 'Maintain health and wellbeing', '3-Three', 'Short Term Goal', 'NDIS Goal', 'Maintain health and wellbeing', 'Coordinated supports via Glenelg team. Progress reviewed quarterly.', '2023-04-09', '2024-03-25'),
  ('goal-bulk-07-1', 'sp-bulk-07', 1, 'Increase community participation', '1-One', 'Medium/Long Term Goal', 'NDIS Goal', 'Increase community participation', 'Coordinated supports via Adelaide team. Progress reviewed quarterly.', '2023-04-23', '2024-04-08'),
  ('goal-bulk-07-2', 'sp-bulk-07', 2, 'Build daily living skills', '2-Two', 'Medium/Long Term Goal', 'NDIS Goal', 'Build daily living skills', 'Coordinated supports via Adelaide team. Progress reviewed quarterly.', '2023-04-23', '2024-04-08'),
  ('goal-bulk-07-3', 'sp-bulk-07', 3, 'Maintain health and wellbeing', '3-Three', 'Short Term Goal', 'NDIS Goal', 'Maintain health and wellbeing', 'Coordinated supports via Adelaide team. Progress reviewed quarterly.', '2023-04-23', '2024-04-08'),
  ('goal-bulk-08-1', 'sp-bulk-08', 1, 'Increase community participation', '1-One', 'Medium/Long Term Goal', 'NDIS Goal', 'Increase community participation', 'Coordinated supports via Salisbury team. Progress reviewed quarterly.', '2023-05-07', '2024-04-22'),
  ('goal-bulk-08-2', 'sp-bulk-08', 2, 'Build daily living skills', '2-Two', 'Medium/Long Term Goal', 'NDIS Goal', 'Build daily living skills', 'Coordinated supports via Salisbury team. Progress reviewed quarterly.', '2023-05-07', '2024-04-22'),
  ('goal-bulk-08-3', 'sp-bulk-08', 3, 'Maintain health and wellbeing', '3-Three', 'Short Term Goal', 'NDIS Goal', 'Maintain health and wellbeing', 'Coordinated supports via Salisbury team. Progress reviewed quarterly.', '2023-05-07', '2024-04-22'),
  ('goal-bulk-09-1', 'sp-bulk-09', 1, 'Increase community participation', '1-One', 'Medium/Long Term Goal', 'NDIS Goal', 'Increase community participation', 'Coordinated supports via Brighton team. Progress reviewed quarterly.', '2023-05-21', '2024-05-06'),
  ('goal-bulk-09-2', 'sp-bulk-09', 2, 'Build daily living skills', '2-Two', 'Medium/Long Term Goal', 'NDIS Goal', 'Build daily living skills', 'Coordinated supports via Brighton team. Progress reviewed quarterly.', '2023-05-21', '2024-05-06'),
  ('goal-bulk-09-3', 'sp-bulk-09', 3, 'Maintain health and wellbeing', '3-Three', 'Short Term Goal', 'NDIS Goal', 'Maintain health and wellbeing', 'Coordinated supports via Brighton team. Progress reviewed quarterly.', '2023-05-21', '2024-05-06'),
  ('goal-bulk-10-1', 'sp-bulk-10', 1, 'Increase community participation', '1-One', 'Medium/Long Term Goal', 'NDIS Goal', 'Increase community participation', 'Coordinated supports via Murray Bridge team. Progress reviewed quarterly.', '2023-06-04', '2024-05-20'),
  ('goal-bulk-10-2', 'sp-bulk-10', 2, 'Build daily living skills', '2-Two', 'Medium/Long Term Goal', 'NDIS Goal', 'Build daily living skills', 'Coordinated supports via Murray Bridge team. Progress reviewed quarterly.', '2023-06-04', '2024-05-20'),
  ('goal-bulk-10-3', 'sp-bulk-10', 3, 'Maintain health and wellbeing', '3-Three', 'Short Term Goal', 'NDIS Goal', 'Maintain health and wellbeing', 'Coordinated supports via Murray Bridge team. Progress reviewed quarterly.', '2023-06-04', '2024-05-20'),
  ('goal-bulk-11-1', 'sp-bulk-11', 1, 'Increase community participation', '1-One', 'Medium/Long Term Goal', 'NDIS Goal', 'Increase community participation', 'Coordinated supports via Glenelg team. Progress reviewed quarterly.', '2023-06-18', '2024-06-03'),
  ('goal-bulk-11-2', 'sp-bulk-11', 2, 'Build daily living skills', '2-Two', 'Medium/Long Term Goal', 'NDIS Goal', 'Build daily living skills', 'Coordinated supports via Glenelg team. Progress reviewed quarterly.', '2023-06-18', '2024-06-03'),
  ('goal-bulk-11-3', 'sp-bulk-11', 3, 'Maintain health and wellbeing', '3-Three', 'Short Term Goal', 'NDIS Goal', 'Maintain health and wellbeing', 'Coordinated supports via Glenelg team. Progress reviewed quarterly.', '2023-06-18', '2024-06-03'),
  ('goal-bulk-12-1', 'sp-bulk-12', 1, 'Increase community participation', '1-One', 'Medium/Long Term Goal', 'NDIS Goal', 'Increase community participation', 'Coordinated supports via Adelaide team. Progress reviewed quarterly.', '2023-07-02', '2024-06-17'),
  ('goal-bulk-12-2', 'sp-bulk-12', 2, 'Build daily living skills', '2-Two', 'Medium/Long Term Goal', 'NDIS Goal', 'Build daily living skills', 'Coordinated supports via Adelaide team. Progress reviewed quarterly.', '2023-07-02', '2024-06-17'),
  ('goal-bulk-12-3', 'sp-bulk-12', 3, 'Maintain health and wellbeing', '3-Three', 'Short Term Goal', 'NDIS Goal', 'Maintain health and wellbeing', 'Coordinated supports via Adelaide team. Progress reviewed quarterly.', '2023-07-02', '2024-06-17'),
  ('goal-bulk-13-1', 'sp-bulk-13', 1, 'Increase community participation', '1-One', 'Medium/Long Term Goal', 'NDIS Goal', 'Increase community participation', 'Coordinated supports via Salisbury team. Progress reviewed quarterly.', '2023-07-16', '2024-07-01'),
  ('goal-bulk-13-2', 'sp-bulk-13', 2, 'Build daily living skills', '2-Two', 'Medium/Long Term Goal', 'NDIS Goal', 'Build daily living skills', 'Coordinated supports via Salisbury team. Progress reviewed quarterly.', '2023-07-16', '2024-07-01'),
  ('goal-bulk-13-3', 'sp-bulk-13', 3, 'Maintain health and wellbeing', '3-Three', 'Short Term Goal', 'NDIS Goal', 'Maintain health and wellbeing', 'Coordinated supports via Salisbury team. Progress reviewed quarterly.', '2023-07-16', '2024-07-01'),
  ('goal-bulk-14-1', 'sp-bulk-14', 1, 'Increase community participation', '1-One', 'Medium/Long Term Goal', 'NDIS Goal', 'Increase community participation', 'Coordinated supports via Brighton team. Progress reviewed quarterly.', '2023-07-30', '2024-07-15'),
  ('goal-bulk-14-2', 'sp-bulk-14', 2, 'Build daily living skills', '2-Two', 'Medium/Long Term Goal', 'NDIS Goal', 'Build daily living skills', 'Coordinated supports via Brighton team. Progress reviewed quarterly.', '2023-07-30', '2024-07-15'),
  ('goal-bulk-14-3', 'sp-bulk-14', 3, 'Maintain health and wellbeing', '3-Three', 'Short Term Goal', 'NDIS Goal', 'Maintain health and wellbeing', 'Coordinated supports via Brighton team. Progress reviewed quarterly.', '2023-07-30', '2024-07-15'),
  ('goal-bulk-15-1', 'sp-bulk-15', 1, 'Increase community participation', '1-One', 'Medium/Long Term Goal', 'NDIS Goal', 'Increase community participation', 'Coordinated supports via Murray Bridge team. Progress reviewed quarterly.', '2023-08-13', '2024-07-29'),
  ('goal-bulk-15-2', 'sp-bulk-15', 2, 'Build daily living skills', '2-Two', 'Medium/Long Term Goal', 'NDIS Goal', 'Build daily living skills', 'Coordinated supports via Murray Bridge team. Progress reviewed quarterly.', '2023-08-13', '2024-07-29'),
  ('goal-bulk-15-3', 'sp-bulk-15', 3, 'Maintain health and wellbeing', '3-Three', 'Short Term Goal', 'NDIS Goal', 'Maintain health and wellbeing', 'Coordinated supports via Murray Bridge team. Progress reviewed quarterly.', '2023-08-13', '2024-07-29'),
  ('goal-bulk-16-1', 'sp-bulk-16', 1, 'Increase community participation', '1-One', 'Medium/Long Term Goal', 'NDIS Goal', 'Increase community participation', 'Coordinated supports via Glenelg team. Progress reviewed quarterly.', '2023-08-27', '2024-08-12'),
  ('goal-bulk-16-2', 'sp-bulk-16', 2, 'Build daily living skills', '2-Two', 'Medium/Long Term Goal', 'NDIS Goal', 'Build daily living skills', 'Coordinated supports via Glenelg team. Progress reviewed quarterly.', '2023-08-27', '2024-08-12'),
  ('goal-bulk-16-3', 'sp-bulk-16', 3, 'Maintain health and wellbeing', '3-Three', 'Short Term Goal', 'NDIS Goal', 'Maintain health and wellbeing', 'Coordinated supports via Glenelg team. Progress reviewed quarterly.', '2023-08-27', '2024-08-12'),
  ('goal-bulk-17-1', 'sp-bulk-17', 1, 'Increase community participation', '1-One', 'Medium/Long Term Goal', 'NDIS Goal', 'Increase community participation', 'Coordinated supports via Adelaide team. Progress reviewed quarterly.', '2023-09-10', '2024-08-26'),
  ('goal-bulk-17-2', 'sp-bulk-17', 2, 'Build daily living skills', '2-Two', 'Medium/Long Term Goal', 'NDIS Goal', 'Build daily living skills', 'Coordinated supports via Adelaide team. Progress reviewed quarterly.', '2023-09-10', '2024-08-26'),
  ('goal-bulk-17-3', 'sp-bulk-17', 3, 'Maintain health and wellbeing', '3-Three', 'Short Term Goal', 'NDIS Goal', 'Maintain health and wellbeing', 'Coordinated supports via Adelaide team. Progress reviewed quarterly.', '2023-09-10', '2024-08-26'),
  ('goal-bulk-18-1', 'sp-bulk-18', 1, 'Increase community participation', '1-One', 'Medium/Long Term Goal', 'NDIS Goal', 'Increase community participation', 'Coordinated supports via Salisbury team. Progress reviewed quarterly.', '2023-09-24', '2024-09-09'),
  ('goal-bulk-18-2', 'sp-bulk-18', 2, 'Build daily living skills', '2-Two', 'Medium/Long Term Goal', 'NDIS Goal', 'Build daily living skills', 'Coordinated supports via Salisbury team. Progress reviewed quarterly.', '2023-09-24', '2024-09-09'),
  ('goal-bulk-18-3', 'sp-bulk-18', 3, 'Maintain health and wellbeing', '3-Three', 'Short Term Goal', 'NDIS Goal', 'Maintain health and wellbeing', 'Coordinated supports via Salisbury team. Progress reviewed quarterly.', '2023-09-24', '2024-09-09'),
  ('goal-bulk-19-1', 'sp-bulk-19', 1, 'Increase community participation', '1-One', 'Medium/Long Term Goal', 'NDIS Goal', 'Increase community participation', 'Coordinated supports via Brighton team. Progress reviewed quarterly.', '2023-10-08', '2024-09-23'),
  ('goal-bulk-19-2', 'sp-bulk-19', 2, 'Build daily living skills', '2-Two', 'Medium/Long Term Goal', 'NDIS Goal', 'Build daily living skills', 'Coordinated supports via Brighton team. Progress reviewed quarterly.', '2023-10-08', '2024-09-23'),
  ('goal-bulk-19-3', 'sp-bulk-19', 3, 'Maintain health and wellbeing', '3-Three', 'Short Term Goal', 'NDIS Goal', 'Maintain health and wellbeing', 'Coordinated supports via Brighton team. Progress reviewed quarterly.', '2023-10-08', '2024-09-23'),
  ('goal-bulk-20-1', 'sp-bulk-20', 1, 'Increase community participation', '1-One', 'Medium/Long Term Goal', 'NDIS Goal', 'Increase community participation', 'Coordinated supports via Murray Bridge team. Progress reviewed quarterly.', '2023-10-22', '2024-10-07'),
  ('goal-bulk-20-2', 'sp-bulk-20', 2, 'Build daily living skills', '2-Two', 'Medium/Long Term Goal', 'NDIS Goal', 'Build daily living skills', 'Coordinated supports via Murray Bridge team. Progress reviewed quarterly.', '2023-10-22', '2024-10-07'),
  ('goal-bulk-20-3', 'sp-bulk-20', 3, 'Maintain health and wellbeing', '3-Three', 'Short Term Goal', 'NDIS Goal', 'Maintain health and wellbeing', 'Coordinated supports via Murray Bridge team. Progress reviewed quarterly.', '2023-10-22', '2024-10-07')
on conflict (id) do update set
  support_plan_id = excluded.support_plan_id,
  line_no = excluded.line_no,
  name = excluded.name,
  goal_number = excluded.goal_number,
  goal_term = excluded.goal_term,
  goal_type = excluded.goal_type,
  goal = excluded.goal,
  support_required = excluded.support_required,
  start_date = excluded.start_date,
  end_date = excluded.end_date;

insert into public.support_plan_goal_progress_review (id, goal_id, line_no, progress_review_type, review_date, goal_progress, progress_taken, receiver_feeling, next_steps, created_by, updated_by)
values
  ('pr-bulk-01-1', 'goal-bulk-01-1', 1, 'Quarterly review', '2023-04-15', 'Some progress', 'Continued scheduled supports and family check-ins.', 'Wants more community outings', 'Maintain current supports; revisit at next plan meeting.', 'Gabriela Wilson', 'Gabriela Wilson'),
  ('pr-bulk-01-2', 'goal-bulk-01-2', 1, 'Quarterly review', '2023-05-15', 'Achieved partial outcome', 'Continued scheduled supports and family check-ins.', 'Wants more community outings', 'Maintain current supports; revisit at next plan meeting.', 'Gabriela Wilson', 'Gabriela Wilson'),
  ('pr-bulk-01-3', 'goal-bulk-01-3', 1, 'Quarterly review', '2023-06-14', 'On track', 'Continued scheduled supports and family check-ins.', 'Wants more community outings', 'Maintain current supports; revisit at next plan meeting.', 'Gabriela Wilson', 'Gabriela Wilson'),
  ('pr-bulk-02-1', 'goal-bulk-02-1', 1, 'Quarterly review', '2023-04-29', 'Achieved partial outcome', 'Continued scheduled supports and family check-ins.', 'Proud of achievements', 'Maintain current supports; revisit at next plan meeting.', 'Oliver Williams', 'Oliver Williams'),
  ('pr-bulk-02-2', 'goal-bulk-02-2', 1, 'Quarterly review', '2023-05-29', 'On track', 'Continued scheduled supports and family check-ins.', 'Proud of achievements', 'Maintain current supports; revisit at next plan meeting.', 'Oliver Williams', 'Oliver Williams'),
  ('pr-bulk-02-3', 'goal-bulk-02-3', 1, 'Quarterly review', '2023-06-28', 'Some progress', 'Continued scheduled supports and family check-ins.', 'Proud of achievements', 'Maintain current supports; revisit at next plan meeting.', 'Oliver Williams', 'Oliver Williams'),
  ('pr-bulk-03-1', 'goal-bulk-03-1', 1, 'Quarterly review', '2023-05-13', 'On track', 'Continued scheduled supports and family check-ins.', 'Happy with progress', 'Maintain current supports; revisit at next plan meeting.', 'Rose Dash', 'Rose Dash'),
  ('pr-bulk-03-2', 'goal-bulk-03-2', 1, 'Quarterly review', '2023-06-12', 'Some progress', 'Continued scheduled supports and family check-ins.', 'Happy with progress', 'Maintain current supports; revisit at next plan meeting.', 'Rose Dash', 'Rose Dash'),
  ('pr-bulk-03-3', 'goal-bulk-03-3', 1, 'Quarterly review', '2023-07-12', 'Achieved partial outcome', 'Continued scheduled supports and family check-ins.', 'Happy with progress', 'Maintain current supports; revisit at next plan meeting.', 'Rose Dash', 'Rose Dash'),
  ('pr-bulk-04-1', 'goal-bulk-04-1', 1, 'Quarterly review', '2023-05-27', 'Some progress', 'Continued scheduled supports and family check-ins.', 'Wants more community outings', 'Maintain current supports; revisit at next plan meeting.', 'Isla Robinson', 'Isla Robinson'),
  ('pr-bulk-04-2', 'goal-bulk-04-2', 1, 'Quarterly review', '2023-06-26', 'Achieved partial outcome', 'Continued scheduled supports and family check-ins.', 'Wants more community outings', 'Maintain current supports; revisit at next plan meeting.', 'Isla Robinson', 'Isla Robinson'),
  ('pr-bulk-04-3', 'goal-bulk-04-3', 1, 'Quarterly review', '2023-07-26', 'On track', 'Continued scheduled supports and family check-ins.', 'Wants more community outings', 'Maintain current supports; revisit at next plan meeting.', 'Isla Robinson', 'Isla Robinson'),
  ('pr-bulk-05-1', 'goal-bulk-05-1', 1, 'Quarterly review', '2023-06-10', 'Achieved partial outcome', 'Continued scheduled supports and family check-ins.', 'Proud of achievements', 'Maintain current supports; revisit at next plan meeting.', 'Gabriela Wilson', 'Gabriela Wilson'),
  ('pr-bulk-05-2', 'goal-bulk-05-2', 1, 'Quarterly review', '2023-07-10', 'On track', 'Continued scheduled supports and family check-ins.', 'Proud of achievements', 'Maintain current supports; revisit at next plan meeting.', 'Gabriela Wilson', 'Gabriela Wilson'),
  ('pr-bulk-05-3', 'goal-bulk-05-3', 1, 'Quarterly review', '2023-08-09', 'Some progress', 'Continued scheduled supports and family check-ins.', 'Proud of achievements', 'Maintain current supports; revisit at next plan meeting.', 'Gabriela Wilson', 'Gabriela Wilson'),
  ('pr-bulk-06-1', 'goal-bulk-06-1', 1, 'Quarterly review', '2023-06-24', 'On track', 'Continued scheduled supports and family check-ins.', 'Happy with progress', 'Maintain current supports; revisit at next plan meeting.', 'Oliver Williams', 'Oliver Williams'),
  ('pr-bulk-06-2', 'goal-bulk-06-2', 1, 'Quarterly review', '2023-07-24', 'Some progress', 'Continued scheduled supports and family check-ins.', 'Happy with progress', 'Maintain current supports; revisit at next plan meeting.', 'Oliver Williams', 'Oliver Williams'),
  ('pr-bulk-06-3', 'goal-bulk-06-3', 1, 'Quarterly review', '2023-08-23', 'Achieved partial outcome', 'Continued scheduled supports and family check-ins.', 'Happy with progress', 'Maintain current supports; revisit at next plan meeting.', 'Oliver Williams', 'Oliver Williams'),
  ('pr-bulk-07-1', 'goal-bulk-07-1', 1, 'Quarterly review', '2023-07-08', 'Some progress', 'Continued scheduled supports and family check-ins.', 'Wants more community outings', 'Maintain current supports; revisit at next plan meeting.', 'Rose Dash', 'Rose Dash'),
  ('pr-bulk-07-2', 'goal-bulk-07-2', 1, 'Quarterly review', '2023-08-07', 'Achieved partial outcome', 'Continued scheduled supports and family check-ins.', 'Wants more community outings', 'Maintain current supports; revisit at next plan meeting.', 'Rose Dash', 'Rose Dash'),
  ('pr-bulk-07-3', 'goal-bulk-07-3', 1, 'Quarterly review', '2023-09-06', 'On track', 'Continued scheduled supports and family check-ins.', 'Wants more community outings', 'Maintain current supports; revisit at next plan meeting.', 'Rose Dash', 'Rose Dash'),
  ('pr-bulk-08-1', 'goal-bulk-08-1', 1, 'Quarterly review', '2023-07-22', 'Achieved partial outcome', 'Continued scheduled supports and family check-ins.', 'Proud of achievements', 'Maintain current supports; revisit at next plan meeting.', 'Isla Robinson', 'Isla Robinson'),
  ('pr-bulk-08-2', 'goal-bulk-08-2', 1, 'Quarterly review', '2023-08-21', 'On track', 'Continued scheduled supports and family check-ins.', 'Proud of achievements', 'Maintain current supports; revisit at next plan meeting.', 'Isla Robinson', 'Isla Robinson'),
  ('pr-bulk-08-3', 'goal-bulk-08-3', 1, 'Quarterly review', '2023-09-20', 'Some progress', 'Continued scheduled supports and family check-ins.', 'Proud of achievements', 'Maintain current supports; revisit at next plan meeting.', 'Isla Robinson', 'Isla Robinson'),
  ('pr-bulk-09-1', 'goal-bulk-09-1', 1, 'Quarterly review', '2023-08-05', 'On track', 'Continued scheduled supports and family check-ins.', 'Happy with progress', 'Maintain current supports; revisit at next plan meeting.', 'Gabriela Wilson', 'Gabriela Wilson'),
  ('pr-bulk-09-2', 'goal-bulk-09-2', 1, 'Quarterly review', '2023-09-04', 'Some progress', 'Continued scheduled supports and family check-ins.', 'Happy with progress', 'Maintain current supports; revisit at next plan meeting.', 'Gabriela Wilson', 'Gabriela Wilson'),
  ('pr-bulk-09-3', 'goal-bulk-09-3', 1, 'Quarterly review', '2023-10-04', 'Achieved partial outcome', 'Continued scheduled supports and family check-ins.', 'Happy with progress', 'Maintain current supports; revisit at next plan meeting.', 'Gabriela Wilson', 'Gabriela Wilson'),
  ('pr-bulk-10-1', 'goal-bulk-10-1', 1, 'Quarterly review', '2023-08-19', 'Some progress', 'Continued scheduled supports and family check-ins.', 'Wants more community outings', 'Maintain current supports; revisit at next plan meeting.', 'Oliver Williams', 'Oliver Williams'),
  ('pr-bulk-10-2', 'goal-bulk-10-2', 1, 'Quarterly review', '2023-09-18', 'Achieved partial outcome', 'Continued scheduled supports and family check-ins.', 'Wants more community outings', 'Maintain current supports; revisit at next plan meeting.', 'Oliver Williams', 'Oliver Williams'),
  ('pr-bulk-10-3', 'goal-bulk-10-3', 1, 'Quarterly review', '2023-10-18', 'On track', 'Continued scheduled supports and family check-ins.', 'Wants more community outings', 'Maintain current supports; revisit at next plan meeting.', 'Oliver Williams', 'Oliver Williams'),
  ('pr-bulk-11-1', 'goal-bulk-11-1', 1, 'Quarterly review', '2023-09-02', 'Achieved partial outcome', 'Continued scheduled supports and family check-ins.', 'Proud of achievements', 'Maintain current supports; revisit at next plan meeting.', 'Rose Dash', 'Rose Dash'),
  ('pr-bulk-11-2', 'goal-bulk-11-2', 1, 'Quarterly review', '2023-10-02', 'On track', 'Continued scheduled supports and family check-ins.', 'Proud of achievements', 'Maintain current supports; revisit at next plan meeting.', 'Rose Dash', 'Rose Dash'),
  ('pr-bulk-11-3', 'goal-bulk-11-3', 1, 'Quarterly review', '2023-11-01', 'Some progress', 'Continued scheduled supports and family check-ins.', 'Proud of achievements', 'Maintain current supports; revisit at next plan meeting.', 'Rose Dash', 'Rose Dash'),
  ('pr-bulk-12-1', 'goal-bulk-12-1', 1, 'Quarterly review', '2023-09-16', 'On track', 'Continued scheduled supports and family check-ins.', 'Happy with progress', 'Maintain current supports; revisit at next plan meeting.', 'Isla Robinson', 'Isla Robinson'),
  ('pr-bulk-12-2', 'goal-bulk-12-2', 1, 'Quarterly review', '2023-10-16', 'Some progress', 'Continued scheduled supports and family check-ins.', 'Happy with progress', 'Maintain current supports; revisit at next plan meeting.', 'Isla Robinson', 'Isla Robinson'),
  ('pr-bulk-12-3', 'goal-bulk-12-3', 1, 'Quarterly review', '2023-11-15', 'Achieved partial outcome', 'Continued scheduled supports and family check-ins.', 'Happy with progress', 'Maintain current supports; revisit at next plan meeting.', 'Isla Robinson', 'Isla Robinson'),
  ('pr-bulk-13-1', 'goal-bulk-13-1', 1, 'Quarterly review', '2023-09-30', 'Some progress', 'Continued scheduled supports and family check-ins.', 'Wants more community outings', 'Maintain current supports; revisit at next plan meeting.', 'Gabriela Wilson', 'Gabriela Wilson'),
  ('pr-bulk-13-2', 'goal-bulk-13-2', 1, 'Quarterly review', '2023-10-30', 'Achieved partial outcome', 'Continued scheduled supports and family check-ins.', 'Wants more community outings', 'Maintain current supports; revisit at next plan meeting.', 'Gabriela Wilson', 'Gabriela Wilson'),
  ('pr-bulk-13-3', 'goal-bulk-13-3', 1, 'Quarterly review', '2023-11-29', 'On track', 'Continued scheduled supports and family check-ins.', 'Wants more community outings', 'Maintain current supports; revisit at next plan meeting.', 'Gabriela Wilson', 'Gabriela Wilson'),
  ('pr-bulk-14-1', 'goal-bulk-14-1', 1, 'Quarterly review', '2023-10-14', 'Achieved partial outcome', 'Continued scheduled supports and family check-ins.', 'Proud of achievements', 'Maintain current supports; revisit at next plan meeting.', 'Oliver Williams', 'Oliver Williams'),
  ('pr-bulk-14-2', 'goal-bulk-14-2', 1, 'Quarterly review', '2023-11-13', 'On track', 'Continued scheduled supports and family check-ins.', 'Proud of achievements', 'Maintain current supports; revisit at next plan meeting.', 'Oliver Williams', 'Oliver Williams'),
  ('pr-bulk-14-3', 'goal-bulk-14-3', 1, 'Quarterly review', '2023-12-13', 'Some progress', 'Continued scheduled supports and family check-ins.', 'Proud of achievements', 'Maintain current supports; revisit at next plan meeting.', 'Oliver Williams', 'Oliver Williams'),
  ('pr-bulk-15-1', 'goal-bulk-15-1', 1, 'Quarterly review', '2023-10-28', 'On track', 'Continued scheduled supports and family check-ins.', 'Happy with progress', 'Maintain current supports; revisit at next plan meeting.', 'Rose Dash', 'Rose Dash'),
  ('pr-bulk-15-2', 'goal-bulk-15-2', 1, 'Quarterly review', '2023-11-27', 'Some progress', 'Continued scheduled supports and family check-ins.', 'Happy with progress', 'Maintain current supports; revisit at next plan meeting.', 'Rose Dash', 'Rose Dash'),
  ('pr-bulk-15-3', 'goal-bulk-15-3', 1, 'Quarterly review', '2023-12-27', 'Achieved partial outcome', 'Continued scheduled supports and family check-ins.', 'Happy with progress', 'Maintain current supports; revisit at next plan meeting.', 'Rose Dash', 'Rose Dash'),
  ('pr-bulk-16-1', 'goal-bulk-16-1', 1, 'Quarterly review', '2023-11-11', 'Some progress', 'Continued scheduled supports and family check-ins.', 'Wants more community outings', 'Maintain current supports; revisit at next plan meeting.', 'Isla Robinson', 'Isla Robinson'),
  ('pr-bulk-16-2', 'goal-bulk-16-2', 1, 'Quarterly review', '2023-12-11', 'Achieved partial outcome', 'Continued scheduled supports and family check-ins.', 'Wants more community outings', 'Maintain current supports; revisit at next plan meeting.', 'Isla Robinson', 'Isla Robinson'),
  ('pr-bulk-16-3', 'goal-bulk-16-3', 1, 'Quarterly review', '2024-01-10', 'On track', 'Continued scheduled supports and family check-ins.', 'Wants more community outings', 'Maintain current supports; revisit at next plan meeting.', 'Isla Robinson', 'Isla Robinson'),
  ('pr-bulk-17-1', 'goal-bulk-17-1', 1, 'Quarterly review', '2023-11-25', 'Achieved partial outcome', 'Continued scheduled supports and family check-ins.', 'Proud of achievements', 'Maintain current supports; revisit at next plan meeting.', 'Gabriela Wilson', 'Gabriela Wilson'),
  ('pr-bulk-17-2', 'goal-bulk-17-2', 1, 'Quarterly review', '2023-12-25', 'On track', 'Continued scheduled supports and family check-ins.', 'Proud of achievements', 'Maintain current supports; revisit at next plan meeting.', 'Gabriela Wilson', 'Gabriela Wilson'),
  ('pr-bulk-17-3', 'goal-bulk-17-3', 1, 'Quarterly review', '2024-01-24', 'Some progress', 'Continued scheduled supports and family check-ins.', 'Proud of achievements', 'Maintain current supports; revisit at next plan meeting.', 'Gabriela Wilson', 'Gabriela Wilson'),
  ('pr-bulk-18-1', 'goal-bulk-18-1', 1, 'Quarterly review', '2023-12-09', 'On track', 'Continued scheduled supports and family check-ins.', 'Happy with progress', 'Maintain current supports; revisit at next plan meeting.', 'Oliver Williams', 'Oliver Williams'),
  ('pr-bulk-18-2', 'goal-bulk-18-2', 1, 'Quarterly review', '2024-01-08', 'Some progress', 'Continued scheduled supports and family check-ins.', 'Happy with progress', 'Maintain current supports; revisit at next plan meeting.', 'Oliver Williams', 'Oliver Williams'),
  ('pr-bulk-18-3', 'goal-bulk-18-3', 1, 'Quarterly review', '2024-02-07', 'Achieved partial outcome', 'Continued scheduled supports and family check-ins.', 'Happy with progress', 'Maintain current supports; revisit at next plan meeting.', 'Oliver Williams', 'Oliver Williams'),
  ('pr-bulk-19-1', 'goal-bulk-19-1', 1, 'Quarterly review', '2023-12-23', 'Some progress', 'Continued scheduled supports and family check-ins.', 'Wants more community outings', 'Maintain current supports; revisit at next plan meeting.', 'Rose Dash', 'Rose Dash'),
  ('pr-bulk-19-2', 'goal-bulk-19-2', 1, 'Quarterly review', '2024-01-22', 'Achieved partial outcome', 'Continued scheduled supports and family check-ins.', 'Wants more community outings', 'Maintain current supports; revisit at next plan meeting.', 'Rose Dash', 'Rose Dash'),
  ('pr-bulk-19-3', 'goal-bulk-19-3', 1, 'Quarterly review', '2024-02-21', 'On track', 'Continued scheduled supports and family check-ins.', 'Wants more community outings', 'Maintain current supports; revisit at next plan meeting.', 'Rose Dash', 'Rose Dash'),
  ('pr-bulk-20-1', 'goal-bulk-20-1', 1, 'Quarterly review', '2024-01-06', 'Achieved partial outcome', 'Continued scheduled supports and family check-ins.', 'Proud of achievements', 'Maintain current supports; revisit at next plan meeting.', 'Isla Robinson', 'Isla Robinson'),
  ('pr-bulk-20-2', 'goal-bulk-20-2', 1, 'Quarterly review', '2024-02-05', 'On track', 'Continued scheduled supports and family check-ins.', 'Proud of achievements', 'Maintain current supports; revisit at next plan meeting.', 'Isla Robinson', 'Isla Robinson'),
  ('pr-bulk-20-3', 'goal-bulk-20-3', 1, 'Quarterly review', '2024-03-06', 'Some progress', 'Continued scheduled supports and family check-ins.', 'Proud of achievements', 'Maintain current supports; revisit at next plan meeting.', 'Isla Robinson', 'Isla Robinson')
on conflict (id) do update set
  goal_id = excluded.goal_id,
  line_no = excluded.line_no,
  progress_review_type = excluded.progress_review_type,
  review_date = excluded.review_date,
  goal_progress = excluded.goal_progress,
  progress_taken = excluded.progress_taken,
  receiver_feeling = excluded.receiver_feeling,
  next_steps = excluded.next_steps,
  created_by = excluded.created_by,
  updated_by = excluded.updated_by;

insert into public.plan_assessment_document (id, client_id, document_no, document_type, plan_type, assessment_type, review_date, date_received, document_status, document_developer, support_plan_id)
values
  ('pad-bulk-01', 'bp-bulk-01', '1000401', 'Plan', 'Support Plan', '', '2023-11-11', null, 'Published', 'Gabriela Wilson', 'sp-bulk-01'),
  ('pad-bulk-02', 'bp-bulk-02', '1000402', 'Plan', 'Support Plan', '', '2023-11-25', null, 'Published', 'Oliver Williams', 'sp-bulk-02'),
  ('pad-bulk-03', 'bp-bulk-03', '1000403', 'Plan', 'Support Plan', '', '2023-12-09', null, 'Published', 'Rose Dash', 'sp-bulk-03'),
  ('pad-bulk-04', 'bp-bulk-04', '1000404', 'Plan', 'Support Plan', '', '2023-12-23', null, 'Published', 'Isla Robinson', 'sp-bulk-04'),
  ('pad-bulk-05', 'bp-bulk-05', '1000405', 'Plan', 'Support Plan', '', '2024-01-06', null, 'Published', 'Gabriela Wilson', 'sp-bulk-05'),
  ('pad-bulk-06', 'bp-bulk-06', '1000406', 'Plan', 'Support Plan', '', '2024-01-20', null, 'Published', 'Oliver Williams', 'sp-bulk-06'),
  ('pad-bulk-07', 'bp-bulk-07', '1000407', 'Plan', 'Support Plan', '', '2024-02-03', null, 'Published', 'Rose Dash', 'sp-bulk-07'),
  ('pad-bulk-08', 'bp-bulk-08', '1000408', 'Plan', 'Support Plan', '', '2024-02-17', null, 'Published', 'Isla Robinson', 'sp-bulk-08'),
  ('pad-bulk-09', 'bp-bulk-09', '1000409', 'Plan', 'Support Plan', '', '2024-03-02', null, 'Published', 'Gabriela Wilson', 'sp-bulk-09'),
  ('pad-bulk-10', 'bp-bulk-10', '1000410', 'Plan', 'Support Plan', '', '2024-03-16', null, 'Published', 'Oliver Williams', 'sp-bulk-10'),
  ('pad-bulk-11', 'bp-bulk-11', '1000411', 'Plan', 'Support Plan', '', '2024-03-30', null, 'Published', 'Rose Dash', 'sp-bulk-11'),
  ('pad-bulk-12', 'bp-bulk-12', '1000412', 'Plan', 'Support Plan', '', '2024-04-13', null, 'Published', 'Isla Robinson', 'sp-bulk-12'),
  ('pad-bulk-13', 'bp-bulk-13', '1000413', 'Plan', 'Support Plan', '', '2024-04-27', null, 'Published', 'Gabriela Wilson', 'sp-bulk-13'),
  ('pad-bulk-14', 'bp-bulk-14', '1000414', 'Plan', 'Support Plan', '', '2024-05-11', null, 'Published', 'Oliver Williams', 'sp-bulk-14'),
  ('pad-bulk-15', 'bp-bulk-15', '1000415', 'Plan', 'Support Plan', '', '2024-05-25', null, 'Published', 'Rose Dash', 'sp-bulk-15'),
  ('pad-bulk-16', 'bp-bulk-16', '1000416', 'Plan', 'Support Plan', '', '2024-06-08', null, 'Published', 'Isla Robinson', 'sp-bulk-16'),
  ('pad-bulk-17', 'bp-bulk-17', '1000417', 'Plan', 'Support Plan', '', '2024-06-22', null, 'Published', 'Gabriela Wilson', 'sp-bulk-17'),
  ('pad-bulk-18', 'bp-bulk-18', '1000418', 'Plan', 'Support Plan', '', '2024-07-06', null, 'Published', 'Oliver Williams', 'sp-bulk-18'),
  ('pad-bulk-19', 'bp-bulk-19', '1000419', 'Plan', 'Support Plan', '', '2024-07-20', null, 'Published', 'Rose Dash', 'sp-bulk-19'),
  ('pad-bulk-20', 'bp-bulk-20', '1000420', 'Plan', 'Support Plan', '', '2024-08-03', null, 'Published', 'Isla Robinson', 'sp-bulk-20')
on conflict (id) do update set
  client_id = excluded.client_id,
  document_no = excluded.document_no,
  document_type = excluded.document_type,
  plan_type = excluded.plan_type,
  assessment_type = excluded.assessment_type,
  review_date = excluded.review_date,
  date_received = excluded.date_received,
  document_status = excluded.document_status,
  document_developer = excluded.document_developer,
  support_plan_id = excluded.support_plan_id;

insert into public.incident (id, document_no, title, status, severity, category, service_type, is_reportable, reportable_type, restrictive_practice_caused_harm, occurred_at, aware_at, reported_at, report_deadline_at, ndis_notified_at, ndis_notification_ref, primary_client_id, primary_employee_id, primary_location_id, linked_restrictive_practice_id, manager_reviewed_at, manager_reviewed_by, description, immediate_actions, investigation_summary, corrective_actions, lessons_learned, created_by, updated_by)
values
  ('inc-bulk-01', 'INC-B01', 'Medication timing variance', 'Under investigation', 'Medium', 'Operational', 'SIL', false, '', false, '2023-03-17T14:30:00+00', '2023-03-17T14:45:00+00', '2023-03-17', null, null, '', 'bp-bulk-01', 'emp-sw-002', 'loc-glenelg-sil', '', null, '', 'Incident involving Noah Brown at Glenelg. Documented per organisational policy; family notified where required.', 'Participant checked, area secured, shift leader and coordinator informed same day.', '', '', 'Reinforce manual handling and documentation standards.', 'Gabriela Wilson', 'Oliver Williams'),
  ('inc-bulk-02', 'INC-B02', 'Behaviour escalation — de-escalated', 'Submitted', 'High', 'Injury', 'Day program', false, '', false, '2023-04-01T14:30:00+00', '2023-04-01T14:45:00+00', '2023-04-01', null, null, '', 'bp-bulk-02', 'emp-sw-003', 'loc-adelaide-hub', '', null, '', 'Incident involving Mia Taylor at Adelaide. Documented per organisational policy; family notified where required.', 'Participant checked, area secured, shift leader and coordinator informed same day.', 'Reviewed roster notes and witness statements. No systemic issue identified.', '', 'Reinforce manual handling and documentation standards.', 'Oliver Williams', 'Rose Dash'),
  ('inc-bulk-03', 'INC-B03', 'Near miss in community outing', 'Draft', 'Low', 'Behaviour', 'SIL', false, '', false, '2023-04-16T14:30:00+00', '2023-04-16T14:45:00+00', '2023-04-16', null, null, '', 'bp-bulk-03', 'emp-sw-004', 'loc-northern-sil', '', null, '', 'Incident involving Liam Anderson at Salisbury. Documented per organisational policy; family notified where required.', 'Participant checked, area secured, shift leader and coordinator informed same day.', '', 'Additional briefing added to next team meeting.', 'Reinforce manual handling and documentation standards.', 'Rose Dash', 'Isla Robinson'),
  ('inc-bulk-04', 'INC-B04', 'Skin integrity check follow-up', 'Closed', 'Medium', 'Near miss', 'Respite', false, '', false, '2023-05-01T14:30:00+00', '2023-05-01T14:45:00+00', '2023-05-01', null, null, '', 'bp-bulk-04', 'emp-sw-005', 'loc-southern-respite', '', null, '', 'Incident involving Zoe Thomas at Brighton. Documented per organisational policy; family notified where required.', 'Participant checked, area secured, shift leader and coordinator informed same day.', 'Reviewed roster notes and witness statements. No systemic issue identified.', '', 'Reinforce manual handling and documentation standards.', 'Isla Robinson', 'Gabriela Wilson'),
  ('inc-bulk-05', 'INC-B05', 'Minor fall during transfer', 'Under investigation', 'High', 'Operational', 'Day program', true, 'Serious injury', false, '2023-05-16T14:30:00+00', '2023-05-16T14:45:00+00', '2023-05-16', null, null, '', 'bp-bulk-05', 'emp-sw-006', 'loc-murray-bridge-day', '', null, '', 'Incident involving Ethan Jackson at Murray Bridge. Documented per organisational policy; family notified where required.', 'Participant checked, area secured, shift leader and coordinator informed same day.', '', '', 'Reinforce manual handling and documentation standards.', 'Gabriela Wilson', 'Oliver Williams'),
  ('inc-bulk-06', 'INC-B06', 'Medication timing variance', 'Submitted', 'Low', 'Injury', 'SIL', false, '', false, '2023-05-31T14:30:00+00', '2023-05-31T14:45:00+00', '2023-05-31', null, null, '', 'bp-bulk-06', 'emp-sw-007', 'loc-glenelg-sil', '', null, '', 'Incident involving Chloe White at Glenelg. Documented per organisational policy; family notified where required.', 'Participant checked, area secured, shift leader and coordinator informed same day.', 'Reviewed roster notes and witness statements. No systemic issue identified.', 'Additional briefing added to next team meeting.', 'Reinforce manual handling and documentation standards.', 'Oliver Williams', 'Rose Dash'),
  ('inc-bulk-07', 'INC-B07', 'Behaviour escalation — de-escalated', 'Draft', 'Medium', 'Behaviour', 'Day program', false, '', false, '2023-06-15T14:30:00+00', '2023-06-15T14:45:00+00', '2023-06-15', null, null, '', 'bp-bulk-07', 'emp-sw-008', 'loc-adelaide-hub', '', null, '', 'Incident involving Mason Harris at Adelaide. Documented per organisational policy; family notified where required.', 'Participant checked, area secured, shift leader and coordinator informed same day.', '', '', 'Reinforce manual handling and documentation standards.', 'Rose Dash', 'Isla Robinson'),
  ('inc-bulk-08', 'INC-B08', 'Near miss in community outing', 'Closed', 'High', 'Near miss', 'SIL', false, '', false, '2023-06-30T14:30:00+00', '2023-06-30T14:45:00+00', '2023-06-30', null, null, '', 'bp-bulk-08', 'emp-sw-009', 'loc-northern-sil', '', null, '', 'Incident involving Ruby Martin at Salisbury. Documented per organisational policy; family notified where required.', 'Participant checked, area secured, shift leader and coordinator informed same day.', 'Reviewed roster notes and witness statements. No systemic issue identified.', '', 'Reinforce manual handling and documentation standards.', 'Isla Robinson', 'Gabriela Wilson'),
  ('inc-bulk-09', 'INC-B09', 'Skin integrity check follow-up', 'Under investigation', 'Low', 'Operational', 'Respite', false, '', false, '2023-07-15T14:30:00+00', '2023-07-15T14:45:00+00', '2023-07-15', null, null, '', 'bp-bulk-09', 'emp-sw-010', 'loc-southern-respite', '', null, '', 'Incident involving Lucas Thompson at Brighton. Documented per organisational policy; family notified where required.', 'Participant checked, area secured, shift leader and coordinator informed same day.', '', 'Additional briefing added to next team meeting.', 'Reinforce manual handling and documentation standards.', 'Gabriela Wilson', 'Oliver Williams'),
  ('inc-bulk-10', 'INC-B10', 'Minor fall during transfer', 'Submitted', 'Medium', 'Injury', 'Day program', true, 'Serious injury', false, '2023-07-30T14:30:00+00', '2023-07-30T14:45:00+00', '2023-07-30', null, null, '', 'bp-bulk-10', 'emp-sw-011', 'loc-murray-bridge-day', '', null, '', 'Incident involving Grace Garcia at Murray Bridge. Documented per organisational policy; family notified where required.', 'Participant checked, area secured, shift leader and coordinator informed same day.', 'Reviewed roster notes and witness statements. No systemic issue identified.', '', 'Reinforce manual handling and documentation standards.', 'Oliver Williams', 'Rose Dash'),
  ('inc-bulk-11', 'INC-B11', 'Medication timing variance', 'Draft', 'High', 'Behaviour', 'SIL', false, '', false, '2023-08-14T14:30:00+00', '2023-08-14T14:45:00+00', '2023-08-14', null, null, '', 'bp-bulk-11', 'emp-sw-012', 'loc-glenelg-sil', '', null, '', 'Incident involving Henry Robinson at Glenelg. Documented per organisational policy; family notified where required.', 'Participant checked, area secured, shift leader and coordinator informed same day.', '', '', 'Reinforce manual handling and documentation standards.', 'Rose Dash', 'Isla Robinson'),
  ('inc-bulk-12', 'INC-B12', 'Behaviour escalation — de-escalated', 'Closed', 'Low', 'Near miss', 'Day program', false, '', false, '2023-08-29T14:30:00+00', '2023-08-29T14:45:00+00', '2023-08-29', null, null, '', 'bp-bulk-12', 'emp-sw-013', 'loc-adelaide-hub', '', null, '', 'Incident involving Ella Clark at Adelaide. Documented per organisational policy; family notified where required.', 'Participant checked, area secured, shift leader and coordinator informed same day.', 'Reviewed roster notes and witness statements. No systemic issue identified.', 'Additional briefing added to next team meeting.', 'Reinforce manual handling and documentation standards.', 'Isla Robinson', 'Gabriela Wilson'),
  ('inc-bulk-13', 'INC-B13', 'Near miss in community outing', 'Under investigation', 'Medium', 'Operational', 'SIL', false, '', false, '2023-09-13T14:30:00+00', '2023-09-13T14:45:00+00', '2023-09-13', null, null, '', 'bp-bulk-13', 'emp-sw-014', 'loc-northern-sil', '', null, '', 'Incident involving Jack Lewis at Salisbury. Documented per organisational policy; family notified where required.', 'Participant checked, area secured, shift leader and coordinator informed same day.', '', '', 'Reinforce manual handling and documentation standards.', 'Gabriela Wilson', 'Oliver Williams'),
  ('inc-bulk-14', 'INC-B14', 'Skin integrity check follow-up', 'Submitted', 'High', 'Injury', 'Respite', false, '', false, '2023-09-28T14:30:00+00', '2023-09-28T14:45:00+00', '2023-09-28', null, null, '', 'bp-bulk-14', 'emp-sw-015', 'loc-southern-respite', '', null, '', 'Incident involving Sophie Lee at Brighton. Documented per organisational policy; family notified where required.', 'Participant checked, area secured, shift leader and coordinator informed same day.', 'Reviewed roster notes and witness statements. No systemic issue identified.', '', 'Reinforce manual handling and documentation standards.', 'Oliver Williams', 'Rose Dash'),
  ('inc-bulk-15', 'INC-B15', 'Minor fall during transfer', 'Draft', 'Low', 'Behaviour', 'Day program', true, 'Serious injury', false, '2023-10-13T14:30:00+00', '2023-10-13T14:45:00+00', '2023-10-13', null, null, '', 'bp-bulk-15', 'emp-sw-016', 'loc-murray-bridge-day', '', null, '', 'Incident involving Levi Walker at Murray Bridge. Documented per organisational policy; family notified where required.', 'Participant checked, area secured, shift leader and coordinator informed same day.', '', 'Additional briefing added to next team meeting.', 'Reinforce manual handling and documentation standards.', 'Rose Dash', 'Isla Robinson'),
  ('inc-bulk-16', 'INC-B16', 'Medication timing variance', 'Closed', 'Medium', 'Near miss', 'SIL', false, '', false, '2023-10-28T14:30:00+00', '2023-10-28T14:45:00+00', '2023-10-28', null, null, '', 'bp-bulk-16', 'emp-sw-017', 'loc-glenelg-sil', '', null, '', 'Incident involving Amelia Hall at Glenelg. Documented per organisational policy; family notified where required.', 'Participant checked, area secured, shift leader and coordinator informed same day.', 'Reviewed roster notes and witness statements. No systemic issue identified.', '', 'Reinforce manual handling and documentation standards.', 'Isla Robinson', 'Gabriela Wilson'),
  ('inc-bulk-17', 'INC-B17', 'Behaviour escalation — de-escalated', 'Under investigation', 'High', 'Operational', 'Day program', false, '', false, '2023-11-12T14:30:00+00', '2023-11-12T14:45:00+00', '2023-11-12', null, null, '', 'bp-bulk-17', 'emp-sw-018', 'loc-adelaide-hub', '', null, '', 'Incident involving Oscar Nguyen at Adelaide. Documented per organisational policy; family notified where required.', 'Participant checked, area secured, shift leader and coordinator informed same day.', '', '', 'Reinforce manual handling and documentation standards.', 'Gabriela Wilson', 'Oliver Williams'),
  ('inc-bulk-18', 'INC-B18', 'Near miss in community outing', 'Submitted', 'Low', 'Injury', 'SIL', false, '', false, '2023-11-27T14:30:00+00', '2023-11-27T14:45:00+00', '2023-11-27', null, null, '', 'bp-bulk-18', 'emp-sw-019', 'loc-northern-sil', '', null, '', 'Incident involving Harper Patel at Salisbury. Documented per organisational policy; family notified where required.', 'Participant checked, area secured, shift leader and coordinator informed same day.', 'Reviewed roster notes and witness statements. No systemic issue identified.', 'Additional briefing added to next team meeting.', 'Reinforce manual handling and documentation standards.', 'Oliver Williams', 'Rose Dash'),
  ('inc-bulk-19', 'INC-B19', 'Skin integrity check follow-up', 'Draft', 'Medium', 'Behaviour', 'Respite', false, '', false, '2023-12-12T14:30:00+00', '2023-12-12T14:45:00+00', '2023-12-12', null, null, '', 'bp-bulk-19', 'emp-sw-020', 'loc-southern-respite', '', null, '', 'Incident involving Finn Murphy at Brighton. Documented per organisational policy; family notified where required.', 'Participant checked, area secured, shift leader and coordinator informed same day.', '', '', 'Reinforce manual handling and documentation standards.', 'Rose Dash', 'Isla Robinson'),
  ('inc-bulk-20', 'INC-B20', 'Minor fall during transfer', 'Closed', 'High', 'Near miss', 'Day program', true, 'Serious injury', false, '2023-12-27T14:30:00+00', '2023-12-27T14:45:00+00', '2023-12-27', null, null, '', 'bp-bulk-20', 'emp-sw-021', 'loc-murray-bridge-day', '', null, '', 'Incident involving Ava Singh at Murray Bridge. Documented per organisational policy; family notified where required.', 'Participant checked, area secured, shift leader and coordinator informed same day.', 'Reviewed roster notes and witness statements. No systemic issue identified.', '', 'Reinforce manual handling and documentation standards.', 'Isla Robinson', 'Gabriela Wilson')
on conflict (id) do update set
  document_no = excluded.document_no,
  title = excluded.title,
  status = excluded.status,
  severity = excluded.severity,
  category = excluded.category,
  service_type = excluded.service_type,
  is_reportable = excluded.is_reportable,
  reportable_type = excluded.reportable_type,
  restrictive_practice_caused_harm = excluded.restrictive_practice_caused_harm,
  occurred_at = excluded.occurred_at,
  aware_at = excluded.aware_at,
  reported_at = excluded.reported_at,
  report_deadline_at = excluded.report_deadline_at,
  ndis_notified_at = excluded.ndis_notified_at,
  ndis_notification_ref = excluded.ndis_notification_ref,
  primary_client_id = excluded.primary_client_id,
  primary_employee_id = excluded.primary_employee_id,
  primary_location_id = excluded.primary_location_id,
  linked_restrictive_practice_id = excluded.linked_restrictive_practice_id,
  manager_reviewed_at = excluded.manager_reviewed_at,
  manager_reviewed_by = excluded.manager_reviewed_by,
  description = excluded.description,
  immediate_actions = excluded.immediate_actions,
  investigation_summary = excluded.investigation_summary,
  corrective_actions = excluded.corrective_actions,
  lessons_learned = excluded.lessons_learned,
  created_by = excluded.created_by,
  updated_by = excluded.updated_by;

insert into public.incident_party (id, incident_id, line_no, party_type, entity_id, party_name, role_in_incident, notes)
values
  ('ip-bulk-01-1', 'inc-bulk-01', 1, 'Client', 'bp-bulk-01', 'Noah Brown', 'Participant', ''),
  ('ip-bulk-01-2', 'inc-bulk-01', 2, 'Employee', 'emp-sw-002', 'Support worker on shift', 'Witness', 'Completed incident statement.'),
  ('ip-bulk-02-1', 'inc-bulk-02', 1, 'Client', 'bp-bulk-02', 'Mia Taylor', 'Participant', ''),
  ('ip-bulk-02-2', 'inc-bulk-02', 2, 'Employee', 'emp-sw-003', 'Support worker on shift', 'Witness', 'Completed incident statement.'),
  ('ip-bulk-03-1', 'inc-bulk-03', 1, 'Client', 'bp-bulk-03', 'Liam Anderson', 'Participant', ''),
  ('ip-bulk-03-2', 'inc-bulk-03', 2, 'Employee', 'emp-sw-004', 'Support worker on shift', 'Witness', 'Completed incident statement.'),
  ('ip-bulk-04-1', 'inc-bulk-04', 1, 'Client', 'bp-bulk-04', 'Zoe Thomas', 'Participant', ''),
  ('ip-bulk-04-2', 'inc-bulk-04', 2, 'Employee', 'emp-sw-005', 'Support worker on shift', 'Witness', 'Completed incident statement.'),
  ('ip-bulk-05-1', 'inc-bulk-05', 1, 'Client', 'bp-bulk-05', 'Ethan Jackson', 'Participant', ''),
  ('ip-bulk-05-2', 'inc-bulk-05', 2, 'Employee', 'emp-sw-006', 'Support worker on shift', 'Witness', 'Completed incident statement.'),
  ('ip-bulk-06-1', 'inc-bulk-06', 1, 'Client', 'bp-bulk-06', 'Chloe White', 'Participant', ''),
  ('ip-bulk-06-2', 'inc-bulk-06', 2, 'Employee', 'emp-sw-007', 'Support worker on shift', 'Witness', 'Completed incident statement.'),
  ('ip-bulk-07-1', 'inc-bulk-07', 1, 'Client', 'bp-bulk-07', 'Mason Harris', 'Participant', ''),
  ('ip-bulk-07-2', 'inc-bulk-07', 2, 'Employee', 'emp-sw-008', 'Support worker on shift', 'Witness', 'Completed incident statement.'),
  ('ip-bulk-08-1', 'inc-bulk-08', 1, 'Client', 'bp-bulk-08', 'Ruby Martin', 'Participant', ''),
  ('ip-bulk-08-2', 'inc-bulk-08', 2, 'Employee', 'emp-sw-009', 'Support worker on shift', 'Witness', 'Completed incident statement.'),
  ('ip-bulk-09-1', 'inc-bulk-09', 1, 'Client', 'bp-bulk-09', 'Lucas Thompson', 'Participant', ''),
  ('ip-bulk-09-2', 'inc-bulk-09', 2, 'Employee', 'emp-sw-010', 'Support worker on shift', 'Witness', 'Completed incident statement.'),
  ('ip-bulk-10-1', 'inc-bulk-10', 1, 'Client', 'bp-bulk-10', 'Grace Garcia', 'Participant', ''),
  ('ip-bulk-10-2', 'inc-bulk-10', 2, 'Employee', 'emp-sw-011', 'Support worker on shift', 'Witness', 'Completed incident statement.'),
  ('ip-bulk-11-1', 'inc-bulk-11', 1, 'Client', 'bp-bulk-11', 'Henry Robinson', 'Participant', ''),
  ('ip-bulk-11-2', 'inc-bulk-11', 2, 'Employee', 'emp-sw-012', 'Support worker on shift', 'Witness', 'Completed incident statement.'),
  ('ip-bulk-12-1', 'inc-bulk-12', 1, 'Client', 'bp-bulk-12', 'Ella Clark', 'Participant', ''),
  ('ip-bulk-12-2', 'inc-bulk-12', 2, 'Employee', 'emp-sw-013', 'Support worker on shift', 'Witness', 'Completed incident statement.'),
  ('ip-bulk-13-1', 'inc-bulk-13', 1, 'Client', 'bp-bulk-13', 'Jack Lewis', 'Participant', ''),
  ('ip-bulk-13-2', 'inc-bulk-13', 2, 'Employee', 'emp-sw-014', 'Support worker on shift', 'Witness', 'Completed incident statement.'),
  ('ip-bulk-14-1', 'inc-bulk-14', 1, 'Client', 'bp-bulk-14', 'Sophie Lee', 'Participant', ''),
  ('ip-bulk-14-2', 'inc-bulk-14', 2, 'Employee', 'emp-sw-015', 'Support worker on shift', 'Witness', 'Completed incident statement.'),
  ('ip-bulk-15-1', 'inc-bulk-15', 1, 'Client', 'bp-bulk-15', 'Levi Walker', 'Participant', ''),
  ('ip-bulk-15-2', 'inc-bulk-15', 2, 'Employee', 'emp-sw-016', 'Support worker on shift', 'Witness', 'Completed incident statement.'),
  ('ip-bulk-16-1', 'inc-bulk-16', 1, 'Client', 'bp-bulk-16', 'Amelia Hall', 'Participant', ''),
  ('ip-bulk-16-2', 'inc-bulk-16', 2, 'Employee', 'emp-sw-017', 'Support worker on shift', 'Witness', 'Completed incident statement.'),
  ('ip-bulk-17-1', 'inc-bulk-17', 1, 'Client', 'bp-bulk-17', 'Oscar Nguyen', 'Participant', ''),
  ('ip-bulk-17-2', 'inc-bulk-17', 2, 'Employee', 'emp-sw-018', 'Support worker on shift', 'Witness', 'Completed incident statement.'),
  ('ip-bulk-18-1', 'inc-bulk-18', 1, 'Client', 'bp-bulk-18', 'Harper Patel', 'Participant', ''),
  ('ip-bulk-18-2', 'inc-bulk-18', 2, 'Employee', 'emp-sw-019', 'Support worker on shift', 'Witness', 'Completed incident statement.'),
  ('ip-bulk-19-1', 'inc-bulk-19', 1, 'Client', 'bp-bulk-19', 'Finn Murphy', 'Participant', ''),
  ('ip-bulk-19-2', 'inc-bulk-19', 2, 'Employee', 'emp-sw-020', 'Support worker on shift', 'Witness', 'Completed incident statement.'),
  ('ip-bulk-20-1', 'inc-bulk-20', 1, 'Client', 'bp-bulk-20', 'Ava Singh', 'Participant', ''),
  ('ip-bulk-20-2', 'inc-bulk-20', 2, 'Employee', 'emp-sw-021', 'Support worker on shift', 'Witness', 'Completed incident statement.')
on conflict (id) do update set
  incident_id = excluded.incident_id,
  line_no = excluded.line_no,
  party_type = excluded.party_type,
  entity_id = excluded.entity_id,
  party_name = excluded.party_name,
  role_in_incident = excluded.role_in_incident,
  notes = excluded.notes;

insert into public.incident_action (id, incident_id, line_no, action_date, action_type, description, evidence_ref, owner, outcome)
values
  ('ia-bulk-01-1', 'inc-bulk-01', 1, '2023-03-18', 'Follow-up', 'Coordinator called family and updated risk register if required.', 'INC-B01-notes', 'Gabriela Wilson', 'Monitoring for 7 days'),
  ('ia-bulk-02-1', 'inc-bulk-02', 1, '2023-04-02', 'Follow-up', 'Coordinator called family and updated risk register if required.', 'INC-B02-notes', 'Oliver Williams', 'Referral to OT'),
  ('ia-bulk-03-1', 'inc-bulk-03', 1, '2023-04-17', 'Follow-up', 'Coordinator called family and updated risk register if required.', 'INC-B03-notes', 'Rose Dash', 'Closed — no further action'),
  ('ia-bulk-04-1', 'inc-bulk-04', 1, '2023-05-02', 'Follow-up', 'Coordinator called family and updated risk register if required.', 'INC-B04-notes', 'Isla Robinson', 'Monitoring for 7 days'),
  ('ia-bulk-05-1', 'inc-bulk-05', 1, '2023-05-17', 'Follow-up', 'Coordinator called family and updated risk register if required.', 'INC-B05-notes', 'Gabriela Wilson', 'Referral to OT'),
  ('ia-bulk-06-1', 'inc-bulk-06', 1, '2023-06-01', 'Follow-up', 'Coordinator called family and updated risk register if required.', 'INC-B06-notes', 'Oliver Williams', 'Closed — no further action'),
  ('ia-bulk-07-1', 'inc-bulk-07', 1, '2023-06-16', 'Follow-up', 'Coordinator called family and updated risk register if required.', 'INC-B07-notes', 'Rose Dash', 'Monitoring for 7 days'),
  ('ia-bulk-08-1', 'inc-bulk-08', 1, '2023-07-01', 'Follow-up', 'Coordinator called family and updated risk register if required.', 'INC-B08-notes', 'Isla Robinson', 'Referral to OT'),
  ('ia-bulk-09-1', 'inc-bulk-09', 1, '2023-07-16', 'Follow-up', 'Coordinator called family and updated risk register if required.', 'INC-B09-notes', 'Gabriela Wilson', 'Closed — no further action'),
  ('ia-bulk-10-1', 'inc-bulk-10', 1, '2023-07-31', 'Follow-up', 'Coordinator called family and updated risk register if required.', 'INC-B10-notes', 'Oliver Williams', 'Monitoring for 7 days'),
  ('ia-bulk-11-1', 'inc-bulk-11', 1, '2023-08-15', 'Follow-up', 'Coordinator called family and updated risk register if required.', 'INC-B11-notes', 'Rose Dash', 'Referral to OT'),
  ('ia-bulk-12-1', 'inc-bulk-12', 1, '2023-08-30', 'Follow-up', 'Coordinator called family and updated risk register if required.', 'INC-B12-notes', 'Isla Robinson', 'Closed — no further action'),
  ('ia-bulk-13-1', 'inc-bulk-13', 1, '2023-09-14', 'Follow-up', 'Coordinator called family and updated risk register if required.', 'INC-B13-notes', 'Gabriela Wilson', 'Monitoring for 7 days'),
  ('ia-bulk-14-1', 'inc-bulk-14', 1, '2023-09-29', 'Follow-up', 'Coordinator called family and updated risk register if required.', 'INC-B14-notes', 'Oliver Williams', 'Referral to OT'),
  ('ia-bulk-15-1', 'inc-bulk-15', 1, '2023-10-14', 'Follow-up', 'Coordinator called family and updated risk register if required.', 'INC-B15-notes', 'Rose Dash', 'Closed — no further action'),
  ('ia-bulk-16-1', 'inc-bulk-16', 1, '2023-10-29', 'Follow-up', 'Coordinator called family and updated risk register if required.', 'INC-B16-notes', 'Isla Robinson', 'Monitoring for 7 days'),
  ('ia-bulk-17-1', 'inc-bulk-17', 1, '2023-11-13', 'Follow-up', 'Coordinator called family and updated risk register if required.', 'INC-B17-notes', 'Gabriela Wilson', 'Referral to OT'),
  ('ia-bulk-18-1', 'inc-bulk-18', 1, '2023-11-28', 'Follow-up', 'Coordinator called family and updated risk register if required.', 'INC-B18-notes', 'Oliver Williams', 'Closed — no further action'),
  ('ia-bulk-19-1', 'inc-bulk-19', 1, '2023-12-13', 'Follow-up', 'Coordinator called family and updated risk register if required.', 'INC-B19-notes', 'Rose Dash', 'Monitoring for 7 days'),
  ('ia-bulk-20-1', 'inc-bulk-20', 1, '2023-12-28', 'Follow-up', 'Coordinator called family and updated risk register if required.', 'INC-B20-notes', 'Isla Robinson', 'Referral to OT')
on conflict (id) do update set
  incident_id = excluded.incident_id,
  line_no = excluded.line_no,
  action_date = excluded.action_date,
  action_type = excluded.action_type,
  description = excluded.description,
  evidence_ref = excluded.evidence_ref,
  owner = excluded.owner,
  outcome = excluded.outcome;

insert into public.app_task (
  id, document_no, title, description, status, action_type, task_type_id, priority, due_date,
  assignment_type, assignee_user_id, assignee_role_id, entity_type, entity_id, entity_label,
  created_by_user_id, created_by, updated_by, completed_by, completed_at, resolution_notes, updates
) values
  ('task-bulk-01-1', 'REQ-B3011', 'Review consent records — Noah Brown', 'Task for Noah Brown (NOBR01) linked to client. Priority: Low. Location: Glenelg (loc-glenelg-sil). Funding: DSOA - Disability Support for Older Australians. Services: Supported Independent Living; Assistance with Daily Life. Coordinator notes: follow support plan 1000301 and verify consent/risk tabs before completing.', 'Cancelled', 'Develop', 'tt-develop', 'Low', '2023-01-24', 'user', 'user-gabriela', null, 'client', 'bp-bulk-01', 'NOBR01 — Noah Brown', 'user-superuser', 'Super User', 'Gabriela Wilson', 'Gabriela Wilson', '2023-01-24T16:00:00.000Z', '', '[{"id":"tu-bulk-01-1-0","at":"2023-01-20T09:00:00.000Z","byUserId":"user-gabriela","byName":"Gabriela Wilson","action":"created","summary":"Assigned to Gabriela Wilson","detail":"Linked to NOBR01 — Noah Brown."}]'::jsonb),
  ('task-bulk-01-2', 'REQ-B3012', 'Update support plan goals — Noah Brown', 'Task for Noah Brown (NOBR01) linked to service agreement. Priority: Normal. Location: Glenelg (loc-glenelg-sil). Funding: DSOA - Disability Support for Older Australians. Services: Supported Independent Living; Assistance with Daily Life. Coordinator notes: follow support plan 1000301 and verify consent/risk tabs before completing.', 'Open', 'Review', 'tt-review', 'Normal', '2023-01-30', 'role', null, 'role-coordinator', 'service-agreement', 'sa-bulk-01', 'SA-NOBR01 — Noah Brown NDIS', 'user-superuser', 'Super User', 'Super User', '', null, '', '[{"id":"tu-bulk-01-2-0","at":"2023-01-25T09:00:00.000Z","byUserId":"user-superuser","byName":"Super User","action":"created","summary":"Assigned to role Support Coordinator","detail":"Linked to SA-NOBR01 — Noah Brown NDIS."}]'::jsonb),
  ('task-bulk-01-3', 'REQ-B3013', 'Annual plan review preparation — Noah Brown', 'Task for Noah Brown (NOBR01) linked to client. Priority: High. Location: Glenelg (loc-glenelg-sil). Funding: DSOA - Disability Support for Older Australians. Services: Supported Independent Living; Assistance with Daily Life. Coordinator notes: follow support plan 1000301 and verify consent/risk tabs before completing.', 'In progress', 'Approve', 'tt-approve', 'High', '2023-02-05', 'user', 'user-isla', null, 'client', 'bp-bulk-01', 'NOBR01 — Noah Brown', 'user-superuser', 'Super User', 'Isla Robinson', '', null, '', '[{"id":"tu-bulk-01-3-0","at":"2023-01-30T09:00:00.000Z","byUserId":"user-isla","byName":"Isla Robinson","action":"created","summary":"Assigned to Isla Robinson","detail":"Linked to NOBR01 — Noah Brown."}]'::jsonb),
  ('task-bulk-01-4', 'REQ-B3014', 'Verify emergency contacts — Noah Brown', 'Task for Noah Brown (NOBR01) linked to service agreement. Priority: Low. Location: Glenelg (loc-glenelg-sil). Funding: DSOA - Disability Support for Older Australians. Services: Supported Independent Living; Assistance with Daily Life. Coordinator notes: follow support plan 1000301 and verify consent/risk tabs before completing.', 'Completed', 'Check', 'tt-check', 'Low', '2023-02-11', 'user', 'user-gabriela', null, 'service-agreement', 'sa-bulk-01', 'SA-NOBR01 — Noah Brown NDIS', 'user-superuser', 'Super User', 'Gabriela Wilson', 'Gabriela Wilson', '2023-02-11T16:00:00.000Z', 'Completed during bulk client seed review.', '[{"id":"tu-bulk-01-4-0","at":"2023-02-04T09:00:00.000Z","byUserId":"user-gabriela","byName":"Gabriela Wilson","action":"created","summary":"Assigned to Gabriela Wilson","detail":"Linked to SA-NOBR01 — Noah Brown NDIS."}]'::jsonb),
  ('task-bulk-02-1', 'REQ-B3021', 'Review consent records — Mia Taylor', 'Task for Mia Taylor (MITA02) linked to client. Priority: Normal. Location: Adelaide (loc-adelaide-hub). Funding: Commonwealth Home Support Programme (CHSP). Services: Short Term Accommodation; Community Access. Coordinator notes: follow support plan 1000302 and verify consent/risk tabs before completing.', 'In progress', 'Approve', 'tt-approve', 'Normal', '2023-02-07', 'role', null, 'role-intake', 'client', 'bp-bulk-02', 'MITA02 — Mia Taylor', 'user-superuser', 'Super User', 'Super User', '', null, '', '[{"id":"tu-bulk-02-1-0","at":"2023-02-03T09:00:00.000Z","byUserId":"user-superuser","byName":"Super User","action":"created","summary":"Assigned to role Intake Coordinator","detail":"Linked to MITA02 — Mia Taylor."}]'::jsonb),
  ('task-bulk-02-2', 'REQ-B3022', 'Update support plan goals — Mia Taylor', 'Task for Mia Taylor (MITA02) linked to service agreement. Priority: High. Location: Adelaide (loc-adelaide-hub). Funding: Commonwealth Home Support Programme (CHSP). Services: Short Term Accommodation; Community Access. Coordinator notes: follow support plan 1000302 and verify consent/risk tabs before completing.', 'Completed', 'Check', 'tt-check', 'High', '2023-02-13', 'user', 'user-isla', null, 'service-agreement', 'sa-bulk-02', 'SA-MITA02 — Mia Taylor NDIS', 'user-superuser', 'Super User', 'Isla Robinson', 'Isla Robinson', '2023-02-13T16:00:00.000Z', 'Completed during bulk client seed review.', '[{"id":"tu-bulk-02-2-0","at":"2023-02-08T09:00:00.000Z","byUserId":"user-isla","byName":"Isla Robinson","action":"created","summary":"Assigned to Isla Robinson","detail":"Linked to SA-MITA02 — Mia Taylor NDIS."}]'::jsonb),
  ('task-bulk-02-3', 'REQ-B3023', 'Annual plan review preparation — Mia Taylor', 'Task for Mia Taylor (MITA02) linked to client. Priority: Low. Location: Adelaide (loc-adelaide-hub). Funding: Commonwealth Home Support Programme (CHSP). Services: Short Term Accommodation; Community Access. Coordinator notes: follow support plan 1000302 and verify consent/risk tabs before completing.', 'Cancelled', 'Develop', 'tt-develop', 'Low', '2023-02-19', 'user', 'user-gabriela', null, 'client', 'bp-bulk-02', 'MITA02 — Mia Taylor', 'user-superuser', 'Super User', 'Gabriela Wilson', 'Gabriela Wilson', '2023-02-19T16:00:00.000Z', '', '[{"id":"tu-bulk-02-3-0","at":"2023-02-13T09:00:00.000Z","byUserId":"user-gabriela","byName":"Gabriela Wilson","action":"created","summary":"Assigned to Gabriela Wilson","detail":"Linked to MITA02 — Mia Taylor."}]'::jsonb),
  ('task-bulk-02-4', 'REQ-B3024', 'Verify emergency contacts — Mia Taylor', 'Task for Mia Taylor (MITA02) linked to service agreement. Priority: Normal. Location: Adelaide (loc-adelaide-hub). Funding: Commonwealth Home Support Programme (CHSP). Services: Short Term Accommodation; Community Access. Coordinator notes: follow support plan 1000302 and verify consent/risk tabs before completing.', 'Open', 'Review', 'tt-review', 'Normal', '2023-02-25', 'role', null, 'role-coordinator', 'service-agreement', 'sa-bulk-02', 'SA-MITA02 — Mia Taylor NDIS', 'user-superuser', 'Super User', 'Super User', '', null, '', '[{"id":"tu-bulk-02-4-0","at":"2023-02-18T09:00:00.000Z","byUserId":"user-superuser","byName":"Super User","action":"created","summary":"Assigned to role Support Coordinator","detail":"Linked to SA-MITA02 — Mia Taylor NDIS."}]'::jsonb),
  ('task-bulk-03-1', 'REQ-B3031', 'Review consent records — Liam Anderson', 'Task for Liam Anderson (LIAN03) linked to client. Priority: High. Location: Salisbury (loc-northern-sil). Funding: NDIS - National Disability Insurance Scheme. Services: Day Program; Transport; Skills Development. Coordinator notes: follow support plan 1000303 and verify consent/risk tabs before completing.', 'Cancelled', 'Develop', 'tt-develop', 'High', '2023-02-21', 'user', 'user-isla', null, 'client', 'bp-bulk-03', 'LIAN03 — Liam Anderson', 'user-superuser', 'Super User', 'Isla Robinson', 'Isla Robinson', '2023-02-21T16:00:00.000Z', '', '[{"id":"tu-bulk-03-1-0","at":"2023-02-17T09:00:00.000Z","byUserId":"user-isla","byName":"Isla Robinson","action":"created","summary":"Assigned to Isla Robinson","detail":"Linked to LIAN03 — Liam Anderson."}]'::jsonb),
  ('task-bulk-03-2', 'REQ-B3032', 'Update support plan goals — Liam Anderson', 'Task for Liam Anderson (LIAN03) linked to service agreement. Priority: Low. Location: Salisbury (loc-northern-sil). Funding: NDIS - National Disability Insurance Scheme. Services: Day Program; Transport; Skills Development. Coordinator notes: follow support plan 1000303 and verify consent/risk tabs before completing.', 'Open', 'Review', 'tt-review', 'Low', '2023-02-27', 'user', 'user-gabriela', null, 'service-agreement', 'sa-bulk-03', 'SA-LIAN03 — Liam Anderson NDIS', 'user-superuser', 'Super User', 'Gabriela Wilson', '', null, '', '[{"id":"tu-bulk-03-2-0","at":"2023-02-22T09:00:00.000Z","byUserId":"user-gabriela","byName":"Gabriela Wilson","action":"created","summary":"Assigned to Gabriela Wilson","detail":"Linked to SA-LIAN03 — Liam Anderson NDIS."}]'::jsonb),
  ('task-bulk-03-3', 'REQ-B3033', 'Annual plan review preparation — Liam Anderson', 'Task for Liam Anderson (LIAN03) linked to client. Priority: Normal. Location: Salisbury (loc-northern-sil). Funding: NDIS - National Disability Insurance Scheme. Services: Day Program; Transport; Skills Development. Coordinator notes: follow support plan 1000303 and verify consent/risk tabs before completing.', 'In progress', 'Approve', 'tt-approve', 'Normal', '2023-03-05', 'role', null, 'role-intake', 'client', 'bp-bulk-03', 'LIAN03 — Liam Anderson', 'user-superuser', 'Super User', 'Super User', '', null, '', '[{"id":"tu-bulk-03-3-0","at":"2023-02-27T09:00:00.000Z","byUserId":"user-superuser","byName":"Super User","action":"created","summary":"Assigned to role Intake Coordinator","detail":"Linked to LIAN03 — Liam Anderson."}]'::jsonb),
  ('task-bulk-03-4', 'REQ-B3034', 'Verify emergency contacts — Liam Anderson', 'Task for Liam Anderson (LIAN03) linked to service agreement. Priority: High. Location: Salisbury (loc-northern-sil). Funding: NDIS - National Disability Insurance Scheme. Services: Day Program; Transport; Skills Development. Coordinator notes: follow support plan 1000303 and verify consent/risk tabs before completing.', 'Completed', 'Check', 'tt-check', 'High', '2023-03-11', 'user', 'user-isla', null, 'service-agreement', 'sa-bulk-03', 'SA-LIAN03 — Liam Anderson NDIS', 'user-superuser', 'Super User', 'Isla Robinson', 'Isla Robinson', '2023-03-11T16:00:00.000Z', 'Completed during bulk client seed review.', '[{"id":"tu-bulk-03-4-0","at":"2023-03-04T09:00:00.000Z","byUserId":"user-isla","byName":"Isla Robinson","action":"created","summary":"Assigned to Isla Robinson","detail":"Linked to SA-LIAN03 — Liam Anderson NDIS."}]'::jsonb),
  ('task-bulk-04-1', 'REQ-B3041', 'Review consent records — Zoe Thomas', 'Task for Zoe Thomas (ZOTH04) linked to client. Priority: Low. Location: Brighton (loc-southern-respite). Funding: DSOA - Disability Support for Older Australians. Services: Respite; Personal Care; Household Tasks. Coordinator notes: follow support plan 1000304 and verify consent/risk tabs before completing.', 'In progress', 'Approve', 'tt-approve', 'Low', '2023-03-07', 'user', 'user-gabriela', null, 'client', 'bp-bulk-04', 'ZOTH04 — Zoe Thomas', 'user-superuser', 'Super User', 'Gabriela Wilson', '', null, '', '[{"id":"tu-bulk-04-1-0","at":"2023-03-03T09:00:00.000Z","byUserId":"user-gabriela","byName":"Gabriela Wilson","action":"created","summary":"Assigned to Gabriela Wilson","detail":"Linked to ZOTH04 — Zoe Thomas."}]'::jsonb),
  ('task-bulk-04-2', 'REQ-B3042', 'Update support plan goals — Zoe Thomas', 'Task for Zoe Thomas (ZOTH04) linked to service agreement. Priority: Normal. Location: Brighton (loc-southern-respite). Funding: DSOA - Disability Support for Older Australians. Services: Respite; Personal Care; Household Tasks. Coordinator notes: follow support plan 1000304 and verify consent/risk tabs before completing.', 'Completed', 'Check', 'tt-check', 'Normal', '2023-03-13', 'role', null, 'role-coordinator', 'service-agreement', 'sa-bulk-04', 'SA-ZOTH04 — Zoe Thomas NDIS', 'user-superuser', 'Super User', 'Super User', 'Super User', '2023-03-13T16:00:00.000Z', 'Completed during bulk client seed review.', '[{"id":"tu-bulk-04-2-0","at":"2023-03-08T09:00:00.000Z","byUserId":"user-superuser","byName":"Super User","action":"created","summary":"Assigned to role Support Coordinator","detail":"Linked to SA-ZOTH04 — Zoe Thomas NDIS."}]'::jsonb),
  ('task-bulk-04-3', 'REQ-B3043', 'Annual plan review preparation — Zoe Thomas', 'Task for Zoe Thomas (ZOTH04) linked to client. Priority: High. Location: Brighton (loc-southern-respite). Funding: DSOA - Disability Support for Older Australians. Services: Respite; Personal Care; Household Tasks. Coordinator notes: follow support plan 1000304 and verify consent/risk tabs before completing.', 'Cancelled', 'Develop', 'tt-develop', 'High', '2023-03-19', 'user', 'user-isla', null, 'client', 'bp-bulk-04', 'ZOTH04 — Zoe Thomas', 'user-superuser', 'Super User', 'Isla Robinson', 'Isla Robinson', '2023-03-19T16:00:00.000Z', '', '[{"id":"tu-bulk-04-3-0","at":"2023-03-13T09:00:00.000Z","byUserId":"user-isla","byName":"Isla Robinson","action":"created","summary":"Assigned to Isla Robinson","detail":"Linked to ZOTH04 — Zoe Thomas."}]'::jsonb),
  ('task-bulk-04-4', 'REQ-B3044', 'Verify emergency contacts — Zoe Thomas', 'Task for Zoe Thomas (ZOTH04) linked to service agreement. Priority: Low. Location: Brighton (loc-southern-respite). Funding: DSOA - Disability Support for Older Australians. Services: Respite; Personal Care; Household Tasks. Coordinator notes: follow support plan 1000304 and verify consent/risk tabs before completing.', 'Open', 'Review', 'tt-review', 'Low', '2023-03-25', 'user', 'user-gabriela', null, 'service-agreement', 'sa-bulk-04', 'SA-ZOTH04 — Zoe Thomas NDIS', 'user-superuser', 'Super User', 'Gabriela Wilson', '', null, '', '[{"id":"tu-bulk-04-4-0","at":"2023-03-18T09:00:00.000Z","byUserId":"user-gabriela","byName":"Gabriela Wilson","action":"created","summary":"Assigned to Gabriela Wilson","detail":"Linked to SA-ZOTH04 — Zoe Thomas NDIS."}]'::jsonb),
  ('task-bulk-05-1', 'REQ-B3051', 'Review consent records — Ethan Jackson', 'Task for Ethan Jackson (ETJA05) linked to client. Priority: Normal. Location: Murray Bridge (loc-murray-bridge-day). Funding: Commonwealth Home Support Programme (CHSP). Services: Assistance with Self Care Activities; Community Participation. Coordinator notes: follow support plan 1000305 and verify consent/risk tabs before completing.', 'Cancelled', 'Develop', 'tt-develop', 'Normal', '2023-03-21', 'role', null, 'role-intake', 'client', 'bp-bulk-05', 'ETJA05 — Ethan Jackson', 'user-superuser', 'Super User', 'Super User', 'Super User', '2023-03-21T16:00:00.000Z', '', '[{"id":"tu-bulk-05-1-0","at":"2023-03-17T09:00:00.000Z","byUserId":"user-superuser","byName":"Super User","action":"created","summary":"Assigned to role Intake Coordinator","detail":"Linked to ETJA05 — Ethan Jackson."}]'::jsonb),
  ('task-bulk-05-2', 'REQ-B3052', 'Update support plan goals — Ethan Jackson', 'Task for Ethan Jackson (ETJA05) linked to service agreement. Priority: High. Location: Murray Bridge (loc-murray-bridge-day). Funding: Commonwealth Home Support Programme (CHSP). Services: Assistance with Self Care Activities; Community Participation. Coordinator notes: follow support plan 1000305 and verify consent/risk tabs before completing.', 'Open', 'Review', 'tt-review', 'High', '2023-03-27', 'user', 'user-isla', null, 'service-agreement', 'sa-bulk-05', 'SA-ETJA05 — Ethan Jackson NDIS', 'user-superuser', 'Super User', 'Isla Robinson', '', null, '', '[{"id":"tu-bulk-05-2-0","at":"2023-03-22T09:00:00.000Z","byUserId":"user-isla","byName":"Isla Robinson","action":"created","summary":"Assigned to Isla Robinson","detail":"Linked to SA-ETJA05 — Ethan Jackson NDIS."}]'::jsonb),
  ('task-bulk-05-3', 'REQ-B3053', 'Annual plan review preparation — Ethan Jackson', 'Task for Ethan Jackson (ETJA05) linked to client. Priority: Low. Location: Murray Bridge (loc-murray-bridge-day). Funding: Commonwealth Home Support Programme (CHSP). Services: Assistance with Self Care Activities; Community Participation. Coordinator notes: follow support plan 1000305 and verify consent/risk tabs before completing.', 'In progress', 'Approve', 'tt-approve', 'Low', '2023-04-02', 'user', 'user-gabriela', null, 'client', 'bp-bulk-05', 'ETJA05 — Ethan Jackson', 'user-superuser', 'Super User', 'Gabriela Wilson', '', null, '', '[{"id":"tu-bulk-05-3-0","at":"2023-03-27T09:00:00.000Z","byUserId":"user-gabriela","byName":"Gabriela Wilson","action":"created","summary":"Assigned to Gabriela Wilson","detail":"Linked to ETJA05 — Ethan Jackson."}]'::jsonb),
  ('task-bulk-05-4', 'REQ-B3054', 'Verify emergency contacts — Ethan Jackson', 'Task for Ethan Jackson (ETJA05) linked to service agreement. Priority: Normal. Location: Murray Bridge (loc-murray-bridge-day). Funding: Commonwealth Home Support Programme (CHSP). Services: Assistance with Self Care Activities; Community Participation. Coordinator notes: follow support plan 1000305 and verify consent/risk tabs before completing.', 'Completed', 'Check', 'tt-check', 'Normal', '2023-04-08', 'role', null, 'role-coordinator', 'service-agreement', 'sa-bulk-05', 'SA-ETJA05 — Ethan Jackson NDIS', 'user-superuser', 'Super User', 'Super User', 'Super User', '2023-04-08T16:00:00.000Z', 'Completed during bulk client seed review.', '[{"id":"tu-bulk-05-4-0","at":"2023-04-01T09:00:00.000Z","byUserId":"user-superuser","byName":"Super User","action":"created","summary":"Assigned to role Support Coordinator","detail":"Linked to SA-ETJA05 — Ethan Jackson NDIS."}]'::jsonb),
  ('task-bulk-06-1', 'REQ-B3061', 'Review consent records — Chloe White', 'Task for Chloe White (CHWH06) linked to client. Priority: High. Location: Glenelg (loc-glenelg-sil). Funding: NDIS - National Disability Insurance Scheme. Services: Supported Independent Living; Assistance with Daily Life. Coordinator notes: follow support plan 1000306 and verify consent/risk tabs before completing.', 'In progress', 'Approve', 'tt-approve', 'High', '2023-04-04', 'user', 'user-isla', null, 'client', 'bp-bulk-06', 'CHWH06 — Chloe White', 'user-superuser', 'Super User', 'Isla Robinson', '', null, '', '[{"id":"tu-bulk-06-1-0","at":"2023-03-31T09:00:00.000Z","byUserId":"user-isla","byName":"Isla Robinson","action":"created","summary":"Assigned to Isla Robinson","detail":"Linked to CHWH06 — Chloe White."}]'::jsonb),
  ('task-bulk-06-2', 'REQ-B3062', 'Update support plan goals — Chloe White', 'Task for Chloe White (CHWH06) linked to service agreement. Priority: Low. Location: Glenelg (loc-glenelg-sil). Funding: NDIS - National Disability Insurance Scheme. Services: Supported Independent Living; Assistance with Daily Life. Coordinator notes: follow support plan 1000306 and verify consent/risk tabs before completing.', 'Completed', 'Check', 'tt-check', 'Low', '2023-04-10', 'user', 'user-gabriela', null, 'service-agreement', 'sa-bulk-06', 'SA-CHWH06 — Chloe White NDIS', 'user-superuser', 'Super User', 'Gabriela Wilson', 'Gabriela Wilson', '2023-04-10T16:00:00.000Z', 'Completed during bulk client seed review.', '[{"id":"tu-bulk-06-2-0","at":"2023-04-05T09:00:00.000Z","byUserId":"user-gabriela","byName":"Gabriela Wilson","action":"created","summary":"Assigned to Gabriela Wilson","detail":"Linked to SA-CHWH06 — Chloe White NDIS."}]'::jsonb),
  ('task-bulk-06-3', 'REQ-B3063', 'Annual plan review preparation — Chloe White', 'Task for Chloe White (CHWH06) linked to client. Priority: Normal. Location: Glenelg (loc-glenelg-sil). Funding: NDIS - National Disability Insurance Scheme. Services: Supported Independent Living; Assistance with Daily Life. Coordinator notes: follow support plan 1000306 and verify consent/risk tabs before completing.', 'Cancelled', 'Develop', 'tt-develop', 'Normal', '2023-04-16', 'role', null, 'role-intake', 'client', 'bp-bulk-06', 'CHWH06 — Chloe White', 'user-superuser', 'Super User', 'Super User', 'Super User', '2023-04-16T16:00:00.000Z', '', '[{"id":"tu-bulk-06-3-0","at":"2023-04-10T09:00:00.000Z","byUserId":"user-superuser","byName":"Super User","action":"created","summary":"Assigned to role Intake Coordinator","detail":"Linked to CHWH06 — Chloe White."}]'::jsonb),
  ('task-bulk-06-4', 'REQ-B3064', 'Verify emergency contacts — Chloe White', 'Task for Chloe White (CHWH06) linked to service agreement. Priority: High. Location: Glenelg (loc-glenelg-sil). Funding: NDIS - National Disability Insurance Scheme. Services: Supported Independent Living; Assistance with Daily Life. Coordinator notes: follow support plan 1000306 and verify consent/risk tabs before completing.', 'Open', 'Review', 'tt-review', 'High', '2023-04-22', 'user', 'user-isla', null, 'service-agreement', 'sa-bulk-06', 'SA-CHWH06 — Chloe White NDIS', 'user-superuser', 'Super User', 'Isla Robinson', '', null, '', '[{"id":"tu-bulk-06-4-0","at":"2023-04-15T09:00:00.000Z","byUserId":"user-isla","byName":"Isla Robinson","action":"created","summary":"Assigned to Isla Robinson","detail":"Linked to SA-CHWH06 — Chloe White NDIS."}]'::jsonb),
  ('task-bulk-07-1', 'REQ-B3071', 'Review consent records — Mason Harris', 'Task for Mason Harris (MAHA07) linked to client. Priority: Low. Location: Adelaide (loc-adelaide-hub). Funding: DSOA - Disability Support for Older Australians. Services: Short Term Accommodation; Community Access. Coordinator notes: follow support plan 1000307 and verify consent/risk tabs before completing.', 'Cancelled', 'Develop', 'tt-develop', 'Low', '2023-04-18', 'user', 'user-gabriela', null, 'client', 'bp-bulk-07', 'MAHA07 — Mason Harris', 'user-superuser', 'Super User', 'Gabriela Wilson', 'Gabriela Wilson', '2023-04-18T16:00:00.000Z', '', '[{"id":"tu-bulk-07-1-0","at":"2023-04-14T09:00:00.000Z","byUserId":"user-gabriela","byName":"Gabriela Wilson","action":"created","summary":"Assigned to Gabriela Wilson","detail":"Linked to MAHA07 — Mason Harris."}]'::jsonb),
  ('task-bulk-07-2', 'REQ-B3072', 'Update support plan goals — Mason Harris', 'Task for Mason Harris (MAHA07) linked to service agreement. Priority: Normal. Location: Adelaide (loc-adelaide-hub). Funding: DSOA - Disability Support for Older Australians. Services: Short Term Accommodation; Community Access. Coordinator notes: follow support plan 1000307 and verify consent/risk tabs before completing.', 'Open', 'Review', 'tt-review', 'Normal', '2023-04-24', 'role', null, 'role-coordinator', 'service-agreement', 'sa-bulk-07', 'SA-MAHA07 — Mason Harris NDIS', 'user-superuser', 'Super User', 'Super User', '', null, '', '[{"id":"tu-bulk-07-2-0","at":"2023-04-19T09:00:00.000Z","byUserId":"user-superuser","byName":"Super User","action":"created","summary":"Assigned to role Support Coordinator","detail":"Linked to SA-MAHA07 — Mason Harris NDIS."}]'::jsonb),
  ('task-bulk-07-3', 'REQ-B3073', 'Annual plan review preparation — Mason Harris', 'Task for Mason Harris (MAHA07) linked to client. Priority: High. Location: Adelaide (loc-adelaide-hub). Funding: DSOA - Disability Support for Older Australians. Services: Short Term Accommodation; Community Access. Coordinator notes: follow support plan 1000307 and verify consent/risk tabs before completing.', 'In progress', 'Approve', 'tt-approve', 'High', '2023-04-30', 'user', 'user-isla', null, 'client', 'bp-bulk-07', 'MAHA07 — Mason Harris', 'user-superuser', 'Super User', 'Isla Robinson', '', null, '', '[{"id":"tu-bulk-07-3-0","at":"2023-04-24T09:00:00.000Z","byUserId":"user-isla","byName":"Isla Robinson","action":"created","summary":"Assigned to Isla Robinson","detail":"Linked to MAHA07 — Mason Harris."}]'::jsonb),
  ('task-bulk-07-4', 'REQ-B3074', 'Verify emergency contacts — Mason Harris', 'Task for Mason Harris (MAHA07) linked to service agreement. Priority: Low. Location: Adelaide (loc-adelaide-hub). Funding: DSOA - Disability Support for Older Australians. Services: Short Term Accommodation; Community Access. Coordinator notes: follow support plan 1000307 and verify consent/risk tabs before completing.', 'Completed', 'Check', 'tt-check', 'Low', '2023-05-06', 'user', 'user-gabriela', null, 'service-agreement', 'sa-bulk-07', 'SA-MAHA07 — Mason Harris NDIS', 'user-superuser', 'Super User', 'Gabriela Wilson', 'Gabriela Wilson', '2023-05-06T16:00:00.000Z', 'Completed during bulk client seed review.', '[{"id":"tu-bulk-07-4-0","at":"2023-04-29T09:00:00.000Z","byUserId":"user-gabriela","byName":"Gabriela Wilson","action":"created","summary":"Assigned to Gabriela Wilson","detail":"Linked to SA-MAHA07 — Mason Harris NDIS."}]'::jsonb),
  ('task-bulk-08-1', 'REQ-B3081', 'Review consent records — Ruby Martin', 'Task for Ruby Martin (RUMA08) linked to client. Priority: Normal. Location: Salisbury (loc-northern-sil). Funding: Commonwealth Home Support Programme (CHSP). Services: Day Program; Transport; Skills Development. Coordinator notes: follow support plan 1000308 and verify consent/risk tabs before completing.', 'In progress', 'Approve', 'tt-approve', 'Normal', '2023-05-02', 'role', null, 'role-intake', 'client', 'bp-bulk-08', 'RUMA08 — Ruby Martin', 'user-superuser', 'Super User', 'Super User', '', null, '', '[{"id":"tu-bulk-08-1-0","at":"2023-04-28T09:00:00.000Z","byUserId":"user-superuser","byName":"Super User","action":"created","summary":"Assigned to role Intake Coordinator","detail":"Linked to RUMA08 — Ruby Martin."}]'::jsonb),
  ('task-bulk-08-2', 'REQ-B3082', 'Update support plan goals — Ruby Martin', 'Task for Ruby Martin (RUMA08) linked to service agreement. Priority: High. Location: Salisbury (loc-northern-sil). Funding: Commonwealth Home Support Programme (CHSP). Services: Day Program; Transport; Skills Development. Coordinator notes: follow support plan 1000308 and verify consent/risk tabs before completing.', 'Completed', 'Check', 'tt-check', 'High', '2023-05-08', 'user', 'user-isla', null, 'service-agreement', 'sa-bulk-08', 'SA-RUMA08 — Ruby Martin NDIS', 'user-superuser', 'Super User', 'Isla Robinson', 'Isla Robinson', '2023-05-08T16:00:00.000Z', 'Completed during bulk client seed review.', '[{"id":"tu-bulk-08-2-0","at":"2023-05-03T09:00:00.000Z","byUserId":"user-isla","byName":"Isla Robinson","action":"created","summary":"Assigned to Isla Robinson","detail":"Linked to SA-RUMA08 — Ruby Martin NDIS."}]'::jsonb),
  ('task-bulk-08-3', 'REQ-B3083', 'Annual plan review preparation — Ruby Martin', 'Task for Ruby Martin (RUMA08) linked to client. Priority: Low. Location: Salisbury (loc-northern-sil). Funding: Commonwealth Home Support Programme (CHSP). Services: Day Program; Transport; Skills Development. Coordinator notes: follow support plan 1000308 and verify consent/risk tabs before completing.', 'Cancelled', 'Develop', 'tt-develop', 'Low', '2023-05-14', 'user', 'user-gabriela', null, 'client', 'bp-bulk-08', 'RUMA08 — Ruby Martin', 'user-superuser', 'Super User', 'Gabriela Wilson', 'Gabriela Wilson', '2023-05-14T16:00:00.000Z', '', '[{"id":"tu-bulk-08-3-0","at":"2023-05-08T09:00:00.000Z","byUserId":"user-gabriela","byName":"Gabriela Wilson","action":"created","summary":"Assigned to Gabriela Wilson","detail":"Linked to RUMA08 — Ruby Martin."}]'::jsonb),
  ('task-bulk-08-4', 'REQ-B3084', 'Verify emergency contacts — Ruby Martin', 'Task for Ruby Martin (RUMA08) linked to service agreement. Priority: Normal. Location: Salisbury (loc-northern-sil). Funding: Commonwealth Home Support Programme (CHSP). Services: Day Program; Transport; Skills Development. Coordinator notes: follow support plan 1000308 and verify consent/risk tabs before completing.', 'Open', 'Review', 'tt-review', 'Normal', '2023-05-20', 'role', null, 'role-coordinator', 'service-agreement', 'sa-bulk-08', 'SA-RUMA08 — Ruby Martin NDIS', 'user-superuser', 'Super User', 'Super User', '', null, '', '[{"id":"tu-bulk-08-4-0","at":"2023-05-13T09:00:00.000Z","byUserId":"user-superuser","byName":"Super User","action":"created","summary":"Assigned to role Support Coordinator","detail":"Linked to SA-RUMA08 — Ruby Martin NDIS."}]'::jsonb),
  ('task-bulk-09-1', 'REQ-B3091', 'Review consent records — Lucas Thompson', 'Task for Lucas Thompson (LUTH09) linked to client. Priority: High. Location: Brighton (loc-southern-respite). Funding: NDIS - National Disability Insurance Scheme. Services: Respite; Personal Care; Household Tasks. Coordinator notes: follow support plan 1000309 and verify consent/risk tabs before completing.', 'Cancelled', 'Develop', 'tt-develop', 'High', '2023-05-16', 'user', 'user-isla', null, 'client', 'bp-bulk-09', 'LUTH09 — Lucas Thompson', 'user-superuser', 'Super User', 'Isla Robinson', 'Isla Robinson', '2023-05-16T16:00:00.000Z', '', '[{"id":"tu-bulk-09-1-0","at":"2023-05-12T09:00:00.000Z","byUserId":"user-isla","byName":"Isla Robinson","action":"created","summary":"Assigned to Isla Robinson","detail":"Linked to LUTH09 — Lucas Thompson."}]'::jsonb),
  ('task-bulk-09-2', 'REQ-B3092', 'Update support plan goals — Lucas Thompson', 'Task for Lucas Thompson (LUTH09) linked to service agreement. Priority: Low. Location: Brighton (loc-southern-respite). Funding: NDIS - National Disability Insurance Scheme. Services: Respite; Personal Care; Household Tasks. Coordinator notes: follow support plan 1000309 and verify consent/risk tabs before completing.', 'Open', 'Review', 'tt-review', 'Low', '2023-05-22', 'user', 'user-gabriela', null, 'service-agreement', 'sa-bulk-09', 'SA-LUTH09 — Lucas Thompson NDIS', 'user-superuser', 'Super User', 'Gabriela Wilson', '', null, '', '[{"id":"tu-bulk-09-2-0","at":"2023-05-17T09:00:00.000Z","byUserId":"user-gabriela","byName":"Gabriela Wilson","action":"created","summary":"Assigned to Gabriela Wilson","detail":"Linked to SA-LUTH09 — Lucas Thompson NDIS."}]'::jsonb),
  ('task-bulk-09-3', 'REQ-B3093', 'Annual plan review preparation — Lucas Thompson', 'Task for Lucas Thompson (LUTH09) linked to client. Priority: Normal. Location: Brighton (loc-southern-respite). Funding: NDIS - National Disability Insurance Scheme. Services: Respite; Personal Care; Household Tasks. Coordinator notes: follow support plan 1000309 and verify consent/risk tabs before completing.', 'In progress', 'Approve', 'tt-approve', 'Normal', '2023-05-28', 'role', null, 'role-intake', 'client', 'bp-bulk-09', 'LUTH09 — Lucas Thompson', 'user-superuser', 'Super User', 'Super User', '', null, '', '[{"id":"tu-bulk-09-3-0","at":"2023-05-22T09:00:00.000Z","byUserId":"user-superuser","byName":"Super User","action":"created","summary":"Assigned to role Intake Coordinator","detail":"Linked to LUTH09 — Lucas Thompson."}]'::jsonb),
  ('task-bulk-09-4', 'REQ-B3094', 'Verify emergency contacts — Lucas Thompson', 'Task for Lucas Thompson (LUTH09) linked to service agreement. Priority: High. Location: Brighton (loc-southern-respite). Funding: NDIS - National Disability Insurance Scheme. Services: Respite; Personal Care; Household Tasks. Coordinator notes: follow support plan 1000309 and verify consent/risk tabs before completing.', 'Completed', 'Check', 'tt-check', 'High', '2023-06-03', 'user', 'user-isla', null, 'service-agreement', 'sa-bulk-09', 'SA-LUTH09 — Lucas Thompson NDIS', 'user-superuser', 'Super User', 'Isla Robinson', 'Isla Robinson', '2023-06-03T16:00:00.000Z', 'Completed during bulk client seed review.', '[{"id":"tu-bulk-09-4-0","at":"2023-05-27T09:00:00.000Z","byUserId":"user-isla","byName":"Isla Robinson","action":"created","summary":"Assigned to Isla Robinson","detail":"Linked to SA-LUTH09 — Lucas Thompson NDIS."}]'::jsonb),
  ('task-bulk-10-1', 'REQ-B3101', 'Review consent records — Grace Garcia', 'Task for Grace Garcia (GRGA10) linked to client. Priority: Low. Location: Murray Bridge (loc-murray-bridge-day). Funding: DSOA - Disability Support for Older Australians. Services: Assistance with Self Care Activities; Community Participation. Coordinator notes: follow support plan 1000310 and verify consent/risk tabs before completing.', 'In progress', 'Approve', 'tt-approve', 'Low', '2023-05-30', 'user', 'user-gabriela', null, 'client', 'bp-bulk-10', 'GRGA10 — Grace Garcia', 'user-superuser', 'Super User', 'Gabriela Wilson', '', null, '', '[{"id":"tu-bulk-10-1-0","at":"2023-05-26T09:00:00.000Z","byUserId":"user-gabriela","byName":"Gabriela Wilson","action":"created","summary":"Assigned to Gabriela Wilson","detail":"Linked to GRGA10 — Grace Garcia."}]'::jsonb),
  ('task-bulk-10-2', 'REQ-B3102', 'Update support plan goals — Grace Garcia', 'Task for Grace Garcia (GRGA10) linked to service agreement. Priority: Normal. Location: Murray Bridge (loc-murray-bridge-day). Funding: DSOA - Disability Support for Older Australians. Services: Assistance with Self Care Activities; Community Participation. Coordinator notes: follow support plan 1000310 and verify consent/risk tabs before completing.', 'Completed', 'Check', 'tt-check', 'Normal', '2023-06-05', 'role', null, 'role-coordinator', 'service-agreement', 'sa-bulk-10', 'SA-GRGA10 — Grace Garcia NDIS', 'user-superuser', 'Super User', 'Super User', 'Super User', '2023-06-05T16:00:00.000Z', 'Completed during bulk client seed review.', '[{"id":"tu-bulk-10-2-0","at":"2023-05-31T09:00:00.000Z","byUserId":"user-superuser","byName":"Super User","action":"created","summary":"Assigned to role Support Coordinator","detail":"Linked to SA-GRGA10 — Grace Garcia NDIS."}]'::jsonb),
  ('task-bulk-10-3', 'REQ-B3103', 'Annual plan review preparation — Grace Garcia', 'Task for Grace Garcia (GRGA10) linked to client. Priority: High. Location: Murray Bridge (loc-murray-bridge-day). Funding: DSOA - Disability Support for Older Australians. Services: Assistance with Self Care Activities; Community Participation. Coordinator notes: follow support plan 1000310 and verify consent/risk tabs before completing.', 'Cancelled', 'Develop', 'tt-develop', 'High', '2023-06-11', 'user', 'user-isla', null, 'client', 'bp-bulk-10', 'GRGA10 — Grace Garcia', 'user-superuser', 'Super User', 'Isla Robinson', 'Isla Robinson', '2023-06-11T16:00:00.000Z', '', '[{"id":"tu-bulk-10-3-0","at":"2023-06-05T09:00:00.000Z","byUserId":"user-isla","byName":"Isla Robinson","action":"created","summary":"Assigned to Isla Robinson","detail":"Linked to GRGA10 — Grace Garcia."}]'::jsonb),
  ('task-bulk-10-4', 'REQ-B3104', 'Verify emergency contacts — Grace Garcia', 'Task for Grace Garcia (GRGA10) linked to service agreement. Priority: Low. Location: Murray Bridge (loc-murray-bridge-day). Funding: DSOA - Disability Support for Older Australians. Services: Assistance with Self Care Activities; Community Participation. Coordinator notes: follow support plan 1000310 and verify consent/risk tabs before completing.', 'Open', 'Review', 'tt-review', 'Low', '2023-06-17', 'user', 'user-gabriela', null, 'service-agreement', 'sa-bulk-10', 'SA-GRGA10 — Grace Garcia NDIS', 'user-superuser', 'Super User', 'Gabriela Wilson', '', null, '', '[{"id":"tu-bulk-10-4-0","at":"2023-06-10T09:00:00.000Z","byUserId":"user-gabriela","byName":"Gabriela Wilson","action":"created","summary":"Assigned to Gabriela Wilson","detail":"Linked to SA-GRGA10 — Grace Garcia NDIS."}]'::jsonb),
  ('task-bulk-11-1', 'REQ-B3111', 'Review consent records — Henry Robinson', 'Task for Henry Robinson (HERO11) linked to client. Priority: Normal. Location: Glenelg (loc-glenelg-sil). Funding: Commonwealth Home Support Programme (CHSP). Services: Supported Independent Living; Assistance with Daily Life. Coordinator notes: follow support plan 1000311 and verify consent/risk tabs before completing.', 'Cancelled', 'Develop', 'tt-develop', 'Normal', '2023-06-13', 'role', null, 'role-intake', 'client', 'bp-bulk-11', 'HERO11 — Henry Robinson', 'user-superuser', 'Super User', 'Super User', 'Super User', '2023-06-13T16:00:00.000Z', '', '[{"id":"tu-bulk-11-1-0","at":"2023-06-09T09:00:00.000Z","byUserId":"user-superuser","byName":"Super User","action":"created","summary":"Assigned to role Intake Coordinator","detail":"Linked to HERO11 — Henry Robinson."}]'::jsonb),
  ('task-bulk-11-2', 'REQ-B3112', 'Update support plan goals — Henry Robinson', 'Task for Henry Robinson (HERO11) linked to service agreement. Priority: High. Location: Glenelg (loc-glenelg-sil). Funding: Commonwealth Home Support Programme (CHSP). Services: Supported Independent Living; Assistance with Daily Life. Coordinator notes: follow support plan 1000311 and verify consent/risk tabs before completing.', 'Open', 'Review', 'tt-review', 'High', '2023-06-19', 'user', 'user-isla', null, 'service-agreement', 'sa-bulk-11', 'SA-HERO11 — Henry Robinson NDIS', 'user-superuser', 'Super User', 'Isla Robinson', '', null, '', '[{"id":"tu-bulk-11-2-0","at":"2023-06-14T09:00:00.000Z","byUserId":"user-isla","byName":"Isla Robinson","action":"created","summary":"Assigned to Isla Robinson","detail":"Linked to SA-HERO11 — Henry Robinson NDIS."}]'::jsonb),
  ('task-bulk-11-3', 'REQ-B3113', 'Annual plan review preparation — Henry Robinson', 'Task for Henry Robinson (HERO11) linked to client. Priority: Low. Location: Glenelg (loc-glenelg-sil). Funding: Commonwealth Home Support Programme (CHSP). Services: Supported Independent Living; Assistance with Daily Life. Coordinator notes: follow support plan 1000311 and verify consent/risk tabs before completing.', 'In progress', 'Approve', 'tt-approve', 'Low', '2023-06-25', 'user', 'user-gabriela', null, 'client', 'bp-bulk-11', 'HERO11 — Henry Robinson', 'user-superuser', 'Super User', 'Gabriela Wilson', '', null, '', '[{"id":"tu-bulk-11-3-0","at":"2023-06-19T09:00:00.000Z","byUserId":"user-gabriela","byName":"Gabriela Wilson","action":"created","summary":"Assigned to Gabriela Wilson","detail":"Linked to HERO11 — Henry Robinson."}]'::jsonb),
  ('task-bulk-11-4', 'REQ-B3114', 'Verify emergency contacts — Henry Robinson', 'Task for Henry Robinson (HERO11) linked to service agreement. Priority: Normal. Location: Glenelg (loc-glenelg-sil). Funding: Commonwealth Home Support Programme (CHSP). Services: Supported Independent Living; Assistance with Daily Life. Coordinator notes: follow support plan 1000311 and verify consent/risk tabs before completing.', 'Completed', 'Check', 'tt-check', 'Normal', '2023-07-01', 'role', null, 'role-coordinator', 'service-agreement', 'sa-bulk-11', 'SA-HERO11 — Henry Robinson NDIS', 'user-superuser', 'Super User', 'Super User', 'Super User', '2023-07-01T16:00:00.000Z', 'Completed during bulk client seed review.', '[{"id":"tu-bulk-11-4-0","at":"2023-06-24T09:00:00.000Z","byUserId":"user-superuser","byName":"Super User","action":"created","summary":"Assigned to role Support Coordinator","detail":"Linked to SA-HERO11 — Henry Robinson NDIS."}]'::jsonb),
  ('task-bulk-12-1', 'REQ-B3121', 'Review consent records — Ella Clark', 'Task for Ella Clark (ELCL12) linked to client. Priority: High. Location: Adelaide (loc-adelaide-hub). Funding: NDIS - National Disability Insurance Scheme. Services: Short Term Accommodation; Community Access. Coordinator notes: follow support plan 1000312 and verify consent/risk tabs before completing.', 'In progress', 'Approve', 'tt-approve', 'High', '2023-06-27', 'user', 'user-isla', null, 'client', 'bp-bulk-12', 'ELCL12 — Ella Clark', 'user-superuser', 'Super User', 'Isla Robinson', '', null, '', '[{"id":"tu-bulk-12-1-0","at":"2023-06-23T09:00:00.000Z","byUserId":"user-isla","byName":"Isla Robinson","action":"created","summary":"Assigned to Isla Robinson","detail":"Linked to ELCL12 — Ella Clark."}]'::jsonb),
  ('task-bulk-12-2', 'REQ-B3122', 'Update support plan goals — Ella Clark', 'Task for Ella Clark (ELCL12) linked to service agreement. Priority: Low. Location: Adelaide (loc-adelaide-hub). Funding: NDIS - National Disability Insurance Scheme. Services: Short Term Accommodation; Community Access. Coordinator notes: follow support plan 1000312 and verify consent/risk tabs before completing.', 'Completed', 'Check', 'tt-check', 'Low', '2023-07-03', 'user', 'user-gabriela', null, 'service-agreement', 'sa-bulk-12', 'SA-ELCL12 — Ella Clark NDIS', 'user-superuser', 'Super User', 'Gabriela Wilson', 'Gabriela Wilson', '2023-07-03T16:00:00.000Z', 'Completed during bulk client seed review.', '[{"id":"tu-bulk-12-2-0","at":"2023-06-28T09:00:00.000Z","byUserId":"user-gabriela","byName":"Gabriela Wilson","action":"created","summary":"Assigned to Gabriela Wilson","detail":"Linked to SA-ELCL12 — Ella Clark NDIS."}]'::jsonb),
  ('task-bulk-12-3', 'REQ-B3123', 'Annual plan review preparation — Ella Clark', 'Task for Ella Clark (ELCL12) linked to client. Priority: Normal. Location: Adelaide (loc-adelaide-hub). Funding: NDIS - National Disability Insurance Scheme. Services: Short Term Accommodation; Community Access. Coordinator notes: follow support plan 1000312 and verify consent/risk tabs before completing.', 'Cancelled', 'Develop', 'tt-develop', 'Normal', '2023-07-09', 'role', null, 'role-intake', 'client', 'bp-bulk-12', 'ELCL12 — Ella Clark', 'user-superuser', 'Super User', 'Super User', 'Super User', '2023-07-09T16:00:00.000Z', '', '[{"id":"tu-bulk-12-3-0","at":"2023-07-03T09:00:00.000Z","byUserId":"user-superuser","byName":"Super User","action":"created","summary":"Assigned to role Intake Coordinator","detail":"Linked to ELCL12 — Ella Clark."}]'::jsonb),
  ('task-bulk-12-4', 'REQ-B3124', 'Verify emergency contacts — Ella Clark', 'Task for Ella Clark (ELCL12) linked to service agreement. Priority: High. Location: Adelaide (loc-adelaide-hub). Funding: NDIS - National Disability Insurance Scheme. Services: Short Term Accommodation; Community Access. Coordinator notes: follow support plan 1000312 and verify consent/risk tabs before completing.', 'Open', 'Review', 'tt-review', 'High', '2023-07-15', 'user', 'user-isla', null, 'service-agreement', 'sa-bulk-12', 'SA-ELCL12 — Ella Clark NDIS', 'user-superuser', 'Super User', 'Isla Robinson', '', null, '', '[{"id":"tu-bulk-12-4-0","at":"2023-07-08T09:00:00.000Z","byUserId":"user-isla","byName":"Isla Robinson","action":"created","summary":"Assigned to Isla Robinson","detail":"Linked to SA-ELCL12 — Ella Clark NDIS."}]'::jsonb),
  ('task-bulk-13-1', 'REQ-B3131', 'Review consent records — Jack Lewis', 'Task for Jack Lewis (JALE13) linked to client. Priority: Low. Location: Salisbury (loc-northern-sil). Funding: DSOA - Disability Support for Older Australians. Services: Day Program; Transport; Skills Development. Coordinator notes: follow support plan 1000313 and verify consent/risk tabs before completing.', 'Cancelled', 'Develop', 'tt-develop', 'Low', '2023-07-11', 'user', 'user-gabriela', null, 'client', 'bp-bulk-13', 'JALE13 — Jack Lewis', 'user-superuser', 'Super User', 'Gabriela Wilson', 'Gabriela Wilson', '2023-07-11T16:00:00.000Z', '', '[{"id":"tu-bulk-13-1-0","at":"2023-07-07T09:00:00.000Z","byUserId":"user-gabriela","byName":"Gabriela Wilson","action":"created","summary":"Assigned to Gabriela Wilson","detail":"Linked to JALE13 — Jack Lewis."}]'::jsonb),
  ('task-bulk-13-2', 'REQ-B3132', 'Update support plan goals — Jack Lewis', 'Task for Jack Lewis (JALE13) linked to service agreement. Priority: Normal. Location: Salisbury (loc-northern-sil). Funding: DSOA - Disability Support for Older Australians. Services: Day Program; Transport; Skills Development. Coordinator notes: follow support plan 1000313 and verify consent/risk tabs before completing.', 'Open', 'Review', 'tt-review', 'Normal', '2023-07-17', 'role', null, 'role-coordinator', 'service-agreement', 'sa-bulk-13', 'SA-JALE13 — Jack Lewis NDIS', 'user-superuser', 'Super User', 'Super User', '', null, '', '[{"id":"tu-bulk-13-2-0","at":"2023-07-12T09:00:00.000Z","byUserId":"user-superuser","byName":"Super User","action":"created","summary":"Assigned to role Support Coordinator","detail":"Linked to SA-JALE13 — Jack Lewis NDIS."}]'::jsonb),
  ('task-bulk-13-3', 'REQ-B3133', 'Annual plan review preparation — Jack Lewis', 'Task for Jack Lewis (JALE13) linked to client. Priority: High. Location: Salisbury (loc-northern-sil). Funding: DSOA - Disability Support for Older Australians. Services: Day Program; Transport; Skills Development. Coordinator notes: follow support plan 1000313 and verify consent/risk tabs before completing.', 'In progress', 'Approve', 'tt-approve', 'High', '2023-07-23', 'user', 'user-isla', null, 'client', 'bp-bulk-13', 'JALE13 — Jack Lewis', 'user-superuser', 'Super User', 'Isla Robinson', '', null, '', '[{"id":"tu-bulk-13-3-0","at":"2023-07-17T09:00:00.000Z","byUserId":"user-isla","byName":"Isla Robinson","action":"created","summary":"Assigned to Isla Robinson","detail":"Linked to JALE13 — Jack Lewis."}]'::jsonb),
  ('task-bulk-13-4', 'REQ-B3134', 'Verify emergency contacts — Jack Lewis', 'Task for Jack Lewis (JALE13) linked to service agreement. Priority: Low. Location: Salisbury (loc-northern-sil). Funding: DSOA - Disability Support for Older Australians. Services: Day Program; Transport; Skills Development. Coordinator notes: follow support plan 1000313 and verify consent/risk tabs before completing.', 'Completed', 'Check', 'tt-check', 'Low', '2023-07-29', 'user', 'user-gabriela', null, 'service-agreement', 'sa-bulk-13', 'SA-JALE13 — Jack Lewis NDIS', 'user-superuser', 'Super User', 'Gabriela Wilson', 'Gabriela Wilson', '2023-07-29T16:00:00.000Z', 'Completed during bulk client seed review.', '[{"id":"tu-bulk-13-4-0","at":"2023-07-22T09:00:00.000Z","byUserId":"user-gabriela","byName":"Gabriela Wilson","action":"created","summary":"Assigned to Gabriela Wilson","detail":"Linked to SA-JALE13 — Jack Lewis NDIS."}]'::jsonb),
  ('task-bulk-14-1', 'REQ-B3141', 'Review consent records — Sophie Lee', 'Task for Sophie Lee (SOLE14) linked to client. Priority: Normal. Location: Brighton (loc-southern-respite). Funding: Commonwealth Home Support Programme (CHSP). Services: Respite; Personal Care; Household Tasks. Coordinator notes: follow support plan 1000314 and verify consent/risk tabs before completing.', 'In progress', 'Approve', 'tt-approve', 'Normal', '2023-07-25', 'role', null, 'role-intake', 'client', 'bp-bulk-14', 'SOLE14 — Sophie Lee', 'user-superuser', 'Super User', 'Super User', '', null, '', '[{"id":"tu-bulk-14-1-0","at":"2023-07-21T09:00:00.000Z","byUserId":"user-superuser","byName":"Super User","action":"created","summary":"Assigned to role Intake Coordinator","detail":"Linked to SOLE14 — Sophie Lee."}]'::jsonb),
  ('task-bulk-14-2', 'REQ-B3142', 'Update support plan goals — Sophie Lee', 'Task for Sophie Lee (SOLE14) linked to service agreement. Priority: High. Location: Brighton (loc-southern-respite). Funding: Commonwealth Home Support Programme (CHSP). Services: Respite; Personal Care; Household Tasks. Coordinator notes: follow support plan 1000314 and verify consent/risk tabs before completing.', 'Completed', 'Check', 'tt-check', 'High', '2023-07-31', 'user', 'user-isla', null, 'service-agreement', 'sa-bulk-14', 'SA-SOLE14 — Sophie Lee NDIS', 'user-superuser', 'Super User', 'Isla Robinson', 'Isla Robinson', '2023-07-31T16:00:00.000Z', 'Completed during bulk client seed review.', '[{"id":"tu-bulk-14-2-0","at":"2023-07-26T09:00:00.000Z","byUserId":"user-isla","byName":"Isla Robinson","action":"created","summary":"Assigned to Isla Robinson","detail":"Linked to SA-SOLE14 — Sophie Lee NDIS."}]'::jsonb),
  ('task-bulk-14-3', 'REQ-B3143', 'Annual plan review preparation — Sophie Lee', 'Task for Sophie Lee (SOLE14) linked to client. Priority: Low. Location: Brighton (loc-southern-respite). Funding: Commonwealth Home Support Programme (CHSP). Services: Respite; Personal Care; Household Tasks. Coordinator notes: follow support plan 1000314 and verify consent/risk tabs before completing.', 'Cancelled', 'Develop', 'tt-develop', 'Low', '2023-08-06', 'user', 'user-gabriela', null, 'client', 'bp-bulk-14', 'SOLE14 — Sophie Lee', 'user-superuser', 'Super User', 'Gabriela Wilson', 'Gabriela Wilson', '2023-08-06T16:00:00.000Z', '', '[{"id":"tu-bulk-14-3-0","at":"2023-07-31T09:00:00.000Z","byUserId":"user-gabriela","byName":"Gabriela Wilson","action":"created","summary":"Assigned to Gabriela Wilson","detail":"Linked to SOLE14 — Sophie Lee."}]'::jsonb),
  ('task-bulk-14-4', 'REQ-B3144', 'Verify emergency contacts — Sophie Lee', 'Task for Sophie Lee (SOLE14) linked to service agreement. Priority: Normal. Location: Brighton (loc-southern-respite). Funding: Commonwealth Home Support Programme (CHSP). Services: Respite; Personal Care; Household Tasks. Coordinator notes: follow support plan 1000314 and verify consent/risk tabs before completing.', 'Open', 'Review', 'tt-review', 'Normal', '2023-08-12', 'role', null, 'role-coordinator', 'service-agreement', 'sa-bulk-14', 'SA-SOLE14 — Sophie Lee NDIS', 'user-superuser', 'Super User', 'Super User', '', null, '', '[{"id":"tu-bulk-14-4-0","at":"2023-08-05T09:00:00.000Z","byUserId":"user-superuser","byName":"Super User","action":"created","summary":"Assigned to role Support Coordinator","detail":"Linked to SA-SOLE14 — Sophie Lee NDIS."}]'::jsonb),
  ('task-bulk-15-1', 'REQ-B3151', 'Review consent records — Levi Walker', 'Task for Levi Walker (LEWA15) linked to client. Priority: High. Location: Murray Bridge (loc-murray-bridge-day). Funding: NDIS - National Disability Insurance Scheme. Services: Assistance with Self Care Activities; Community Participation. Coordinator notes: follow support plan 1000315 and verify consent/risk tabs before completing.', 'Cancelled', 'Develop', 'tt-develop', 'High', '2023-08-08', 'user', 'user-isla', null, 'client', 'bp-bulk-15', 'LEWA15 — Levi Walker', 'user-superuser', 'Super User', 'Isla Robinson', 'Isla Robinson', '2023-08-08T16:00:00.000Z', '', '[{"id":"tu-bulk-15-1-0","at":"2023-08-04T09:00:00.000Z","byUserId":"user-isla","byName":"Isla Robinson","action":"created","summary":"Assigned to Isla Robinson","detail":"Linked to LEWA15 — Levi Walker."}]'::jsonb),
  ('task-bulk-15-2', 'REQ-B3152', 'Update support plan goals — Levi Walker', 'Task for Levi Walker (LEWA15) linked to service agreement. Priority: Low. Location: Murray Bridge (loc-murray-bridge-day). Funding: NDIS - National Disability Insurance Scheme. Services: Assistance with Self Care Activities; Community Participation. Coordinator notes: follow support plan 1000315 and verify consent/risk tabs before completing.', 'Open', 'Review', 'tt-review', 'Low', '2023-08-14', 'user', 'user-gabriela', null, 'service-agreement', 'sa-bulk-15', 'SA-LEWA15 — Levi Walker NDIS', 'user-superuser', 'Super User', 'Gabriela Wilson', '', null, '', '[{"id":"tu-bulk-15-2-0","at":"2023-08-09T09:00:00.000Z","byUserId":"user-gabriela","byName":"Gabriela Wilson","action":"created","summary":"Assigned to Gabriela Wilson","detail":"Linked to SA-LEWA15 — Levi Walker NDIS."}]'::jsonb),
  ('task-bulk-15-3', 'REQ-B3153', 'Annual plan review preparation — Levi Walker', 'Task for Levi Walker (LEWA15) linked to client. Priority: Normal. Location: Murray Bridge (loc-murray-bridge-day). Funding: NDIS - National Disability Insurance Scheme. Services: Assistance with Self Care Activities; Community Participation. Coordinator notes: follow support plan 1000315 and verify consent/risk tabs before completing.', 'In progress', 'Approve', 'tt-approve', 'Normal', '2023-08-20', 'role', null, 'role-intake', 'client', 'bp-bulk-15', 'LEWA15 — Levi Walker', 'user-superuser', 'Super User', 'Super User', '', null, '', '[{"id":"tu-bulk-15-3-0","at":"2023-08-14T09:00:00.000Z","byUserId":"user-superuser","byName":"Super User","action":"created","summary":"Assigned to role Intake Coordinator","detail":"Linked to LEWA15 — Levi Walker."}]'::jsonb),
  ('task-bulk-15-4', 'REQ-B3154', 'Verify emergency contacts — Levi Walker', 'Task for Levi Walker (LEWA15) linked to service agreement. Priority: High. Location: Murray Bridge (loc-murray-bridge-day). Funding: NDIS - National Disability Insurance Scheme. Services: Assistance with Self Care Activities; Community Participation. Coordinator notes: follow support plan 1000315 and verify consent/risk tabs before completing.', 'Completed', 'Check', 'tt-check', 'High', '2023-08-26', 'user', 'user-isla', null, 'service-agreement', 'sa-bulk-15', 'SA-LEWA15 — Levi Walker NDIS', 'user-superuser', 'Super User', 'Isla Robinson', 'Isla Robinson', '2023-08-26T16:00:00.000Z', 'Completed during bulk client seed review.', '[{"id":"tu-bulk-15-4-0","at":"2023-08-19T09:00:00.000Z","byUserId":"user-isla","byName":"Isla Robinson","action":"created","summary":"Assigned to Isla Robinson","detail":"Linked to SA-LEWA15 — Levi Walker NDIS."}]'::jsonb),
  ('task-bulk-16-1', 'REQ-B3161', 'Review consent records — Amelia Hall', 'Task for Amelia Hall (AMHA16) linked to client. Priority: Low. Location: Glenelg (loc-glenelg-sil). Funding: DSOA - Disability Support for Older Australians. Services: Supported Independent Living; Assistance with Daily Life. Coordinator notes: follow support plan 1000316 and verify consent/risk tabs before completing.', 'In progress', 'Approve', 'tt-approve', 'Low', '2023-08-22', 'user', 'user-gabriela', null, 'client', 'bp-bulk-16', 'AMHA16 — Amelia Hall', 'user-superuser', 'Super User', 'Gabriela Wilson', '', null, '', '[{"id":"tu-bulk-16-1-0","at":"2023-08-18T09:00:00.000Z","byUserId":"user-gabriela","byName":"Gabriela Wilson","action":"created","summary":"Assigned to Gabriela Wilson","detail":"Linked to AMHA16 — Amelia Hall."}]'::jsonb),
  ('task-bulk-16-2', 'REQ-B3162', 'Update support plan goals — Amelia Hall', 'Task for Amelia Hall (AMHA16) linked to service agreement. Priority: Normal. Location: Glenelg (loc-glenelg-sil). Funding: DSOA - Disability Support for Older Australians. Services: Supported Independent Living; Assistance with Daily Life. Coordinator notes: follow support plan 1000316 and verify consent/risk tabs before completing.', 'Completed', 'Check', 'tt-check', 'Normal', '2023-08-28', 'role', null, 'role-coordinator', 'service-agreement', 'sa-bulk-16', 'SA-AMHA16 — Amelia Hall NDIS', 'user-superuser', 'Super User', 'Super User', 'Super User', '2023-08-28T16:00:00.000Z', 'Completed during bulk client seed review.', '[{"id":"tu-bulk-16-2-0","at":"2023-08-23T09:00:00.000Z","byUserId":"user-superuser","byName":"Super User","action":"created","summary":"Assigned to role Support Coordinator","detail":"Linked to SA-AMHA16 — Amelia Hall NDIS."}]'::jsonb),
  ('task-bulk-16-3', 'REQ-B3163', 'Annual plan review preparation — Amelia Hall', 'Task for Amelia Hall (AMHA16) linked to client. Priority: High. Location: Glenelg (loc-glenelg-sil). Funding: DSOA - Disability Support for Older Australians. Services: Supported Independent Living; Assistance with Daily Life. Coordinator notes: follow support plan 1000316 and verify consent/risk tabs before completing.', 'Cancelled', 'Develop', 'tt-develop', 'High', '2023-09-03', 'user', 'user-isla', null, 'client', 'bp-bulk-16', 'AMHA16 — Amelia Hall', 'user-superuser', 'Super User', 'Isla Robinson', 'Isla Robinson', '2023-09-03T16:00:00.000Z', '', '[{"id":"tu-bulk-16-3-0","at":"2023-08-28T09:00:00.000Z","byUserId":"user-isla","byName":"Isla Robinson","action":"created","summary":"Assigned to Isla Robinson","detail":"Linked to AMHA16 — Amelia Hall."}]'::jsonb),
  ('task-bulk-16-4', 'REQ-B3164', 'Verify emergency contacts — Amelia Hall', 'Task for Amelia Hall (AMHA16) linked to service agreement. Priority: Low. Location: Glenelg (loc-glenelg-sil). Funding: DSOA - Disability Support for Older Australians. Services: Supported Independent Living; Assistance with Daily Life. Coordinator notes: follow support plan 1000316 and verify consent/risk tabs before completing.', 'Open', 'Review', 'tt-review', 'Low', '2023-09-09', 'user', 'user-gabriela', null, 'service-agreement', 'sa-bulk-16', 'SA-AMHA16 — Amelia Hall NDIS', 'user-superuser', 'Super User', 'Gabriela Wilson', '', null, '', '[{"id":"tu-bulk-16-4-0","at":"2023-09-02T09:00:00.000Z","byUserId":"user-gabriela","byName":"Gabriela Wilson","action":"created","summary":"Assigned to Gabriela Wilson","detail":"Linked to SA-AMHA16 — Amelia Hall NDIS."}]'::jsonb),
  ('task-bulk-17-1', 'REQ-B3171', 'Review consent records — Oscar Nguyen', 'Task for Oscar Nguyen (OSNG17) linked to client. Priority: Normal. Location: Adelaide (loc-adelaide-hub). Funding: Commonwealth Home Support Programme (CHSP). Services: Short Term Accommodation; Community Access. Coordinator notes: follow support plan 1000317 and verify consent/risk tabs before completing.', 'Cancelled', 'Develop', 'tt-develop', 'Normal', '2023-09-05', 'role', null, 'role-intake', 'client', 'bp-bulk-17', 'OSNG17 — Oscar Nguyen', 'user-superuser', 'Super User', 'Super User', 'Super User', '2023-09-05T16:00:00.000Z', '', '[{"id":"tu-bulk-17-1-0","at":"2023-09-01T09:00:00.000Z","byUserId":"user-superuser","byName":"Super User","action":"created","summary":"Assigned to role Intake Coordinator","detail":"Linked to OSNG17 — Oscar Nguyen."}]'::jsonb),
  ('task-bulk-17-2', 'REQ-B3172', 'Update support plan goals — Oscar Nguyen', 'Task for Oscar Nguyen (OSNG17) linked to service agreement. Priority: High. Location: Adelaide (loc-adelaide-hub). Funding: Commonwealth Home Support Programme (CHSP). Services: Short Term Accommodation; Community Access. Coordinator notes: follow support plan 1000317 and verify consent/risk tabs before completing.', 'Open', 'Review', 'tt-review', 'High', '2023-09-11', 'user', 'user-isla', null, 'service-agreement', 'sa-bulk-17', 'SA-OSNG17 — Oscar Nguyen NDIS', 'user-superuser', 'Super User', 'Isla Robinson', '', null, '', '[{"id":"tu-bulk-17-2-0","at":"2023-09-06T09:00:00.000Z","byUserId":"user-isla","byName":"Isla Robinson","action":"created","summary":"Assigned to Isla Robinson","detail":"Linked to SA-OSNG17 — Oscar Nguyen NDIS."}]'::jsonb),
  ('task-bulk-17-3', 'REQ-B3173', 'Annual plan review preparation — Oscar Nguyen', 'Task for Oscar Nguyen (OSNG17) linked to client. Priority: Low. Location: Adelaide (loc-adelaide-hub). Funding: Commonwealth Home Support Programme (CHSP). Services: Short Term Accommodation; Community Access. Coordinator notes: follow support plan 1000317 and verify consent/risk tabs before completing.', 'In progress', 'Approve', 'tt-approve', 'Low', '2023-09-17', 'user', 'user-gabriela', null, 'client', 'bp-bulk-17', 'OSNG17 — Oscar Nguyen', 'user-superuser', 'Super User', 'Gabriela Wilson', '', null, '', '[{"id":"tu-bulk-17-3-0","at":"2023-09-11T09:00:00.000Z","byUserId":"user-gabriela","byName":"Gabriela Wilson","action":"created","summary":"Assigned to Gabriela Wilson","detail":"Linked to OSNG17 — Oscar Nguyen."}]'::jsonb),
  ('task-bulk-17-4', 'REQ-B3174', 'Verify emergency contacts — Oscar Nguyen', 'Task for Oscar Nguyen (OSNG17) linked to service agreement. Priority: Normal. Location: Adelaide (loc-adelaide-hub). Funding: Commonwealth Home Support Programme (CHSP). Services: Short Term Accommodation; Community Access. Coordinator notes: follow support plan 1000317 and verify consent/risk tabs before completing.', 'Completed', 'Check', 'tt-check', 'Normal', '2023-09-23', 'role', null, 'role-coordinator', 'service-agreement', 'sa-bulk-17', 'SA-OSNG17 — Oscar Nguyen NDIS', 'user-superuser', 'Super User', 'Super User', 'Super User', '2023-09-23T16:00:00.000Z', 'Completed during bulk client seed review.', '[{"id":"tu-bulk-17-4-0","at":"2023-09-16T09:00:00.000Z","byUserId":"user-superuser","byName":"Super User","action":"created","summary":"Assigned to role Support Coordinator","detail":"Linked to SA-OSNG17 — Oscar Nguyen NDIS."}]'::jsonb),
  ('task-bulk-18-1', 'REQ-B3181', 'Review consent records — Harper Patel', 'Task for Harper Patel (HAPA18) linked to client. Priority: High. Location: Salisbury (loc-northern-sil). Funding: NDIS - National Disability Insurance Scheme. Services: Day Program; Transport; Skills Development. Coordinator notes: follow support plan 1000318 and verify consent/risk tabs before completing.', 'In progress', 'Approve', 'tt-approve', 'High', '2023-09-19', 'user', 'user-isla', null, 'client', 'bp-bulk-18', 'HAPA18 — Harper Patel', 'user-superuser', 'Super User', 'Isla Robinson', '', null, '', '[{"id":"tu-bulk-18-1-0","at":"2023-09-15T09:00:00.000Z","byUserId":"user-isla","byName":"Isla Robinson","action":"created","summary":"Assigned to Isla Robinson","detail":"Linked to HAPA18 — Harper Patel."}]'::jsonb),
  ('task-bulk-18-2', 'REQ-B3182', 'Update support plan goals — Harper Patel', 'Task for Harper Patel (HAPA18) linked to service agreement. Priority: Low. Location: Salisbury (loc-northern-sil). Funding: NDIS - National Disability Insurance Scheme. Services: Day Program; Transport; Skills Development. Coordinator notes: follow support plan 1000318 and verify consent/risk tabs before completing.', 'Completed', 'Check', 'tt-check', 'Low', '2023-09-25', 'user', 'user-gabriela', null, 'service-agreement', 'sa-bulk-18', 'SA-HAPA18 — Harper Patel NDIS', 'user-superuser', 'Super User', 'Gabriela Wilson', 'Gabriela Wilson', '2023-09-25T16:00:00.000Z', 'Completed during bulk client seed review.', '[{"id":"tu-bulk-18-2-0","at":"2023-09-20T09:00:00.000Z","byUserId":"user-gabriela","byName":"Gabriela Wilson","action":"created","summary":"Assigned to Gabriela Wilson","detail":"Linked to SA-HAPA18 — Harper Patel NDIS."}]'::jsonb),
  ('task-bulk-18-3', 'REQ-B3183', 'Annual plan review preparation — Harper Patel', 'Task for Harper Patel (HAPA18) linked to client. Priority: Normal. Location: Salisbury (loc-northern-sil). Funding: NDIS - National Disability Insurance Scheme. Services: Day Program; Transport; Skills Development. Coordinator notes: follow support plan 1000318 and verify consent/risk tabs before completing.', 'Cancelled', 'Develop', 'tt-develop', 'Normal', '2023-10-01', 'role', null, 'role-intake', 'client', 'bp-bulk-18', 'HAPA18 — Harper Patel', 'user-superuser', 'Super User', 'Super User', 'Super User', '2023-10-01T16:00:00.000Z', '', '[{"id":"tu-bulk-18-3-0","at":"2023-09-25T09:00:00.000Z","byUserId":"user-superuser","byName":"Super User","action":"created","summary":"Assigned to role Intake Coordinator","detail":"Linked to HAPA18 — Harper Patel."}]'::jsonb),
  ('task-bulk-18-4', 'REQ-B3184', 'Verify emergency contacts — Harper Patel', 'Task for Harper Patel (HAPA18) linked to service agreement. Priority: High. Location: Salisbury (loc-northern-sil). Funding: NDIS - National Disability Insurance Scheme. Services: Day Program; Transport; Skills Development. Coordinator notes: follow support plan 1000318 and verify consent/risk tabs before completing.', 'Open', 'Review', 'tt-review', 'High', '2023-10-07', 'user', 'user-isla', null, 'service-agreement', 'sa-bulk-18', 'SA-HAPA18 — Harper Patel NDIS', 'user-superuser', 'Super User', 'Isla Robinson', '', null, '', '[{"id":"tu-bulk-18-4-0","at":"2023-09-30T09:00:00.000Z","byUserId":"user-isla","byName":"Isla Robinson","action":"created","summary":"Assigned to Isla Robinson","detail":"Linked to SA-HAPA18 — Harper Patel NDIS."}]'::jsonb),
  ('task-bulk-19-1', 'REQ-B3191', 'Review consent records — Finn Murphy', 'Task for Finn Murphy (FIMU19) linked to client. Priority: Low. Location: Brighton (loc-southern-respite). Funding: DSOA - Disability Support for Older Australians. Services: Respite; Personal Care; Household Tasks. Coordinator notes: follow support plan 1000319 and verify consent/risk tabs before completing.', 'Cancelled', 'Develop', 'tt-develop', 'Low', '2023-10-03', 'user', 'user-gabriela', null, 'client', 'bp-bulk-19', 'FIMU19 — Finn Murphy', 'user-superuser', 'Super User', 'Gabriela Wilson', 'Gabriela Wilson', '2023-10-03T16:00:00.000Z', '', '[{"id":"tu-bulk-19-1-0","at":"2023-09-29T09:00:00.000Z","byUserId":"user-gabriela","byName":"Gabriela Wilson","action":"created","summary":"Assigned to Gabriela Wilson","detail":"Linked to FIMU19 — Finn Murphy."}]'::jsonb),
  ('task-bulk-19-2', 'REQ-B3192', 'Update support plan goals — Finn Murphy', 'Task for Finn Murphy (FIMU19) linked to service agreement. Priority: Normal. Location: Brighton (loc-southern-respite). Funding: DSOA - Disability Support for Older Australians. Services: Respite; Personal Care; Household Tasks. Coordinator notes: follow support plan 1000319 and verify consent/risk tabs before completing.', 'Open', 'Review', 'tt-review', 'Normal', '2023-10-09', 'role', null, 'role-coordinator', 'service-agreement', 'sa-bulk-19', 'SA-FIMU19 — Finn Murphy NDIS', 'user-superuser', 'Super User', 'Super User', '', null, '', '[{"id":"tu-bulk-19-2-0","at":"2023-10-04T09:00:00.000Z","byUserId":"user-superuser","byName":"Super User","action":"created","summary":"Assigned to role Support Coordinator","detail":"Linked to SA-FIMU19 — Finn Murphy NDIS."}]'::jsonb),
  ('task-bulk-19-3', 'REQ-B3193', 'Annual plan review preparation — Finn Murphy', 'Task for Finn Murphy (FIMU19) linked to client. Priority: High. Location: Brighton (loc-southern-respite). Funding: DSOA - Disability Support for Older Australians. Services: Respite; Personal Care; Household Tasks. Coordinator notes: follow support plan 1000319 and verify consent/risk tabs before completing.', 'In progress', 'Approve', 'tt-approve', 'High', '2023-10-15', 'user', 'user-isla', null, 'client', 'bp-bulk-19', 'FIMU19 — Finn Murphy', 'user-superuser', 'Super User', 'Isla Robinson', '', null, '', '[{"id":"tu-bulk-19-3-0","at":"2023-10-09T09:00:00.000Z","byUserId":"user-isla","byName":"Isla Robinson","action":"created","summary":"Assigned to Isla Robinson","detail":"Linked to FIMU19 — Finn Murphy."}]'::jsonb),
  ('task-bulk-19-4', 'REQ-B3194', 'Verify emergency contacts — Finn Murphy', 'Task for Finn Murphy (FIMU19) linked to service agreement. Priority: Low. Location: Brighton (loc-southern-respite). Funding: DSOA - Disability Support for Older Australians. Services: Respite; Personal Care; Household Tasks. Coordinator notes: follow support plan 1000319 and verify consent/risk tabs before completing.', 'Completed', 'Check', 'tt-check', 'Low', '2023-10-21', 'user', 'user-gabriela', null, 'service-agreement', 'sa-bulk-19', 'SA-FIMU19 — Finn Murphy NDIS', 'user-superuser', 'Super User', 'Gabriela Wilson', 'Gabriela Wilson', '2023-10-21T16:00:00.000Z', 'Completed during bulk client seed review.', '[{"id":"tu-bulk-19-4-0","at":"2023-10-14T09:00:00.000Z","byUserId":"user-gabriela","byName":"Gabriela Wilson","action":"created","summary":"Assigned to Gabriela Wilson","detail":"Linked to SA-FIMU19 — Finn Murphy NDIS."}]'::jsonb),
  ('task-bulk-20-1', 'REQ-B3201', 'Review consent records — Ava Singh', 'Task for Ava Singh (AVSI20) linked to client. Priority: Normal. Location: Murray Bridge (loc-murray-bridge-day). Funding: Commonwealth Home Support Programme (CHSP). Services: Assistance with Self Care Activities; Community Participation. Coordinator notes: follow support plan 1000320 and verify consent/risk tabs before completing.', 'In progress', 'Approve', 'tt-approve', 'Normal', '2023-10-17', 'role', null, 'role-intake', 'client', 'bp-bulk-20', 'AVSI20 — Ava Singh', 'user-superuser', 'Super User', 'Super User', '', null, '', '[{"id":"tu-bulk-20-1-0","at":"2023-10-13T09:00:00.000Z","byUserId":"user-superuser","byName":"Super User","action":"created","summary":"Assigned to role Intake Coordinator","detail":"Linked to AVSI20 — Ava Singh."}]'::jsonb),
  ('task-bulk-20-2', 'REQ-B3202', 'Update support plan goals — Ava Singh', 'Task for Ava Singh (AVSI20) linked to service agreement. Priority: High. Location: Murray Bridge (loc-murray-bridge-day). Funding: Commonwealth Home Support Programme (CHSP). Services: Assistance with Self Care Activities; Community Participation. Coordinator notes: follow support plan 1000320 and verify consent/risk tabs before completing.', 'Completed', 'Check', 'tt-check', 'High', '2023-10-23', 'user', 'user-isla', null, 'service-agreement', 'sa-bulk-20', 'SA-AVSI20 — Ava Singh NDIS', 'user-superuser', 'Super User', 'Isla Robinson', 'Isla Robinson', '2023-10-23T16:00:00.000Z', 'Completed during bulk client seed review.', '[{"id":"tu-bulk-20-2-0","at":"2023-10-18T09:00:00.000Z","byUserId":"user-isla","byName":"Isla Robinson","action":"created","summary":"Assigned to Isla Robinson","detail":"Linked to SA-AVSI20 — Ava Singh NDIS."}]'::jsonb),
  ('task-bulk-20-3', 'REQ-B3203', 'Annual plan review preparation — Ava Singh', 'Task for Ava Singh (AVSI20) linked to client. Priority: Low. Location: Murray Bridge (loc-murray-bridge-day). Funding: Commonwealth Home Support Programme (CHSP). Services: Assistance with Self Care Activities; Community Participation. Coordinator notes: follow support plan 1000320 and verify consent/risk tabs before completing.', 'Cancelled', 'Develop', 'tt-develop', 'Low', '2023-10-29', 'user', 'user-gabriela', null, 'client', 'bp-bulk-20', 'AVSI20 — Ava Singh', 'user-superuser', 'Super User', 'Gabriela Wilson', 'Gabriela Wilson', '2023-10-29T16:00:00.000Z', '', '[{"id":"tu-bulk-20-3-0","at":"2023-10-23T09:00:00.000Z","byUserId":"user-gabriela","byName":"Gabriela Wilson","action":"created","summary":"Assigned to Gabriela Wilson","detail":"Linked to AVSI20 — Ava Singh."}]'::jsonb),
  ('task-bulk-20-4', 'REQ-B3204', 'Verify emergency contacts — Ava Singh', 'Task for Ava Singh (AVSI20) linked to service agreement. Priority: Normal. Location: Murray Bridge (loc-murray-bridge-day). Funding: Commonwealth Home Support Programme (CHSP). Services: Assistance with Self Care Activities; Community Participation. Coordinator notes: follow support plan 1000320 and verify consent/risk tabs before completing.', 'Open', 'Review', 'tt-review', 'Normal', '2023-11-04', 'role', null, 'role-coordinator', 'service-agreement', 'sa-bulk-20', 'SA-AVSI20 — Ava Singh NDIS', 'user-superuser', 'Super User', 'Super User', '', null, '', '[{"id":"tu-bulk-20-4-0","at":"2023-10-28T09:00:00.000Z","byUserId":"user-superuser","byName":"Super User","action":"created","summary":"Assigned to role Support Coordinator","detail":"Linked to SA-AVSI20 — Ava Singh NDIS."}]'::jsonb)
on conflict (id) do update set
  document_no = excluded.document_no,
  title = excluded.title,
  description = excluded.description,
  status = excluded.status,
  updates = excluded.updates;
