-- Employee seed
-- Re-run: npm run supabase:seed-employees

insert into public.employee (
  id, search_key, business_partner_group, name, first_name, last_name,
  preferred_name, middle_name, email, phone, mobile, job_title, department,
  employment_status, employment_type, start_date, end_date, probation_end_date, confirmation_date, notice_days,
  site_branch, cost_centre, gender, birthday, employee_number, reports_to_id,
  driver_licence_class, driver_licence_expiry, visa_subclass, visa_expiry, work_rights_notes,
  bank_name, bank_bsb, bank_account_number, pay_method, tfn, tax_declaration, super_fund, super_member_number,
  standard_hours_per_week, fte, leave_policy, medical_restrictions_notes, notes, created_by, updated_by
)
values
  ('emp-isla', 'IslaR', 'Employee', 'Isla Robinson', 'Isla', 'Robinson', 'Isla', '', 'isla.robinson@abilityerp.local', '08 8294 1100', '0412 111 222', 'Support Coordinator', 'Client services', 'Active', 'Full-time', '2019-03-01', null, '2019-09-01', '2019-09-15', 4, 'Adelaide HQ', 'CC-CLIENT', 'Female', '1988-06-12', 'EMP-1001', 'emp-michael', 'C', '2027-08-01', '', null, 'Australian citizen', 'Commonwealth Bank', '065-000', '12345678', 'Bank', '', 'Tax-free threshold claimed', 'Australian Super', 'AS-88421', 38, 1, 'Standard award — 4 weeks annual', '', '', 'SuperUser', 'SuperUser'),
  ('emp-gabriela', 'GabW', 'Employee', 'Gabriela Wilson', 'Gabriela', 'Wilson', 'Gabriela', '', 'gabriela.wilson@abilityerp.local', '', '0413 222 333', 'Intake Officer', 'Intake', 'Active', 'Part-time', '2020-06-15', null, null, '2020-12-01', 2, 'Adelaide HQ', 'CC-INTAKE', 'Female', '1992-02-20', 'EMP-1002', 'emp-michael', '', null, '482', '2026-07-15', 'Sponsored visa — monitor expiry', '', '', '', 'Bank', '', '', '', '', 22, 0.58, 'Part-time pro-rata', '', '', 'SuperUser', 'SuperUser'),
  ('emp-michael', 'MichS', 'Employee', 'Michael Smith', 'Michael', 'Smith', 'Michael', '', 'michael.smith@abilityerp.local', '', '', 'Operations Executive', 'Operations', 'Active', 'Full-time', '2018-01-10', null, null, null, null, 'Adelaide HQ', 'CC-CLIENT', '', null, 'EMP-1003', 'emp-ceo', '', null, '', null, '', '', '', '', '', '', '', '', '', 38, 1, '', '', '', 'SuperUser', 'SuperUser'),
  ('emp-oliver', 'OlvW', 'Employee', 'Oliver Williams', 'Oliver', 'Williams', 'Oliver', '', 'oliver.williams@abilityerp.local', '', '', 'Support Worker', 'Operations', 'Active', 'Casual', '2021-09-01', null, null, null, null, 'Northern', 'CC-OPS', '', null, 'EMP-1004', 'emp-michael', 'C', '2026-07-01', '', null, '', '', '', '', 'Bank', '', '', '', '', null, 0, 'Casual — no paid leave accrual', '', '', 'SuperUser', 'SuperUser'),
  ('emp-rose', 'RoseD', 'Employee', 'Rose Dash', 'Rose', 'Dash', 'Rose', '', 'rose.dash@abilityerp.local', '', '', 'Plan Developer', 'Client services', 'Active', 'Full-time', '2017-11-20', null, null, null, null, '', '', '', null, '', null, '', null, '', null, '', '', '', '', '', '', '', '', '', null, null, '', '', '', 'SuperUser', 'SuperUser'),
  ('emp-jessica', 'JessH', 'Employee', 'Jessica Hancock', 'Jessica', 'Hancock', 'Jessica', '', 'jessica.hancock@abilityerp.local', '', '', 'Contract Administrator', 'Finance', 'Active', 'Full-time', '2022-02-01', null, null, null, null, '', '', '', null, '', null, '', null, '', null, '', '', '', '', '', '', '', '', '', null, null, '', '', '', 'SuperUser', 'SuperUser'),
  ('emp-board-chair', 'EleWr', 'Employee', 'Eleanor Wright', 'Eleanor', 'Wright', 'Eleanor', '', 'eleanor.wright@abilityerp.local', '', '0400 100 000', 'Board Chair', 'Executive', 'Active', 'Part-time', '2016-05-01', null, null, null, null, 'Adelaide HQ', 'CC-EXEC', 'Female', '1968-03-22', 'EMP-0900', null, '', null, '', null, '', '', '', '', '', '', '', '', '', 8, 0.2, '', '', 'Board chair seed', 'SuperUser', 'SuperUser'),
  ('emp-ceo', 'PatCh', 'Employee', 'Patricia Chen', 'Patricia', 'Chen', 'Patricia', '', 'patricia.chen@abilityerp.local', '08 8294 1000', '0400 100 001', 'Chief Executive Officer', 'Executive', 'Active', 'Full-time', '2015-03-01', null, null, null, 12, 'Adelaide HQ', 'CC-EXEC', 'Female', '1975-04-12', 'EMP-0901', null, 'C', '2028-06-01', '', null, 'Australian citizen', 'Commonwealth Bank', '065-000', '90010001', 'Bank', '', '', 'Australian Super', 'AS-90001', 38, 1, 'Executive — 5 weeks annual', '', 'CEO seed', 'SuperUser', 'SuperUser'),
  ('emp-exec-hr', 'DiaFo', 'Employee', 'Diane Foster', 'Diane', 'Foster', 'Diane', '', 'diane.foster@abilityerp.local', '', '0400 100 002', 'HR Executive', 'HR', 'Active', 'Full-time', '2017-06-01', null, null, null, 8, 'Adelaide HQ', 'CC-HR', 'Female', '1980-08-20', 'EMP-0902', 'emp-ceo', 'C', '2027-09-01', '', null, '', '', '', '', 'Bank', '', '', '', '', 38, 1, '', '', 'HR executive seed', 'SuperUser', 'SuperUser'),
  ('emp-exec-finance', 'JamWh', 'Employee', 'James Whitford', 'James', 'Whitford', 'James', '', 'james.whitford@abilityerp.local', '', '0400 100 003', 'Chief Financial Officer', 'Finance', 'Active', 'Full-time', '2016-01-15', null, null, null, 8, 'Adelaide HQ', 'CC-FIN', 'Male', '1978-11-03', 'EMP-0903', 'emp-ceo', '', null, '', null, '', '', '', '', 'Bank', '', '', '', '', 38, 1, '', '', 'CFO seed', 'SuperUser', 'SuperUser'),
  ('emp-exec-ict', 'SamRi', 'Employee', 'Sam Rivera', 'Sam', 'Rivera', 'Sam', '', 'sam.rivera@abilityerp.local', '', '0400 100 004', 'ICT Executive', 'ICT', 'Active', 'Full-time', '2018-09-01', null, null, null, 8, 'Adelaide HQ', 'CC-ICT', 'Non-binary', '1982-02-14', 'EMP-0904', 'emp-ceo', '', null, '', null, '', '', '', '', 'Bank', '', '', '', '', 38, 1, '', '', 'ICT executive seed', 'SuperUser', 'SuperUser'),
  ('emp-exec-quality', 'MarHo', 'Employee', 'Margaret Holt', 'Margaret', 'Holt', 'Margaret', '', 'margaret.holt@abilityerp.local', '', '0400 100 005', 'Quality Executive', 'Quality', 'Active', 'Full-time', '2017-02-01', null, null, null, 8, 'Adelaide HQ', 'CC-QUALITY', 'Female', '1979-07-30', 'EMP-0905', 'emp-ceo', '', null, '', null, '', '', '', '', 'Bank', '', '', '', '', 38, 1, '', '', 'Quality executive seed', 'SuperUser', 'SuperUser'),
  ('emp-hr-manager', 'SanBl', 'Employee', 'Sandra Blake', 'Sandra', 'Blake', 'Sandra', '', 'sandra.blake@abilityerp.local', '', '0400 100 006', 'HR Manager', 'HR', 'Active', 'Full-time', '2019-04-01', null, null, null, 4, 'Adelaide HQ', 'CC-HR', 'Female', '1985-03-18', 'EMP-0906', 'emp-exec-hr', '', null, '', null, '', '', '', '', 'Bank', '', '', '', '', 38, 1, '', '', '', 'SuperUser', 'SuperUser'),
  ('emp-ict-manager', 'AleKi', 'Employee', 'Alex Kim', 'Alex', 'Kim', 'Alex', '', 'alex.kim@abilityerp.local', '', '0400 100 007', 'ICT Manager', 'ICT', 'Active', 'Full-time', '2020-01-10', null, null, null, 4, 'Adelaide HQ', 'CC-ICT', 'Male', '1988-12-01', 'EMP-0907', 'emp-exec-ict', '', null, '', null, '', '', '', '', 'Bank', '', '', '', '', 38, 1, '', '', '', 'SuperUser', 'SuperUser'),
  ('emp-ict-officer', 'JorLe', 'Employee', 'Jordan Lee', 'Jordan', 'Lee', 'Jordan', '', 'jordan.lee@abilityerp.local', '', '0400 100 008', 'ICT Officer', 'ICT', 'Active', 'Full-time', '2021-05-01', null, null, null, 4, 'Adelaide HQ', 'CC-ICT', 'Non-binary', '1993-05-22', 'EMP-0908', 'emp-ict-manager', '', null, '', null, '', '', '', '', 'Bank', '', '', '', '', 38, 1, '', '', '', 'SuperUser', 'SuperUser'),
  ('emp-quality-manager', 'QuiTa', 'Employee', 'Quinn Taylor', 'Quinn', 'Taylor', 'Quinn', '', 'quinn.taylor@abilityerp.local', '', '0400 100 009', 'Quality Manager', 'Quality', 'Active', 'Full-time', '2019-08-01', null, null, null, 4, 'Adelaide HQ', 'CC-QUALITY', 'Female', '1984-09-09', 'EMP-0909', 'emp-exec-quality', '', null, '', null, '', '', '', '', 'Bank', '', '', '', '', 38, 1, '', '', '', 'SuperUser', 'SuperUser'),
  ('emp-rostering-manager', 'RilSh', 'Employee', 'Riley Shaw', 'Riley', 'Shaw', 'Riley', '', 'riley.shaw@abilityerp.local', '', '0400 100 010', 'Rostering Manager', 'Operations', 'Active', 'Full-time', '2020-03-01', null, null, null, 4, 'Adelaide HQ', 'CC-OPS', 'Male', '1987-01-25', 'EMP-0910', 'emp-michael', 'C', '2027-03-01', '', null, '', '', '', '', 'Bank', '', '', '', '', 38, 1, '', '', '', 'SuperUser', 'SuperUser'),
  ('emp-rostering-officer', 'MorBl', 'Employee', 'Morgan Blake', 'Morgan', 'Blake', 'Morgan', '', 'morgan.blake@abilityerp.local', '', '0400 100 011', 'Rostering Officer', 'Operations', 'Active', 'Full-time', '2022-07-01', null, null, null, 4, 'Adelaide HQ', 'CC-OPS', 'Female', '1995-06-11', 'EMP-0911', 'emp-rostering-manager', '', null, '', null, '', '', '', '', 'Bank', '', '', '', '', 38, 1, '', '', '', 'SuperUser', 'SuperUser'),
  ('emp-finance-manager', 'TesNg', 'Employee', 'Tessa Nguyen', 'Tessa', 'Nguyen', 'Tessa', '', 'tessa.nguyen@abilityerp.local', '', '0400 100 012', 'Finance Manager', 'Finance', 'Active', 'Full-time', '2018-11-01', null, null, null, 4, 'Adelaide HQ', 'CC-FIN', 'Female', '1983-10-05', 'EMP-0912', 'emp-exec-finance', '', null, '', null, '', '', '', '', 'Bank', '', '', '', '', 38, 1, '', '', '', 'SuperUser', 'SuperUser'),
  ('emp-sw-001', 'AvThN101', 'Employee', 'Ava Thomas', 'Ava', 'Thomas', 'Ava', '', 'ava.thomas@abilityerp.local', '', '0410 100 100', 'Support Worker', 'Operations', 'Active', 'Casual', '2019-01-01', null, null, null, null, 'Northern', 'CC-OPS', 'Female', '1985-01-15', 'EMP-1101', 'emp-oliver', 'C', '2027-12-01', '', null, 'Australian citizen', 'Commonwealth Bank', '065-000', '10000101', 'Bank', '', '', 'Australian Super', 'AS-10101', null, 0, 'Casual — no paid leave accrual', '', 'Bulk seed employee 101 for testing', 'SuperUser', 'SuperUser'),
  ('emp-sw-002', 'NoJaA102', 'Employee', 'Noah Jackson', 'Noah', 'Jackson', 'Noah', '', 'noah.jackson@abilityerp.local', '', '0411 101 107', 'Support Worker', 'Operations', 'Active', 'Full-time', '2020-02-02', null, null, null, null, 'Glenelg', 'CC-OPS', 'Male', '1986-02-15', 'EMP-1102', 'emp-michael', 'C', '2027-12-01', '', null, 'Australian citizen', 'Commonwealth Bank', '065-000', '10000102', 'Bank', '', '', 'Australian Super', 'AS-10102', 38, 1, 'Standard award — 4 weeks annual', '', 'Bulk seed employee 102 for testing', 'SuperUser', 'SuperUser'),
  ('emp-sw-003', 'MiWhZ103', 'Employee', 'Mia White', 'Mia', 'White', 'Mia', '', 'mia.white@abilityerp.local', '', '0412 102 114', 'Support Worker', 'Operations', 'Active', 'Part-time', '2021-03-03', null, null, null, null, 'Adelaide HQ', 'CC-OPS', 'Non-binary', '1987-03-15', 'EMP-1103', 'emp-michael', 'C', '2027-12-01', '', null, 'Australian citizen', 'Commonwealth Bank', '065-000', '10000103', 'Bank', '', '', 'Australian Super', 'AS-10103', 22, 0.58, 'Standard award — 4 weeks annual', '', 'Bulk seed employee 103 for testing', 'SuperUser', 'SuperUser'),
  ('emp-sw-004', 'LiHaY104', 'Employee', 'Liam Harris', 'Liam', 'Harris', 'Liam', '', 'liam.harris@abilityerp.local', '', '0413 103 121', 'Support Worker', 'Operations', 'Active', 'Casual', '2022-04-04', null, null, null, null, 'Murray Bridge', 'CC-OPS', 'Prefer not to say', '1988-04-15', 'EMP-1104', 'emp-michael', 'C', '2027-12-01', '', null, 'Australian citizen', 'Commonwealth Bank', '065-000', '10000104', 'Bank', '', '', 'Australian Super', 'AS-10104', null, 0, 'Casual — no paid leave accrual', '', 'Bulk seed employee 104 for testing', 'SuperUser', 'SuperUser'),
  ('emp-sw-005', 'ZoMaM105', 'Employee', 'Zoe Martin', 'Zoe', 'Martin', 'Zoe', '', 'zoe.martin@abilityerp.local', '', '0414 104 128', 'Support Worker', 'Operations', 'Active', 'Full-time', '2023-05-05', null, null, null, null, 'Southern', 'CC-OPS', 'Female', '1989-05-15', 'EMP-1105', 'emp-michael', 'C', '2027-12-01', '', null, 'Australian citizen', 'Commonwealth Bank', '065-000', '10000105', 'Bank', '', '', 'Australian Super', 'AS-10105', 38, 1, 'Standard award — 4 weeks annual', '', 'Bulk seed employee 105 for testing', 'SuperUser', 'SuperUser'),
  ('emp-sw-006', 'EtThR106', 'Employee', 'Ethan Thompson', 'Ethan', 'Thompson', 'Ethan', '', 'ethan.thompson@abilityerp.local', '', '0415 105 135', 'Support Worker', 'Operations', 'Active', 'Part-time', '2024-06-06', null, null, null, null, 'Northern', 'CC-OPS', 'Male', '1990-06-15', 'EMP-1106', 'emp-oliver', 'C', '2027-12-01', '', null, 'Australian citizen', 'Commonwealth Bank', '065-000', '10000106', 'Bank', '', '', 'Australian Super', 'AS-10106', 22, 0.58, 'Standard award — 4 weeks annual', '', 'Bulk seed employee 106 for testing', 'SuperUser', 'SuperUser'),
  ('emp-sw-007', 'ChGaP107', 'Employee', 'Chloe Garcia', 'Chloe', 'Garcia', 'Chloe', '', 'chloe.garcia@abilityerp.local', '', '0416 106 142', 'Support Worker', 'Operations', 'Active', 'Casual', '2019-07-07', null, null, null, null, 'Glenelg', 'CC-OPS', 'Non-binary', '1991-07-15', 'EMP-1107', 'emp-michael', 'C', '2027-12-01', '', null, 'Australian citizen', 'Commonwealth Bank', '065-000', '10000107', 'Bank', '', '', 'Australian Super', 'AS-10107', null, 0, 'Casual — no paid leave accrual', '', 'Bulk seed employee 107 for testing', 'SuperUser', 'SuperUser'),
  ('emp-sw-008', 'MaRoZ108', 'Employee', 'Mason Robinson', 'Mason', 'Robinson', 'Mason', '', 'mason.robinson@abilityerp.local', '', '0417 107 149', 'Support Worker', 'Operations', 'Active', 'Full-time', '2020-08-08', null, null, null, null, 'Adelaide HQ', 'CC-OPS', 'Prefer not to say', '1992-08-15', 'EMP-1108', 'emp-michael', 'C', '2027-12-01', '', null, 'Australian citizen', 'Commonwealth Bank', '065-000', '10000108', 'Bank', '', '', 'Australian Super', 'AS-10108', 38, 1, 'Standard award — 4 weeks annual', '', 'Bulk seed employee 108 for testing', 'SuperUser', 'SuperUser'),
  ('emp-sw-009', 'RuClE109', 'Employee', 'Ruby Clark', 'Ruby', 'Clark', 'Ruby', '', 'ruby.clark@abilityerp.local', '', '0418 108 156', 'Support Worker', 'Operations', 'Active', 'Part-time', '2021-09-09', null, null, null, null, 'Murray Bridge', 'CC-OPS', 'Female', '1993-09-15', 'EMP-1109', 'emp-michael', 'C', '2027-12-01', '', null, 'Australian citizen', 'Commonwealth Bank', '065-000', '10000109', 'Bank', '', '', 'Australian Super', 'AS-10109', 22, 0.58, 'Standard award — 4 weeks annual', '', 'Bulk seed employee 109 for testing', 'SuperUser', 'SuperUser'),
  ('emp-sw-010', 'LuLeY110', 'Employee', 'Lucas Lewis', 'Lucas', 'Lewis', 'Lucas', '', 'lucas.lewis@abilityerp.local', '', '0419 109 163', 'Support Worker', 'Operations', 'Active', 'Casual', '2022-10-10', null, null, null, null, 'Southern', 'CC-OPS', 'Male', '1994-10-15', 'EMP-1110', 'emp-michael', 'C', '2027-12-01', '', null, 'Australian citizen', 'Commonwealth Bank', '065-000', '10000110', 'Bank', '', '', 'Australian Super', 'AS-10110', null, 0, 'Casual — no paid leave accrual', '', 'Bulk seed employee 110 for testing', 'SuperUser', 'SuperUser'),
  ('emp-sw-011', 'GrLeT111', 'Employee', 'Grace Lee', 'Grace', 'Lee', 'Grace', '', 'grace.lee@abilityerp.local', '', '0420 110 170', 'Support Worker', 'Operations', 'Active', 'Full-time', '2023-11-11', null, null, null, null, 'Northern', 'CC-OPS', 'Non-binary', '1995-11-15', 'EMP-1111', 'emp-oliver', 'C', '2027-12-01', '', null, 'Australian citizen', 'Commonwealth Bank', '065-000', '10000111', 'Bank', '', '', 'Australian Super', 'AS-10111', 38, 1, 'Standard award — 4 weeks annual', '', 'Bulk seed employee 111 for testing', 'SuperUser', 'SuperUser'),
  ('emp-sw-012', 'HeWaU112', 'Employee', 'Henry Walker', 'Henry', 'Walker', 'Henry', '', 'henry.walker@abilityerp.local', '', '0421 111 177', 'Support Worker', 'Operations', 'Active', 'Part-time', '2024-12-12', null, null, null, null, 'Glenelg', 'CC-OPS', 'Prefer not to say', '1996-12-15', 'EMP-1112', 'emp-michael', 'C', '2027-12-01', '', null, 'Australian citizen', 'Commonwealth Bank', '065-000', '10000112', 'Bank', '', '', 'Australian Super', 'AS-10112', 22, 0.58, 'Standard award — 4 weeks annual', '', 'Bulk seed employee 112 for testing', 'SuperUser', 'SuperUser'),
  ('emp-sw-013', 'ElHaR113', 'Employee', 'Ella Hall', 'Ella', 'Hall', 'Ella', '', 'ella.hall@abilityerp.local', '', '0422 112 184', 'Support Worker', 'Operations', 'Active', 'Casual', '2019-01-13', null, null, null, null, 'Adelaide HQ', 'CC-OPS', 'Female', '1997-01-15', 'EMP-1113', 'emp-michael', 'C', '2027-12-01', '', null, 'Australian citizen', 'Commonwealth Bank', '065-000', '10000113', 'Bank', '', '', 'Australian Super', 'AS-10113', null, 0, 'Casual — no paid leave accrual', '', 'Bulk seed employee 113 for testing', 'SuperUser', 'SuperUser'),
  ('emp-sw-014', 'JaAlW114', 'Employee', 'Jack Allen', 'Jack', 'Allen', 'Jack', '', 'jack.allen@abilityerp.local', '', '0423 113 191', 'Support Worker', 'Operations', 'Active', 'Full-time', '2020-02-14', null, null, null, null, 'Murray Bridge', 'CC-OPS', 'Male', '1998-02-15', 'EMP-1114', 'emp-michael', 'C', '2027-12-01', '', null, 'Australian citizen', 'Commonwealth Bank', '065-000', '10000114', 'Bank', '', '', 'Australian Super', 'AS-10114', 38, 1, 'Standard award — 4 weeks annual', '', 'Bulk seed employee 114 for testing', 'SuperUser', 'SuperUser'),
  ('emp-sw-015', 'SoYoF115', 'Employee', 'Sophie Young', 'Sophie', 'Young', 'Sophie', '', 'sophie.young@abilityerp.local', '', '0424 114 198', 'Support Worker', 'Operations', 'Active', 'Part-time', '2021-03-15', null, null, null, null, 'Southern', 'CC-OPS', 'Non-binary', '1999-03-15', 'EMP-1115', 'emp-michael', 'C', '2027-12-01', '', null, 'Australian citizen', 'Commonwealth Bank', '065-000', '10000115', 'Bank', '', '', 'Australian Super', 'AS-10115', 22, 0.58, 'Standard award — 4 weeks annual', '', 'Bulk seed employee 115 for testing', 'SuperUser', 'SuperUser'),
  ('emp-sw-016', 'LeKiY116', 'Employee', 'Levi King', 'Levi', 'King', 'Levi', '', 'levi.king@abilityerp.local', '', '0425 115 205', 'Support Worker', 'Operations', 'Active', 'Casual', '2022-04-16', null, null, null, null, 'Northern', 'CC-OPS', 'Prefer not to say', '1985-04-15', 'EMP-1116', 'emp-oliver', 'C', '2027-12-01', '', null, 'Australian citizen', 'Commonwealth Bank', '065-000', '10000116', 'Bank', '', '', 'Australian Super', 'AS-10116', null, 0, 'Casual — no paid leave accrual', '', 'Bulk seed employee 116 for testing', 'SuperUser', 'SuperUser'),
  ('emp-sw-017', 'AmWrN117', 'Employee', 'Amelia Wright', 'Amelia', 'Wright', 'Amelia', '', 'amelia.wright@abilityerp.local', '', '0426 116 212', 'Support Worker', 'Operations', 'Active', 'Full-time', '2023-05-17', null, null, null, null, 'Glenelg', 'CC-OPS', 'Female', '1986-05-15', 'EMP-1117', 'emp-michael', 'C', '2027-12-01', '', null, 'Australian citizen', 'Commonwealth Bank', '065-000', '10000117', 'Bank', '', '', 'Australian Super', 'AS-10117', 38, 1, 'Standard award — 4 weeks annual', '', 'Bulk seed employee 117 for testing', 'SuperUser', 'SuperUser'),
  ('emp-sw-018', 'OsScB118', 'Employee', 'Oscar Scott', 'Oscar', 'Scott', 'Oscar', '', 'oscar.scott@abilityerp.local', '', '0427 117 219', 'Support Worker', 'Operations', 'Active', 'Part-time', '2024-06-18', null, null, null, null, 'Adelaide HQ', 'CC-OPS', 'Male', '1987-06-15', 'EMP-1118', 'emp-michael', 'C', '2027-12-01', '', null, 'Australian citizen', 'Commonwealth Bank', '065-000', '10000118', 'Bank', '', '', 'Australian Super', 'AS-10118', 22, 0.58, 'Standard award — 4 weeks annual', '', 'Bulk seed employee 118 for testing', 'SuperUser', 'SuperUser'),
  ('emp-sw-019', 'HaGrU119', 'Employee', 'Harper Green', 'Harper', 'Green', 'Harper', '', 'harper.green@abilityerp.local', '', '0428 118 226', 'Support Worker', 'Operations', 'Active', 'Casual', '2019-07-19', null, null, null, null, 'Murray Bridge', 'CC-OPS', 'Non-binary', '1988-07-15', 'EMP-1119', 'emp-michael', 'C', '2027-12-01', '', null, 'Australian citizen', 'Commonwealth Bank', '065-000', '10000119', 'Bank', '', '', 'Australian Super', 'AS-10119', null, 0, 'Casual — no paid leave accrual', '', 'Bulk seed employee 119 for testing', 'SuperUser', 'SuperUser'),
  ('emp-sw-020', 'FiBaS120', 'Employee', 'Finn Baker', 'Finn', 'Baker', 'Finn', '', 'finn.baker@abilityerp.local', '', '0429 119 233', 'Support Worker', 'Operations', 'Active', 'Full-time', '2020-08-20', null, null, null, null, 'Southern', 'CC-OPS', 'Prefer not to say', '1989-08-15', 'EMP-1120', 'emp-michael', 'C', '2027-12-01', '', null, 'Australian citizen', 'Commonwealth Bank', '065-000', '10000120', 'Bank', '', '', 'Australian Super', 'AS-10120', 38, 1, 'Standard award — 4 weeks annual', '', 'Bulk seed employee 120 for testing', 'SuperUser', 'SuperUser'),
  ('emp-sw-021', 'IsAdV121', 'Employee', 'Isabella Adams', 'Isabella', 'Adams', 'Isabella', '', 'isabella.adams@abilityerp.local', '', '0430 120 240', 'Support Worker', 'Operations', 'Active', 'Part-time', '2021-09-21', null, null, null, null, 'Northern', 'CC-OPS', 'Female', '1990-09-15', 'EMP-1121', 'emp-oliver', 'C', '2027-12-01', '', null, 'Australian citizen', 'Commonwealth Bank', '065-000', '10000121', 'Bank', '', '', 'Australian Super', 'AS-10121', 22, 0.58, 'Standard award — 4 weeks annual', '', 'Bulk seed employee 121 for testing', 'SuperUser', 'SuperUser'),
  ('emp-sw-022', 'ArNeN122', 'Employee', 'Archie Nelson', 'Archie', 'Nelson', 'Archie', '', 'archie.nelson@abilityerp.local', '', '0431 121 247', 'Support Worker', 'Operations', 'Active', 'Casual', '2022-10-22', null, null, null, null, 'Glenelg', 'CC-OPS', 'Male', '1991-10-15', 'EMP-1122', 'emp-michael', 'C', '2027-12-01', '', null, 'Australian citizen', 'Commonwealth Bank', '065-000', '10000122', 'Bank', '', '', 'Australian Super', 'AS-10122', null, 0, 'Casual — no paid leave accrual', '', 'Bulk seed employee 122 for testing', 'SuperUser', 'SuperUser'),
  ('emp-sw-023', 'ChCaP123', 'Employee', 'Charlotte Carter', 'Charlotte', 'Carter', 'Charlotte', '', 'charlotte.carter@abilityerp.local', '', '0432 122 254', 'Support Worker', 'Operations', 'Active', 'Full-time', '2023-11-23', null, null, null, null, 'Adelaide HQ', 'CC-OPS', 'Non-binary', '1992-11-15', 'EMP-1123', 'emp-michael', 'C', '2027-12-01', '', null, 'Australian citizen', 'Commonwealth Bank', '065-000', '10000123', 'Bank', '', '', 'Australian Super', 'AS-10123', 38, 1, 'Standard award — 4 weeks annual', '', 'Bulk seed employee 123 for testing', 'SuperUser', 'SuperUser'),
  ('emp-sw-024', 'ThMiG124', 'Employee', 'Theo Mitchell', 'Theo', 'Mitchell', 'Theo', '', 'theo.mitchell@abilityerp.local', '', '0433 123 261', 'Support Worker', 'Operations', 'Active', 'Part-time', '2024-12-24', null, null, null, null, 'Murray Bridge', 'CC-OPS', 'Prefer not to say', '1993-12-15', 'EMP-1124', 'emp-michael', 'C', '2027-12-01', '', null, 'Australian citizen', 'Commonwealth Bank', '065-000', '10000124', 'Bank', '', '', 'Australian Super', 'AS-10124', 22, 0.58, 'Standard award — 4 weeks annual', '', 'Bulk seed employee 124 for testing', 'SuperUser', 'SuperUser'),
  ('emp-sw-025', 'LiPeY125', 'Employee', 'Lily Perez', 'Lily', 'Perez', 'Lily', '', 'lily.perez@abilityerp.local', '', '0434 124 268', 'Support Worker', 'Operations', 'Active', 'Casual', '2019-01-25', null, null, null, null, 'Southern', 'CC-OPS', 'Female', '1994-01-15', 'EMP-1125', 'emp-michael', 'C', '2027-12-01', '', null, 'Australian citizen', 'Commonwealth Bank', '065-000', '10000125', 'Bank', '', '', 'Australian Super', 'AS-10125', null, 0, 'Casual — no paid leave accrual', '', 'Bulk seed employee 125 for testing', 'SuperUser', 'SuperUser'),
  ('emp-sw-026', 'HuRoU126', 'Employee', 'Hudson Roberts', 'Hudson', 'Roberts', 'Hudson', '', 'hudson.roberts@abilityerp.local', '', '0435 125 275', 'Support Worker', 'Operations', 'Active', 'Full-time', '2020-02-26', null, null, null, null, 'Northern', 'CC-OPS', 'Male', '1995-02-15', 'EMP-1126', 'emp-oliver', 'C', '2027-12-01', '', null, 'Australian citizen', 'Commonwealth Bank', '065-000', '10000126', 'Bank', '', '', 'Australian Super', 'AS-10126', 38, 1, 'Standard award — 4 weeks annual', '', 'Bulk seed employee 126 for testing', 'SuperUser', 'SuperUser'),
  ('emp-sw-027', 'EvTuR127', 'Employee', 'Evie Turner', 'Evie', 'Turner', 'Evie', '', 'evie.turner@abilityerp.local', '', '0436 126 282', 'Support Worker', 'Operations', 'Active', 'Part-time', '2021-03-27', null, null, null, null, 'Glenelg', 'CC-OPS', 'Non-binary', '1996-03-15', 'EMP-1127', 'emp-michael', 'C', '2027-12-01', '', null, 'Australian citizen', 'Commonwealth Bank', '065-000', '10000127', 'Bank', '', '', 'Australian Super', 'AS-10127', 22, 0.58, 'Standard award — 4 weeks annual', '', 'Bulk seed employee 127 for testing', 'SuperUser', 'SuperUser'),
  ('emp-sw-028', 'CoPhP128', 'Employee', 'Cooper Phillips', 'Cooper', 'Phillips', 'Cooper', '', 'cooper.phillips@abilityerp.local', '', '0437 127 289', 'Support Worker', 'Operations', 'Active', 'Casual', '2022-04-01', null, null, null, null, 'Adelaide HQ', 'CC-OPS', 'Prefer not to say', '1997-04-15', 'EMP-1128', 'emp-michael', 'C', '2027-12-01', '', null, 'Australian citizen', 'Commonwealth Bank', '065-000', '10000128', 'Bank', '', '', 'Australian Super', 'AS-10128', null, 0, 'Casual — no paid leave accrual', '', 'Bulk seed employee 128 for testing', 'SuperUser', 'SuperUser'),
  ('emp-sw-029', 'SiCaF129', 'Employee', 'Sienna Campbell', 'Sienna', 'Campbell', 'Sienna', '', 'sienna.campbell@abilityerp.local', '', '0438 128 296', 'Support Worker', 'Operations', 'Active', 'Full-time', '2023-05-02', null, null, null, null, 'Murray Bridge', 'CC-OPS', 'Female', '1998-05-15', 'EMP-1129', 'emp-michael', 'C', '2027-12-01', '', null, 'Australian citizen', 'Commonwealth Bank', '065-000', '10000129', 'Bank', '', '', 'Australian Super', 'AS-10129', 38, 1, 'Standard award — 4 weeks annual', '', 'Bulk seed employee 129 for testing', 'SuperUser', 'SuperUser'),
  ('emp-sw-030', 'XaPaK130', 'Employee', 'Xavier Parker', 'Xavier', 'Parker', 'Xavier', '', 'xavier.parker@abilityerp.local', '', '0439 129 303', 'Support Worker', 'Operations', 'Active', 'Part-time', '2024-06-03', null, null, null, null, 'Southern', 'CC-OPS', 'Male', '1999-06-15', 'EMP-1130', 'emp-michael', 'C', '2027-12-01', '', null, 'Australian citizen', 'Commonwealth Bank', '065-000', '10000130', 'Bank', '', '', 'Australian Super', 'AS-10130', 22, 0.58, 'Standard award — 4 weeks annual', '', 'Bulk seed employee 130 for testing', 'SuperUser', 'SuperUser'),
  ('emp-sw-031', 'MaEvZ131', 'Employee', 'Matilda Evans', 'Matilda', 'Evans', 'Matilda', '', 'matilda.evans@abilityerp.local', '', '0440 130 310', 'Support Worker', 'Operations', 'Active', 'Casual', '2019-07-04', null, null, null, null, 'Northern', 'CC-OPS', 'Non-binary', '1985-07-15', 'EMP-1131', 'emp-oliver', 'C', '2027-12-01', '', null, 'Australian citizen', 'Commonwealth Bank', '065-000', '10000131', 'Bank', '', '', 'Australian Super', 'AS-10131', null, 0, 'Casual — no paid leave accrual', '', 'Bulk seed employee 131 for testing', 'SuperUser', 'SuperUser'),
  ('emp-sw-032', 'KaEdX132', 'Employee', 'Kai Edwards', 'Kai', 'Edwards', 'Kai', '', 'kai.edwards@abilityerp.local', '', '0441 131 317', 'Support Worker', 'Operations', 'Active', 'Full-time', '2020-08-05', null, null, null, null, 'Glenelg', 'CC-OPS', 'Prefer not to say', '1986-08-15', 'EMP-1132', 'emp-michael', 'C', '2027-12-01', '', null, 'Australian citizen', 'Commonwealth Bank', '065-000', '10000132', 'Bank', '', '', 'Australian Super', 'AS-10132', 38, 1, 'Standard award — 4 weeks annual', '', 'Bulk seed employee 132 for testing', 'SuperUser', 'SuperUser'),
  ('emp-staff-133', 'PiCoC133', 'Employee', 'Piper Collins', 'Piper', 'Collins', 'Piper', '', 'piper.collins@abilityerp.local', '', '0442 132 324', 'Team Leader', 'Operations', 'Active', 'Full-time', '2021-09-06', null, null, null, null, 'Adelaide HQ', 'CC-OPS', 'Female', '1987-09-15', 'EMP-1133', 'emp-michael', 'C', '2027-12-01', '', null, 'Australian citizen', 'Commonwealth Bank', '065-000', '10000133', 'Bank', '', '', 'Australian Super', 'AS-10133', 38, 1, 'Standard award — 4 weeks annual', '', 'Bulk seed employee 133 for testing', 'SuperUser', 'SuperUser'),
  ('emp-staff-134', 'JaStW134', 'Employee', 'Jasper Stewart', 'Jasper', 'Stewart', 'Jasper', '', 'jasper.stewart@abilityerp.local', '', '0443 133 331', 'Team Leader', 'Operations', 'Active', 'Full-time', '2022-10-07', null, null, null, null, 'Murray Bridge', 'CC-OPS', 'Male', '1988-10-15', 'EMP-1134', 'emp-michael', 'C', '2027-12-01', '', null, 'Australian citizen', 'Commonwealth Bank', '065-000', '10000134', 'Bank', '', '', 'Australian Super', 'AS-10134', 38, 1, 'Standard award — 4 weeks annual', '', 'Bulk seed employee 134 for testing', 'SuperUser', 'SuperUser'),
  ('emp-staff-135', 'WiMoJ135', 'Employee', 'Willow Morris', 'Willow', 'Morris', 'Willow', '', 'willow.morris@abilityerp.local', '', '0444 134 338', 'Team Leader', 'Operations', 'Active', 'Full-time', '2023-11-08', null, null, null, null, 'Southern', 'CC-OPS', 'Non-binary', '1989-11-15', 'EMP-1135', 'emp-michael', 'C', '2027-12-01', '', null, 'Australian citizen', 'Commonwealth Bank', '065-000', '10000135', 'Bank', '', '', 'Australian Super', 'AS-10135', 38, 1, 'Standard award — 4 weeks annual', '', 'Bulk seed employee 135 for testing', 'SuperUser', 'SuperUser'),
  ('emp-staff-136', 'ArRoN136', 'Employee', 'Arlo Rogers', 'Arlo', 'Rogers', 'Arlo', '', 'arlo.rogers@abilityerp.local', '', '0445 135 345', 'Team Leader', 'Operations', 'Active', 'Full-time', '2024-12-09', null, null, null, null, 'Northern', 'CC-OPS', 'Prefer not to say', '1990-12-15', 'EMP-1136', 'emp-michael', 'C', '2027-12-01', '', null, 'Australian citizen', 'Commonwealth Bank', '065-000', '10000136', 'Bank', '', '', 'Australian Super', 'AS-10136', 38, 1, 'Standard award — 4 weeks annual', '', 'Bulk seed employee 136 for testing', 'SuperUser', 'SuperUser'),
  ('emp-staff-137', 'IvReV137', 'Employee', 'Ivy Reed', 'Ivy', 'Reed', 'Ivy', '', 'ivy.reed@abilityerp.local', '', '0446 136 352', 'Team Leader', 'Operations', 'Active', 'Full-time', '2019-01-10', null, null, null, null, 'Glenelg', 'CC-OPS', 'Female', '1991-01-15', 'EMP-1137', 'emp-michael', 'C', '2027-12-01', '', null, 'Australian citizen', 'Commonwealth Bank', '065-000', '10000137', 'Bank', '', '', 'Australian Super', 'AS-10137', 38, 1, 'Standard award — 4 weeks annual', '', 'Bulk seed employee 137 for testing', 'SuperUser', 'SuperUser'),
  ('emp-staff-138', 'FeCoS138', 'Employee', 'Felix Cook', 'Felix', 'Cook', 'Felix', '', 'felix.cook@abilityerp.local', '', '0447 137 359', 'Team Leader', 'Operations', 'Active', 'Full-time', '2020-02-11', null, null, null, null, 'Adelaide HQ', 'CC-OPS', 'Male', '1992-02-15', 'EMP-1138', 'emp-michael', 'C', '2027-12-01', '', null, 'Australian citizen', 'Commonwealth Bank', '065-000', '10000138', 'Bank', '', '', 'Australian Super', 'AS-10138', 38, 1, 'Standard award — 4 weeks annual', '', 'Bulk seed employee 138 for testing', 'SuperUser', 'SuperUser'),
  ('emp-staff-139', 'HaMoU139', 'Employee', 'Hazel Morgan', 'Hazel', 'Morgan', 'Hazel', '', 'hazel.morgan@abilityerp.local', '', '0448 138 366', 'Intake Officer', 'Intake', 'Active', 'Casual', '2021-03-12', null, null, null, null, 'Adelaide HQ', 'CC-INTAKE', 'Non-binary', '1993-03-15', 'EMP-1139', 'emp-gabriela', '', null, '', null, 'Australian citizen', 'Commonwealth Bank', '065-000', '10000139', 'Bank', '', '', 'Australian Super', 'AS-10139', null, 0, 'Casual — no paid leave accrual', '', 'Bulk seed employee 139 for testing', 'SuperUser', 'SuperUser'),
  ('emp-staff-140', 'MiBeZ140', 'Employee', 'Miles Bell', 'Miles', 'Bell', 'Miles', '', 'miles.bell@abilityerp.local', '', '0449 139 373', 'Intake Officer', 'Intake', 'Active', 'Full-time', '2022-04-13', null, null, null, null, 'Adelaide HQ', 'CC-INTAKE', 'Prefer not to say', '1994-04-15', 'EMP-1140', 'emp-gabriela', '', null, '', null, 'Australian citizen', 'Commonwealth Bank', '065-000', '10000140', 'Bank', '', '', 'Australian Super', 'AS-10140', 38, 1, 'Standard award — 4 weeks annual', '', 'Bulk seed employee 140 for testing', 'SuperUser', 'SuperUser'),
  ('emp-staff-141', 'StMuF141', 'Employee', 'Stella Murray', 'Stella', 'Murray', 'Stella', '', 'stella.murray@abilityerp.local', '', '0450 140 380', 'Intake Officer', 'Intake', 'Active', 'Part-time', '2023-05-14', null, null, null, null, 'Adelaide HQ', 'CC-INTAKE', 'Female', '1995-05-15', 'EMP-1141', 'emp-gabriela', '', null, '', null, 'Australian citizen', 'Commonwealth Bank', '065-000', '10000141', 'Bank', '', '', 'Australian Super', 'AS-10141', 22, 0.58, 'Standard award — 4 weeks annual', '', 'Bulk seed employee 141 for testing', 'SuperUser', 'SuperUser'),
  ('emp-staff-142', 'DeBaQ142', 'Employee', 'Declan Bailey', 'Declan', 'Bailey', 'Declan', '', 'declan.bailey@abilityerp.local', '', '0451 141 387', 'Intake Officer', 'Intake', 'Active', 'Casual', '2024-06-15', null, null, null, null, 'Adelaide HQ', 'CC-INTAKE', 'Male', '1996-06-15', 'EMP-1142', 'emp-gabriela', '', null, '', null, 'Australian citizen', 'Commonwealth Bank', '065-000', '10000142', 'Bank', '', '', 'Australian Super', 'AS-10142', null, 0, 'Casual — no paid leave accrual', '', 'Bulk seed employee 142 for testing', 'SuperUser', 'SuperUser'),
  ('emp-staff-143', 'ViCoI143', 'Employee', 'Violet Cooper', 'Violet', 'Cooper', 'Violet', '', 'violet.cooper@abilityerp.local', '', '0452 142 394', 'Intake Officer', 'Intake', 'Active', 'Full-time', '2019-07-16', null, null, null, null, 'Adelaide HQ', 'CC-INTAKE', 'Non-binary', '1997-07-15', 'EMP-1143', 'emp-gabriela', '', null, '', null, 'Australian citizen', 'Commonwealth Bank', '065-000', '10000143', 'Bank', '', '', 'Australian Super', 'AS-10143', 38, 1, 'Standard award — 4 weeks annual', '', 'Bulk seed employee 143 for testing', 'SuperUser', 'SuperUser'),
  ('emp-staff-144', 'ElNgR144', 'Employee', 'Elijah Nguyen', 'Elijah', 'Nguyen', 'Elijah', '', 'elijah.nguyen@abilityerp.local', '', '0453 143 401', 'Finance Officer', 'Finance', 'Active', 'Full-time', '2020-08-17', null, null, null, null, 'Adelaide HQ', 'CC-FIN', 'Prefer not to say', '1998-08-15', 'EMP-1144', null, '', null, '', null, 'Australian citizen', 'Commonwealth Bank', '065-000', '10000144', 'Bank', '', '', 'Australian Super', 'AS-10144', 38, 1, 'Standard award — 4 weeks annual', '', 'Bulk seed employee 144 for testing', 'SuperUser', 'SuperUser'),
  ('emp-staff-145', 'AuPaN145', 'Employee', 'Audrey Patel', 'Audrey', 'Patel', 'Audrey', '', 'audrey.patel@abilityerp.local', '', '0454 144 408', 'Quality Officer', 'Quality', 'Active', 'Full-time', '2021-09-18', null, null, null, null, 'Adelaide HQ', 'CC-QUALITY', 'Female', '1999-09-15', 'EMP-1145', null, '', null, '', null, 'Australian citizen', 'Commonwealth Bank', '065-000', '10000145', 'Bank', '', '', 'Australian Super', 'AS-10145', 38, 1, 'Standard award — 4 weeks annual', '', 'Bulk seed employee 145 for testing', 'SuperUser', 'SuperUser'),
  ('emp-staff-146', 'CaMuP146', 'Employee', 'Caleb Murphy', 'Caleb', 'Murphy', 'Caleb', '', 'caleb.murphy@abilityerp.local', '', '0455 145 415', 'HR Officer', 'HR', 'Active', 'Full-time', '2022-10-19', null, null, null, null, 'Adelaide HQ', 'CC-HR', 'Male', '1985-10-15', 'EMP-1146', null, '', null, '', null, 'Australian citizen', 'Commonwealth Bank', '065-000', '10000146', 'Bank', '', '', 'Australian Super', 'AS-10146', 38, 1, 'Standard award — 4 weeks annual', '', 'Bulk seed employee 146 for testing', 'SuperUser', 'SuperUser'),
  ('emp-staff-147', 'NaSiA147', 'Employee', 'Naomi Singh', 'Naomi', 'Singh', 'Naomi', '', 'naomi.singh@abilityerp.local', '', '0456 146 422', 'Finance Officer', 'Finance', 'Active', 'Full-time', '2023-11-20', null, null, null, null, 'Adelaide HQ', 'CC-FIN', 'Non-binary', '1986-11-15', 'EMP-1147', null, '', null, '', null, 'Australian citizen', 'Commonwealth Bank', '065-000', '10000147', 'Bank', '', '', 'Australian Super', 'AS-10147', 38, 1, 'Standard award — 4 weeks annual', '', 'Bulk seed employee 147 for testing', 'SuperUser', 'SuperUser'),
  ('emp-staff-148', 'JoBrW148', 'Employee', 'Jonah Brown', 'Jonah', 'Brown', 'Jonah', '', 'jonah.brown@abilityerp.local', '', '0457 147 429', 'Compliance Analyst', 'Quality', 'Active', 'Full-time', '2024-12-21', null, null, null, null, 'Adelaide HQ', 'CC-QUALITY', 'Prefer not to say', '1987-12-15', 'EMP-1148', 'emp-jessica', '', null, '', null, 'Australian citizen', 'Commonwealth Bank', '065-000', '10000148', 'Bank', '', '', 'Australian Super', 'AS-10148', 38, 1, 'Standard award — 4 weeks annual', '', 'Bulk seed employee 148 for testing', 'SuperUser', 'SuperUser'),
  ('emp-staff-149', 'ClTaP149', 'Employee', 'Clara Taylor', 'Clara', 'Taylor', 'Clara', '', 'clara.taylor@abilityerp.local', '', '0458 148 436', 'Plan Developer', 'Client services', 'Active', 'Full-time', '2019-01-22', null, null, null, null, 'Adelaide HQ', 'CC-CLIENT', 'Female', '1988-01-15', 'EMP-1149', 'emp-rose', '', null, '', null, 'Australian citizen', 'Commonwealth Bank', '065-000', '10000149', 'Bank', '', '', 'Australian Super', 'AS-10149', 38, 1, 'Standard award — 4 weeks annual', '', 'Bulk seed employee 149 for testing', 'SuperUser', 'SuperUser'),
  ('emp-staff-150', 'ReAnE150', 'Employee', 'Reid Anderson', 'Reid', 'Anderson', 'Reid', '', 'reid.anderson@abilityerp.local', '', '0459 149 443', 'Contract Administrator', 'Finance', 'Active', 'Full-time', '2020-02-23', null, null, null, null, 'Adelaide HQ', 'CC-FIN', 'Male', '1989-02-15', 'EMP-1150', 'emp-jessica', '', null, '', null, 'Australian citizen', 'Commonwealth Bank', '065-000', '10000150', 'Bank', '', '', 'Australian Super', 'AS-10150', 38, 1, 'Standard award — 4 weeks annual', '', 'Bulk seed employee 150 for testing', 'SuperUser', 'SuperUser')
on conflict (id) do update set
  search_key = excluded.search_key, name = excluded.name, employment_type = excluded.employment_type, reports_to_id = excluded.reports_to_id, employment_status = excluded.employment_status, updated_by = excluded.updated_by;

insert into public.employee_location (
  id, employee_id, line_no, name, address_type, address1, address2, address3, city, state, postcode, country, phone, mobile, email, primary_address, active, valid_from, valid_to, access_notes, description
)
values
  ('loc-isla-home', 'emp-isla', 1, 'Home', 'Home', '12 Ward Street', '', '', 'Adelaide', 'SA', '5000', 'Australia', '08 8294 1100', '0412 111 222', 'isla.robinson@abilityerp.local', 'Yes', 'Yes', '2019-03-01', null, '', ''),
  ('loc-isla-postal', 'emp-isla', 2, 'Postal', 'Postal', 'PO Box 442', '', '', 'Adelaide', 'SA', '5001', 'Australia', '', '', '', 'No', 'Yes', '2019-03-01', null, '', ''),
  ('loc-gab-home', 'emp-gabriela', 1, 'Home', 'Home', '8 King William Street', 'Unit 4', '', 'Adelaide', 'SA', '5000', 'Australia', '', '0413 222 333', 'gabriela.wilson@abilityerp.local', 'Yes', 'Yes', '2020-06-15', null, '', ''),
  ('loc-emp-sw-001-home', 'emp-sw-001', 1, 'Home', 'Home', '10 Oak Street', '', '', 'Adelaide', 'SA', '5000', 'Australia', '', '0410 100 100', 'ava.thomas@abilityerp.local', 'Yes', 'Yes', '2019-01-01', null, '', ''),
  ('loc-emp-sw-002-home', 'emp-sw-002', 1, 'Home', 'Home', '11 Pine Street', '', '', 'Glenelg', 'SA', '5001', 'Australia', '', '0411 101 107', 'noah.jackson@abilityerp.local', 'Yes', 'Yes', '2020-02-02', null, '', ''),
  ('loc-emp-sw-003-home', 'emp-sw-003', 1, 'Home', 'Home', '12 River Street', '', '', 'Salisbury', 'SA', '5002', 'Australia', '', '0412 102 114', 'mia.white@abilityerp.local', 'Yes', 'Yes', '2021-03-03', null, '', ''),
  ('loc-emp-sw-004-home', 'emp-sw-004', 1, 'Home', 'Home', '13 Station Street', '', '', 'Murray Bridge', 'SA', '5003', 'Australia', '', '0413 103 121', 'liam.harris@abilityerp.local', 'Yes', 'Yes', '2022-04-04', null, '', ''),
  ('loc-emp-sw-005-home', 'emp-sw-005', 1, 'Home', 'Home', '14 Main Street', '', '', 'Noarlunga', 'SA', '5004', 'Australia', '', '0414 104 128', 'zoe.martin@abilityerp.local', 'Yes', 'Yes', '2023-05-05', null, '', ''),
  ('loc-emp-sw-006-home', 'emp-sw-006', 1, 'Home', 'Home', '15 Oak Street', '', '', 'Adelaide', 'SA', '5005', 'Australia', '', '0415 105 135', 'ethan.thompson@abilityerp.local', 'Yes', 'Yes', '2024-06-06', null, '', ''),
  ('loc-emp-sw-007-home', 'emp-sw-007', 1, 'Home', 'Home', '16 Pine Street', '', '', 'Glenelg', 'SA', '5006', 'Australia', '', '0416 106 142', 'chloe.garcia@abilityerp.local', 'Yes', 'Yes', '2019-07-07', null, '', ''),
  ('loc-emp-sw-008-home', 'emp-sw-008', 1, 'Home', 'Home', '17 River Street', '', '', 'Salisbury', 'SA', '5007', 'Australia', '', '0417 107 149', 'mason.robinson@abilityerp.local', 'Yes', 'Yes', '2020-08-08', null, '', ''),
  ('loc-emp-sw-009-home', 'emp-sw-009', 1, 'Home', 'Home', '18 Station Street', '', '', 'Murray Bridge', 'SA', '5008', 'Australia', '', '0418 108 156', 'ruby.clark@abilityerp.local', 'Yes', 'Yes', '2021-09-09', null, '', ''),
  ('loc-emp-sw-010-home', 'emp-sw-010', 1, 'Home', 'Home', '19 Main Street', '', '', 'Noarlunga', 'SA', '5009', 'Australia', '', '0419 109 163', 'lucas.lewis@abilityerp.local', 'Yes', 'Yes', '2022-10-10', null, '', ''),
  ('loc-emp-sw-011-home', 'emp-sw-011', 1, 'Home', 'Home', '20 Oak Street', '', '', 'Adelaide', 'SA', '5010', 'Australia', '', '0420 110 170', 'grace.lee@abilityerp.local', 'Yes', 'Yes', '2023-11-11', null, '', ''),
  ('loc-emp-sw-012-home', 'emp-sw-012', 1, 'Home', 'Home', '21 Pine Street', '', '', 'Glenelg', 'SA', '5011', 'Australia', '', '0421 111 177', 'henry.walker@abilityerp.local', 'Yes', 'Yes', '2024-12-12', null, '', ''),
  ('loc-emp-sw-013-home', 'emp-sw-013', 1, 'Home', 'Home', '22 River Street', '', '', 'Salisbury', 'SA', '5012', 'Australia', '', '0422 112 184', 'ella.hall@abilityerp.local', 'Yes', 'Yes', '2019-01-13', null, '', ''),
  ('loc-emp-sw-014-home', 'emp-sw-014', 1, 'Home', 'Home', '23 Station Street', '', '', 'Murray Bridge', 'SA', '5013', 'Australia', '', '0423 113 191', 'jack.allen@abilityerp.local', 'Yes', 'Yes', '2020-02-14', null, '', ''),
  ('loc-emp-sw-015-home', 'emp-sw-015', 1, 'Home', 'Home', '24 Main Street', '', '', 'Noarlunga', 'SA', '5014', 'Australia', '', '0424 114 198', 'sophie.young@abilityerp.local', 'Yes', 'Yes', '2021-03-15', null, '', ''),
  ('loc-emp-sw-016-home', 'emp-sw-016', 1, 'Home', 'Home', '25 Oak Street', '', '', 'Adelaide', 'SA', '5015', 'Australia', '', '0425 115 205', 'levi.king@abilityerp.local', 'Yes', 'Yes', '2022-04-16', null, '', ''),
  ('loc-emp-sw-017-home', 'emp-sw-017', 1, 'Home', 'Home', '26 Pine Street', '', '', 'Glenelg', 'SA', '5016', 'Australia', '', '0426 116 212', 'amelia.wright@abilityerp.local', 'Yes', 'Yes', '2023-05-17', null, '', ''),
  ('loc-emp-sw-018-home', 'emp-sw-018', 1, 'Home', 'Home', '27 River Street', '', '', 'Salisbury', 'SA', '5017', 'Australia', '', '0427 117 219', 'oscar.scott@abilityerp.local', 'Yes', 'Yes', '2024-06-18', null, '', ''),
  ('loc-emp-sw-019-home', 'emp-sw-019', 1, 'Home', 'Home', '28 Station Street', '', '', 'Murray Bridge', 'SA', '5018', 'Australia', '', '0428 118 226', 'harper.green@abilityerp.local', 'Yes', 'Yes', '2019-07-19', null, '', ''),
  ('loc-emp-sw-020-home', 'emp-sw-020', 1, 'Home', 'Home', '29 Main Street', '', '', 'Noarlunga', 'SA', '5019', 'Australia', '', '0429 119 233', 'finn.baker@abilityerp.local', 'Yes', 'Yes', '2020-08-20', null, '', ''),
  ('loc-emp-sw-021-home', 'emp-sw-021', 1, 'Home', 'Home', '30 Oak Street', '', '', 'Adelaide', 'SA', '5020', 'Australia', '', '0430 120 240', 'isabella.adams@abilityerp.local', 'Yes', 'Yes', '2021-09-21', null, '', ''),
  ('loc-emp-sw-022-home', 'emp-sw-022', 1, 'Home', 'Home', '31 Pine Street', '', '', 'Glenelg', 'SA', '5021', 'Australia', '', '0431 121 247', 'archie.nelson@abilityerp.local', 'Yes', 'Yes', '2022-10-22', null, '', ''),
  ('loc-emp-sw-023-home', 'emp-sw-023', 1, 'Home', 'Home', '32 River Street', '', '', 'Salisbury', 'SA', '5022', 'Australia', '', '0432 122 254', 'charlotte.carter@abilityerp.local', 'Yes', 'Yes', '2023-11-23', null, '', ''),
  ('loc-emp-sw-024-home', 'emp-sw-024', 1, 'Home', 'Home', '33 Station Street', '', '', 'Murray Bridge', 'SA', '5023', 'Australia', '', '0433 123 261', 'theo.mitchell@abilityerp.local', 'Yes', 'Yes', '2024-12-24', null, '', ''),
  ('loc-emp-sw-025-home', 'emp-sw-025', 1, 'Home', 'Home', '34 Main Street', '', '', 'Noarlunga', 'SA', '5024', 'Australia', '', '0434 124 268', 'lily.perez@abilityerp.local', 'Yes', 'Yes', '2019-01-25', null, '', ''),
  ('loc-emp-sw-026-home', 'emp-sw-026', 1, 'Home', 'Home', '35 Oak Street', '', '', 'Adelaide', 'SA', '5025', 'Australia', '', '0435 125 275', 'hudson.roberts@abilityerp.local', 'Yes', 'Yes', '2020-02-26', null, '', ''),
  ('loc-emp-sw-027-home', 'emp-sw-027', 1, 'Home', 'Home', '36 Pine Street', '', '', 'Glenelg', 'SA', '5026', 'Australia', '', '0436 126 282', 'evie.turner@abilityerp.local', 'Yes', 'Yes', '2021-03-27', null, '', ''),
  ('loc-emp-sw-028-home', 'emp-sw-028', 1, 'Home', 'Home', '37 River Street', '', '', 'Salisbury', 'SA', '5027', 'Australia', '', '0437 127 289', 'cooper.phillips@abilityerp.local', 'Yes', 'Yes', '2022-04-01', null, '', ''),
  ('loc-emp-sw-029-home', 'emp-sw-029', 1, 'Home', 'Home', '38 Station Street', '', '', 'Murray Bridge', 'SA', '5028', 'Australia', '', '0438 128 296', 'sienna.campbell@abilityerp.local', 'Yes', 'Yes', '2023-05-02', null, '', ''),
  ('loc-emp-sw-030-home', 'emp-sw-030', 1, 'Home', 'Home', '39 Main Street', '', '', 'Noarlunga', 'SA', '5029', 'Australia', '', '0439 129 303', 'xavier.parker@abilityerp.local', 'Yes', 'Yes', '2024-06-03', null, '', ''),
  ('loc-emp-sw-031-home', 'emp-sw-031', 1, 'Home', 'Home', '40 Oak Street', '', '', 'Adelaide', 'SA', '5030', 'Australia', '', '0440 130 310', 'matilda.evans@abilityerp.local', 'Yes', 'Yes', '2019-07-04', null, '', ''),
  ('loc-emp-sw-032-home', 'emp-sw-032', 1, 'Home', 'Home', '41 Pine Street', '', '', 'Glenelg', 'SA', '5031', 'Australia', '', '0441 131 317', 'kai.edwards@abilityerp.local', 'Yes', 'Yes', '2020-08-05', null, '', ''),
  ('loc-emp-staff-133-home', 'emp-staff-133', 1, 'Home', 'Home', '42 River Street', '', '', 'Salisbury', 'SA', '5032', 'Australia', '', '0442 132 324', 'piper.collins@abilityerp.local', 'Yes', 'Yes', '2021-09-06', null, '', ''),
  ('loc-emp-staff-134-home', 'emp-staff-134', 1, 'Home', 'Home', '43 Station Street', '', '', 'Murray Bridge', 'SA', '5033', 'Australia', '', '0443 133 331', 'jasper.stewart@abilityerp.local', 'Yes', 'Yes', '2022-10-07', null, '', ''),
  ('loc-emp-staff-135-home', 'emp-staff-135', 1, 'Home', 'Home', '44 Main Street', '', '', 'Noarlunga', 'SA', '5034', 'Australia', '', '0444 134 338', 'willow.morris@abilityerp.local', 'Yes', 'Yes', '2023-11-08', null, '', ''),
  ('loc-emp-staff-136-home', 'emp-staff-136', 1, 'Home', 'Home', '45 Oak Street', '', '', 'Adelaide', 'SA', '5035', 'Australia', '', '0445 135 345', 'arlo.rogers@abilityerp.local', 'Yes', 'Yes', '2024-12-09', null, '', ''),
  ('loc-emp-staff-137-home', 'emp-staff-137', 1, 'Home', 'Home', '46 Pine Street', '', '', 'Glenelg', 'SA', '5036', 'Australia', '', '0446 136 352', 'ivy.reed@abilityerp.local', 'Yes', 'Yes', '2019-01-10', null, '', ''),
  ('loc-emp-staff-138-home', 'emp-staff-138', 1, 'Home', 'Home', '47 River Street', '', '', 'Salisbury', 'SA', '5037', 'Australia', '', '0447 137 359', 'felix.cook@abilityerp.local', 'Yes', 'Yes', '2020-02-11', null, '', ''),
  ('loc-emp-staff-139-home', 'emp-staff-139', 1, 'Home', 'Home', '48 Station Street', '', '', 'Murray Bridge', 'SA', '5038', 'Australia', '', '0448 138 366', 'hazel.morgan@abilityerp.local', 'Yes', 'Yes', '2021-03-12', null, '', ''),
  ('loc-emp-staff-140-home', 'emp-staff-140', 1, 'Home', 'Home', '49 Main Street', '', '', 'Noarlunga', 'SA', '5039', 'Australia', '', '0449 139 373', 'miles.bell@abilityerp.local', 'Yes', 'Yes', '2022-04-13', null, '', ''),
  ('loc-emp-staff-141-home', 'emp-staff-141', 1, 'Home', 'Home', '50 Oak Street', '', '', 'Adelaide', 'SA', '5040', 'Australia', '', '0450 140 380', 'stella.murray@abilityerp.local', 'Yes', 'Yes', '2023-05-14', null, '', ''),
  ('loc-emp-staff-142-home', 'emp-staff-142', 1, 'Home', 'Home', '51 Pine Street', '', '', 'Glenelg', 'SA', '5041', 'Australia', '', '0451 141 387', 'declan.bailey@abilityerp.local', 'Yes', 'Yes', '2024-06-15', null, '', ''),
  ('loc-emp-staff-143-home', 'emp-staff-143', 1, 'Home', 'Home', '52 River Street', '', '', 'Salisbury', 'SA', '5042', 'Australia', '', '0452 142 394', 'violet.cooper@abilityerp.local', 'Yes', 'Yes', '2019-07-16', null, '', ''),
  ('loc-emp-staff-144-home', 'emp-staff-144', 1, 'Home', 'Home', '53 Station Street', '', '', 'Murray Bridge', 'SA', '5043', 'Australia', '', '0453 143 401', 'elijah.nguyen@abilityerp.local', 'Yes', 'Yes', '2020-08-17', null, '', ''),
  ('loc-emp-staff-145-home', 'emp-staff-145', 1, 'Home', 'Home', '54 Main Street', '', '', 'Noarlunga', 'SA', '5044', 'Australia', '', '0454 144 408', 'audrey.patel@abilityerp.local', 'Yes', 'Yes', '2021-09-18', null, '', ''),
  ('loc-emp-staff-146-home', 'emp-staff-146', 1, 'Home', 'Home', '55 Oak Street', '', '', 'Adelaide', 'SA', '5045', 'Australia', '', '0455 145 415', 'caleb.murphy@abilityerp.local', 'Yes', 'Yes', '2022-10-19', null, '', ''),
  ('loc-emp-staff-147-home', 'emp-staff-147', 1, 'Home', 'Home', '56 Pine Street', '', '', 'Glenelg', 'SA', '5046', 'Australia', '', '0456 146 422', 'naomi.singh@abilityerp.local', 'Yes', 'Yes', '2023-11-20', null, '', ''),
  ('loc-emp-staff-148-home', 'emp-staff-148', 1, 'Home', 'Home', '57 River Street', '', '', 'Salisbury', 'SA', '5047', 'Australia', '', '0457 147 429', 'jonah.brown@abilityerp.local', 'Yes', 'Yes', '2024-12-21', null, '', ''),
  ('loc-emp-staff-149-home', 'emp-staff-149', 1, 'Home', 'Home', '58 Station Street', '', '', 'Murray Bridge', 'SA', '5048', 'Australia', '', '0458 148 436', 'clara.taylor@abilityerp.local', 'Yes', 'Yes', '2019-01-22', null, '', ''),
  ('loc-emp-staff-150-home', 'emp-staff-150', 1, 'Home', 'Home', '59 Main Street', '', '', 'Noarlunga', 'SA', '5049', 'Australia', '', '0459 149 443', 'reid.anderson@abilityerp.local', 'Yes', 'Yes', '2020-02-23', null, '', '')
on conflict (id) do update set
  name = excluded.name, primary_address = excluded.primary_address;

insert into public.employee_emergency_contact (
  id, employee_id, line_no, contact_type, name, relationship, phone, mobile, email, call_order, primary_contact, notes
)
values
  ('ec-isla-james', 'emp-isla', 1, 'Emergency', 'James Robinson', 'Spouse', '', '0411 999 888', 'james.robinson@example.com', 1, 'Yes', ''),
  ('ec-isla-mary', 'emp-isla', 2, 'Next of kin', 'Mary Robinson', 'Parent', '08 8294 2200', '', '', 2, 'No', ''),
  ('ec-gab-maria', 'emp-gabriela', 1, 'Emergency', 'Maria Wilson', 'Parent', '', '0412 555 444', '', 1, 'Yes', ''),
  ('ec-emp-sw-001-1', 'emp-sw-001', 1, 'Emergency', 'Liam Thomas', 'Spouse', '', '0420 200 200', '', 1, 'Yes', ''),
  ('ec-emp-sw-002-1', 'emp-sw-002', 1, 'Emergency', 'Zoe Jackson', 'Parent', '', '0421 201 203', '', 1, 'Yes', ''),
  ('ec-emp-sw-003-1', 'emp-sw-003', 1, 'Emergency', 'Ethan White', 'Sibling', '', '0422 202 206', '', 1, 'Yes', ''),
  ('ec-emp-sw-004-1', 'emp-sw-004', 1, 'Emergency', 'Chloe Harris', 'Partner', '', '0423 203 209', '', 1, 'Yes', ''),
  ('ec-emp-sw-005-1', 'emp-sw-005', 1, 'Emergency', 'Mason Martin', 'Spouse', '', '0424 204 212', '', 1, 'Yes', ''),
  ('ec-emp-sw-006-1', 'emp-sw-006', 1, 'Emergency', 'Ruby Thompson', 'Parent', '', '0425 205 215', '', 1, 'Yes', ''),
  ('ec-emp-sw-007-1', 'emp-sw-007', 1, 'Emergency', 'Lucas Garcia', 'Sibling', '', '0426 206 218', '', 1, 'Yes', ''),
  ('ec-emp-sw-008-1', 'emp-sw-008', 1, 'Emergency', 'Grace Robinson', 'Partner', '', '0427 207 221', '', 1, 'Yes', ''),
  ('ec-emp-sw-009-1', 'emp-sw-009', 1, 'Emergency', 'Henry Clark', 'Spouse', '', '0428 208 224', '', 1, 'Yes', ''),
  ('ec-emp-sw-010-1', 'emp-sw-010', 1, 'Emergency', 'Ella Lewis', 'Parent', '', '0429 209 227', '', 1, 'Yes', ''),
  ('ec-emp-sw-011-1', 'emp-sw-011', 1, 'Emergency', 'Jack Lee', 'Sibling', '', '0430 210 230', '', 1, 'Yes', ''),
  ('ec-emp-sw-012-1', 'emp-sw-012', 1, 'Emergency', 'Sophie Walker', 'Partner', '', '0431 211 233', '', 1, 'Yes', ''),
  ('ec-emp-sw-013-1', 'emp-sw-013', 1, 'Emergency', 'Levi Hall', 'Spouse', '', '0432 212 236', '', 1, 'Yes', ''),
  ('ec-emp-sw-014-1', 'emp-sw-014', 1, 'Emergency', 'Amelia Allen', 'Parent', '', '0433 213 239', '', 1, 'Yes', ''),
  ('ec-emp-sw-015-1', 'emp-sw-015', 1, 'Emergency', 'Oscar Young', 'Sibling', '', '0434 214 242', '', 1, 'Yes', ''),
  ('ec-emp-sw-016-1', 'emp-sw-016', 1, 'Emergency', 'Harper King', 'Partner', '', '0435 215 245', '', 1, 'Yes', ''),
  ('ec-emp-sw-017-1', 'emp-sw-017', 1, 'Emergency', 'Finn Wright', 'Spouse', '', '0436 216 248', '', 1, 'Yes', ''),
  ('ec-emp-sw-018-1', 'emp-sw-018', 1, 'Emergency', 'Isabella Scott', 'Parent', '', '0437 217 251', '', 1, 'Yes', ''),
  ('ec-emp-sw-019-1', 'emp-sw-019', 1, 'Emergency', 'Archie Green', 'Sibling', '', '0438 218 254', '', 1, 'Yes', ''),
  ('ec-emp-sw-020-1', 'emp-sw-020', 1, 'Emergency', 'Charlotte Baker', 'Partner', '', '0439 219 257', '', 1, 'Yes', ''),
  ('ec-emp-sw-021-1', 'emp-sw-021', 1, 'Emergency', 'Theo Adams', 'Spouse', '', '0440 220 260', '', 1, 'Yes', ''),
  ('ec-emp-sw-022-1', 'emp-sw-022', 1, 'Emergency', 'Lily Nelson', 'Parent', '', '0441 221 263', '', 1, 'Yes', ''),
  ('ec-emp-sw-023-1', 'emp-sw-023', 1, 'Emergency', 'Hudson Carter', 'Sibling', '', '0442 222 266', '', 1, 'Yes', ''),
  ('ec-emp-sw-024-1', 'emp-sw-024', 1, 'Emergency', 'Evie Mitchell', 'Partner', '', '0443 223 269', '', 1, 'Yes', ''),
  ('ec-emp-sw-025-1', 'emp-sw-025', 1, 'Emergency', 'Cooper Perez', 'Spouse', '', '0444 224 272', '', 1, 'Yes', ''),
  ('ec-emp-sw-026-1', 'emp-sw-026', 1, 'Emergency', 'Sienna Roberts', 'Parent', '', '0445 225 275', '', 1, 'Yes', ''),
  ('ec-emp-sw-027-1', 'emp-sw-027', 1, 'Emergency', 'Xavier Turner', 'Sibling', '', '0446 226 278', '', 1, 'Yes', ''),
  ('ec-emp-sw-028-1', 'emp-sw-028', 1, 'Emergency', 'Matilda Phillips', 'Partner', '', '0447 227 281', '', 1, 'Yes', ''),
  ('ec-emp-sw-029-1', 'emp-sw-029', 1, 'Emergency', 'Kai Campbell', 'Spouse', '', '0448 228 284', '', 1, 'Yes', ''),
  ('ec-emp-sw-030-1', 'emp-sw-030', 1, 'Emergency', 'Piper Parker', 'Parent', '', '0449 229 287', '', 1, 'Yes', ''),
  ('ec-emp-sw-031-1', 'emp-sw-031', 1, 'Emergency', 'Jasper Evans', 'Sibling', '', '0450 230 290', '', 1, 'Yes', ''),
  ('ec-emp-sw-032-1', 'emp-sw-032', 1, 'Emergency', 'Willow Edwards', 'Partner', '', '0451 231 293', '', 1, 'Yes', ''),
  ('ec-emp-staff-133-1', 'emp-staff-133', 1, 'Emergency', 'Arlo Collins', 'Spouse', '', '0452 232 296', '', 1, 'Yes', ''),
  ('ec-emp-staff-134-1', 'emp-staff-134', 1, 'Emergency', 'Ivy Stewart', 'Parent', '', '0453 233 299', '', 1, 'Yes', ''),
  ('ec-emp-staff-135-1', 'emp-staff-135', 1, 'Emergency', 'Felix Morris', 'Sibling', '', '0454 234 302', '', 1, 'Yes', ''),
  ('ec-emp-staff-136-1', 'emp-staff-136', 1, 'Emergency', 'Hazel Rogers', 'Partner', '', '0455 235 305', '', 1, 'Yes', ''),
  ('ec-emp-staff-137-1', 'emp-staff-137', 1, 'Emergency', 'Miles Reed', 'Spouse', '', '0456 236 308', '', 1, 'Yes', ''),
  ('ec-emp-staff-138-1', 'emp-staff-138', 1, 'Emergency', 'Stella Cook', 'Parent', '', '0457 237 311', '', 1, 'Yes', ''),
  ('ec-emp-staff-139-1', 'emp-staff-139', 1, 'Emergency', 'Declan Morgan', 'Sibling', '', '0458 238 314', '', 1, 'Yes', ''),
  ('ec-emp-staff-140-1', 'emp-staff-140', 1, 'Emergency', 'Violet Bell', 'Partner', '', '0459 239 317', '', 1, 'Yes', ''),
  ('ec-emp-staff-141-1', 'emp-staff-141', 1, 'Emergency', 'Elijah Murray', 'Spouse', '', '0460 240 320', '', 1, 'Yes', ''),
  ('ec-emp-staff-142-1', 'emp-staff-142', 1, 'Emergency', 'Audrey Bailey', 'Parent', '', '0461 241 323', '', 1, 'Yes', ''),
  ('ec-emp-staff-143-1', 'emp-staff-143', 1, 'Emergency', 'Caleb Cooper', 'Sibling', '', '0462 242 326', '', 1, 'Yes', ''),
  ('ec-emp-staff-144-1', 'emp-staff-144', 1, 'Emergency', 'Naomi Nguyen', 'Partner', '', '0463 243 329', '', 1, 'Yes', ''),
  ('ec-emp-staff-145-1', 'emp-staff-145', 1, 'Emergency', 'Jonah Patel', 'Spouse', '', '0464 244 332', '', 1, 'Yes', ''),
  ('ec-emp-staff-146-1', 'emp-staff-146', 1, 'Emergency', 'Clara Murphy', 'Parent', '', '0465 245 335', '', 1, 'Yes', ''),
  ('ec-emp-staff-147-1', 'emp-staff-147', 1, 'Emergency', 'Reid Singh', 'Sibling', '', '0466 246 338', '', 1, 'Yes', ''),
  ('ec-emp-staff-148-1', 'emp-staff-148', 1, 'Emergency', 'Ava Brown', 'Partner', '', '0467 247 341', '', 1, 'Yes', ''),
  ('ec-emp-staff-149-1', 'emp-staff-149', 1, 'Emergency', 'Noah Taylor', 'Spouse', '', '0468 248 344', '', 1, 'Yes', ''),
  ('ec-emp-staff-150-1', 'emp-staff-150', 1, 'Emergency', 'Mia Anderson', 'Parent', '', '0469 249 347', '', 1, 'Yes', '')
on conflict (id) do update set
  name = excluded.name, primary_contact = excluded.primary_contact;

insert into public.employee_alert (
  id, employee_id, line_no, alert_type, show_as_alert, name, description, valid_from, valid_to, source
)
values
  ('alert-isla-supervision', 'emp-isla', 1, 'Operational', 'Yes', 'New team member supervision', 'Pair with senior coordinator for complex behaviour support cases until Q3 review.', '2025-01-01', '2025-09-30', 'Manual')
on conflict (id) do update set
  name = excluded.name, description = excluded.description;

insert into public.employee_skill (
  id, employee_id, line_no, skill_type, name, proficiency, notes
)
values
  ('skill-isla-en', 'emp-isla', 1, 'Language', 'English', 'Native', ''),
  ('skill-isla-coord', 'emp-isla', 2, 'Specialisation', 'Support coordination', 'Advanced', ''),
  ('skill-isla-autism', 'emp-isla', 3, 'Specialisation', 'Autism support', 'Intermediate', ''),
  ('skill-gab-en', 'emp-gabriela', 1, 'Language', 'English', 'Native', ''),
  ('skill-gab-es', 'emp-gabriela', 2, 'Language', 'Spanish', 'Fluent', ''),
  ('skill-emp-sw-001-1', 'emp-sw-001', 1, 'Specialisation', 'Community access', 'Intermediate', ''),
  ('skill-emp-sw-002-1', 'emp-sw-002', 1, 'Specialisation', 'Community access', 'Advanced', ''),
  ('skill-emp-sw-003-1', 'emp-sw-003', 1, 'Specialisation', 'Community access', 'Beginner', ''),
  ('skill-emp-sw-004-1', 'emp-sw-004', 1, 'Specialisation', 'Community access', 'Intermediate', ''),
  ('skill-emp-sw-005-1', 'emp-sw-005', 1, 'Specialisation', 'Community access', 'Advanced', ''),
  ('skill-emp-sw-006-1', 'emp-sw-006', 1, 'Specialisation', 'Community access', 'Beginner', ''),
  ('skill-emp-sw-007-1', 'emp-sw-007', 1, 'Specialisation', 'Community access', 'Intermediate', ''),
  ('skill-emp-sw-008-1', 'emp-sw-008', 1, 'Specialisation', 'Community access', 'Advanced', ''),
  ('skill-emp-sw-009-1', 'emp-sw-009', 1, 'Specialisation', 'Community access', 'Beginner', ''),
  ('skill-emp-sw-010-1', 'emp-sw-010', 1, 'Specialisation', 'Community access', 'Intermediate', ''),
  ('skill-emp-sw-011-1', 'emp-sw-011', 1, 'Specialisation', 'Community access', 'Advanced', ''),
  ('skill-emp-sw-012-1', 'emp-sw-012', 1, 'Specialisation', 'Community access', 'Beginner', ''),
  ('skill-emp-sw-013-1', 'emp-sw-013', 1, 'Specialisation', 'Community access', 'Intermediate', ''),
  ('skill-emp-sw-014-1', 'emp-sw-014', 1, 'Specialisation', 'Community access', 'Advanced', ''),
  ('skill-emp-sw-015-1', 'emp-sw-015', 1, 'Specialisation', 'Community access', 'Beginner', ''),
  ('skill-emp-sw-016-1', 'emp-sw-016', 1, 'Specialisation', 'Community access', 'Intermediate', ''),
  ('skill-emp-sw-017-1', 'emp-sw-017', 1, 'Specialisation', 'Community access', 'Advanced', ''),
  ('skill-emp-sw-018-1', 'emp-sw-018', 1, 'Specialisation', 'Community access', 'Beginner', ''),
  ('skill-emp-sw-019-1', 'emp-sw-019', 1, 'Specialisation', 'Community access', 'Intermediate', ''),
  ('skill-emp-sw-020-1', 'emp-sw-020', 1, 'Specialisation', 'Community access', 'Advanced', ''),
  ('skill-emp-sw-021-1', 'emp-sw-021', 1, 'Specialisation', 'Community access', 'Beginner', ''),
  ('skill-emp-sw-022-1', 'emp-sw-022', 1, 'Specialisation', 'Community access', 'Intermediate', ''),
  ('skill-emp-sw-023-1', 'emp-sw-023', 1, 'Specialisation', 'Community access', 'Advanced', ''),
  ('skill-emp-sw-024-1', 'emp-sw-024', 1, 'Specialisation', 'Community access', 'Beginner', ''),
  ('skill-emp-sw-025-1', 'emp-sw-025', 1, 'Specialisation', 'Community access', 'Intermediate', ''),
  ('skill-emp-sw-026-1', 'emp-sw-026', 1, 'Specialisation', 'Community access', 'Advanced', ''),
  ('skill-emp-sw-027-1', 'emp-sw-027', 1, 'Specialisation', 'Community access', 'Beginner', ''),
  ('skill-emp-sw-028-1', 'emp-sw-028', 1, 'Specialisation', 'Community access', 'Intermediate', ''),
  ('skill-emp-sw-029-1', 'emp-sw-029', 1, 'Specialisation', 'Community access', 'Advanced', ''),
  ('skill-emp-sw-030-1', 'emp-sw-030', 1, 'Specialisation', 'Community access', 'Beginner', ''),
  ('skill-emp-sw-031-1', 'emp-sw-031', 1, 'Specialisation', 'Community access', 'Intermediate', ''),
  ('skill-emp-sw-032-1', 'emp-sw-032', 1, 'Specialisation', 'Community access', 'Advanced', ''),
  ('skill-emp-staff-133-1', 'emp-staff-133', 1, 'Specialisation', 'Team Leader', 'Beginner', ''),
  ('skill-emp-staff-134-1', 'emp-staff-134', 1, 'Specialisation', 'Team Leader', 'Intermediate', ''),
  ('skill-emp-staff-135-1', 'emp-staff-135', 1, 'Specialisation', 'Team Leader', 'Advanced', ''),
  ('skill-emp-staff-136-1', 'emp-staff-136', 1, 'Specialisation', 'Team Leader', 'Beginner', ''),
  ('skill-emp-staff-137-1', 'emp-staff-137', 1, 'Specialisation', 'Team Leader', 'Intermediate', ''),
  ('skill-emp-staff-138-1', 'emp-staff-138', 1, 'Specialisation', 'Team Leader', 'Advanced', ''),
  ('skill-emp-staff-139-1', 'emp-staff-139', 1, 'Specialisation', 'Intake Officer', 'Beginner', ''),
  ('skill-emp-staff-140-1', 'emp-staff-140', 1, 'Specialisation', 'Intake Officer', 'Intermediate', ''),
  ('skill-emp-staff-141-1', 'emp-staff-141', 1, 'Specialisation', 'Intake Officer', 'Advanced', ''),
  ('skill-emp-staff-142-1', 'emp-staff-142', 1, 'Specialisation', 'Intake Officer', 'Beginner', ''),
  ('skill-emp-staff-143-1', 'emp-staff-143', 1, 'Specialisation', 'Intake Officer', 'Intermediate', ''),
  ('skill-emp-staff-144-1', 'emp-staff-144', 1, 'Specialisation', 'Finance Officer', 'Advanced', ''),
  ('skill-emp-staff-145-1', 'emp-staff-145', 1, 'Specialisation', 'Quality Officer', 'Beginner', ''),
  ('skill-emp-staff-146-1', 'emp-staff-146', 1, 'Specialisation', 'HR Officer', 'Intermediate', ''),
  ('skill-emp-staff-147-1', 'emp-staff-147', 1, 'Specialisation', 'Finance Officer', 'Advanced', ''),
  ('skill-emp-staff-148-1', 'emp-staff-148', 1, 'Specialisation', 'Compliance Analyst', 'Beginner', ''),
  ('skill-emp-staff-149-1', 'emp-staff-149', 1, 'Specialisation', 'Plan Developer', 'Intermediate', ''),
  ('skill-emp-staff-150-1', 'emp-staff-150', 1, 'Specialisation', 'Contract Administrator', 'Advanced', '')
on conflict (id) do update set
  name = excluded.name, proficiency = excluded.proficiency;

insert into public.employee_document (
  id, employee_id, line_no, document_type, name, document_ref, issue_date, expiry_date, status, notes
)
values
  ('doc-isla-contract', 'emp-isla', 1, 'Employment contract', 'Permanent employment agreement', 'DOC-EMP-ISLA-2019', '2019-03-01', null, 'Current', '')
on conflict (id) do update set
  name = excluded.name, document_ref = excluded.document_ref;

insert into public.employee_activity (
  id, employee_id, line_no, activity_date, activity_type, subject, description, created_by
)
values
  ('act-isla-onboard', 'emp-isla', 1, '2019-03-01', 'Onboarding', 'Induction completed', 'Policy pack signed, systems access provisioned.', 'SuperUser')
on conflict (id) do update set
  subject = excluded.subject, description = excluded.description;

insert into public.employee_leave_entitlement (
  id, employee_id, line_no, leave_type, entitlement_days, balance_days, accrual_notes
)
values
  ('leave-isla-annual', 'emp-isla', 1, 'Annual leave', 20, 14.5, 'Accrued per award'),
  ('leave-isla-personal', 'emp-isla', 2, 'Personal / carer''s leave', 10, 8, ''),
  ('leave-gab-annual', 'emp-gabriela', 1, 'Annual leave', 11.6, 6, 'Pro-rata part-time'),
  ('leave-ent-emp-sw-002-annual', 'emp-sw-002', 1, 'Annual leave', 20, 9, 'Accrued per award'),
  ('leave-ent-emp-sw-003-annual', 'emp-sw-003', 1, 'Annual leave', 11.6, 10, 'Accrued per award'),
  ('leave-ent-emp-sw-005-annual', 'emp-sw-005', 1, 'Annual leave', 20, 12, 'Accrued per award'),
  ('leave-ent-emp-sw-006-annual', 'emp-sw-006', 1, 'Annual leave', 11.6, 13, 'Accrued per award'),
  ('leave-ent-emp-sw-008-annual', 'emp-sw-008', 1, 'Annual leave', 20, 15, 'Accrued per award'),
  ('leave-ent-emp-sw-009-annual', 'emp-sw-009', 1, 'Annual leave', 11.6, 16, 'Accrued per award'),
  ('leave-ent-emp-sw-011-annual', 'emp-sw-011', 1, 'Annual leave', 20, 8, 'Accrued per award'),
  ('leave-ent-emp-sw-012-annual', 'emp-sw-012', 1, 'Annual leave', 11.6, 9, 'Accrued per award'),
  ('leave-ent-emp-sw-014-annual', 'emp-sw-014', 1, 'Annual leave', 20, 11, 'Accrued per award'),
  ('leave-ent-emp-sw-015-annual', 'emp-sw-015', 1, 'Annual leave', 11.6, 12, 'Accrued per award'),
  ('leave-ent-emp-sw-017-annual', 'emp-sw-017', 1, 'Annual leave', 20, 14, 'Accrued per award'),
  ('leave-ent-emp-sw-018-annual', 'emp-sw-018', 1, 'Annual leave', 11.6, 15, 'Accrued per award'),
  ('leave-ent-emp-sw-020-annual', 'emp-sw-020', 1, 'Annual leave', 20, 17, 'Accrued per award'),
  ('leave-ent-emp-sw-021-annual', 'emp-sw-021', 1, 'Annual leave', 11.6, 8, 'Accrued per award'),
  ('leave-ent-emp-sw-023-annual', 'emp-sw-023', 1, 'Annual leave', 20, 10, 'Accrued per award'),
  ('leave-ent-emp-sw-024-annual', 'emp-sw-024', 1, 'Annual leave', 11.6, 11, 'Accrued per award'),
  ('leave-ent-emp-sw-026-annual', 'emp-sw-026', 1, 'Annual leave', 20, 13, 'Accrued per award'),
  ('leave-ent-emp-sw-027-annual', 'emp-sw-027', 1, 'Annual leave', 11.6, 14, 'Accrued per award'),
  ('leave-ent-emp-sw-029-annual', 'emp-sw-029', 1, 'Annual leave', 20, 16, 'Accrued per award'),
  ('leave-ent-emp-sw-030-annual', 'emp-sw-030', 1, 'Annual leave', 11.6, 17, 'Accrued per award'),
  ('leave-ent-emp-sw-032-annual', 'emp-sw-032', 1, 'Annual leave', 20, 9, 'Accrued per award'),
  ('leave-ent-emp-staff-133-annual', 'emp-staff-133', 1, 'Annual leave', 20, 10, 'Accrued per award'),
  ('leave-ent-emp-staff-134-annual', 'emp-staff-134', 1, 'Annual leave', 20, 11, 'Accrued per award'),
  ('leave-ent-emp-staff-135-annual', 'emp-staff-135', 1, 'Annual leave', 20, 12, 'Accrued per award'),
  ('leave-ent-emp-staff-136-annual', 'emp-staff-136', 1, 'Annual leave', 20, 13, 'Accrued per award'),
  ('leave-ent-emp-staff-137-annual', 'emp-staff-137', 1, 'Annual leave', 20, 14, 'Accrued per award'),
  ('leave-ent-emp-staff-138-annual', 'emp-staff-138', 1, 'Annual leave', 20, 15, 'Accrued per award'),
  ('leave-ent-emp-staff-140-annual', 'emp-staff-140', 1, 'Annual leave', 20, 17, 'Accrued per award'),
  ('leave-ent-emp-staff-141-annual', 'emp-staff-141', 1, 'Annual leave', 11.6, 8, 'Accrued per award'),
  ('leave-ent-emp-staff-143-annual', 'emp-staff-143', 1, 'Annual leave', 20, 10, 'Accrued per award'),
  ('leave-ent-emp-staff-144-annual', 'emp-staff-144', 1, 'Annual leave', 20, 11, 'Accrued per award'),
  ('leave-ent-emp-staff-145-annual', 'emp-staff-145', 1, 'Annual leave', 20, 12, 'Accrued per award'),
  ('leave-ent-emp-staff-146-annual', 'emp-staff-146', 1, 'Annual leave', 20, 13, 'Accrued per award'),
  ('leave-ent-emp-staff-147-annual', 'emp-staff-147', 1, 'Annual leave', 20, 14, 'Accrued per award'),
  ('leave-ent-emp-staff-148-annual', 'emp-staff-148', 1, 'Annual leave', 20, 15, 'Accrued per award'),
  ('leave-ent-emp-staff-149-annual', 'emp-staff-149', 1, 'Annual leave', 20, 16, 'Accrued per award'),
  ('leave-ent-emp-staff-150-annual', 'emp-staff-150', 1, 'Annual leave', 20, 17, 'Accrued per award')
on conflict (id) do update set
  balance_days = excluded.balance_days;

insert into public.employee_credential (
  id, employee_id, line_no, credential_type, credential_number, issuing_body, issue_date, expiry_date, status, document_ref, notes, created_by, updated_by
)
values
  ('cred-isla-wwcc', 'emp-isla', 1, 'Working with Children Check', 'WWCC-88421', 'SA Department for Education', '2023-04-01', '2028-04-01', 'Current', 'DOC-WWCC-88421', '', 'SuperUser', 'SuperUser'),
  ('cred-isla-ndis', 'emp-isla', 2, 'NDIS Worker Screening', 'NDIS-WS-442901', 'NDIS Worker Screening Unit', '2022-11-15', '2027-11-15', 'Current', 'DOC-NDIS-442901', '', 'SuperUser', 'SuperUser'),
  ('cred-gab-wwcc', 'emp-gabriela', 1, 'Working with Children Check', 'WWCC-91002', 'SA Department for Education', '2024-01-10', '2029-01-10', 'Current', '', '', 'SuperUser', 'SuperUser'),
  ('cred-oliver-fa', 'emp-oliver', 1, 'First Aid Certificate', 'FA-22001', 'St John Ambulance', '2024-07-01', '2026-07-01', 'Expiring soon', '', 'Renew before rostering community shifts', 'SuperUser', 'SuperUser'),
  ('cred-emp-sw-001-wwcc', 'emp-sw-001', 1, 'Working with Children Check', 'WWCC-20101', 'DHS Screening', '2024-01-15', '2026-08-15', 'Expiring soon', '', '', 'SuperUser', 'SuperUser'),
  ('cred-emp-sw-001-fa', 'emp-sw-001', 2, 'First Aid Certificate', 'FA-30101', 'St John Ambulance', '2025-01-10', '2027-01-10', 'Current', '', '', 'SuperUser', 'SuperUser'),
  ('cred-emp-sw-002-wwcc', 'emp-sw-002', 1, 'Working with Children Check', 'WWCC-20102', 'DHS Screening', '2024-01-15', '2027-06-30', 'Current', '', '', 'SuperUser', 'SuperUser'),
  ('cred-emp-sw-002-fa', 'emp-sw-002', 2, 'First Aid Certificate', 'FA-30102', 'St John Ambulance', '2025-01-10', '2027-01-10', 'Current', '', '', 'SuperUser', 'SuperUser'),
  ('cred-emp-sw-003-wwcc', 'emp-sw-003', 1, 'Working with Children Check', 'WWCC-20103', 'DHS Screening', '2024-01-15', '2027-06-30', 'Current', '', '', 'SuperUser', 'SuperUser'),
  ('cred-emp-sw-003-fa', 'emp-sw-003', 2, 'First Aid Certificate', 'FA-30103', 'St John Ambulance', '2025-01-10', '2027-01-10', 'Current', '', '', 'SuperUser', 'SuperUser'),
  ('cred-emp-sw-004-wwcc', 'emp-sw-004', 1, 'Working with Children Check', 'WWCC-20104', 'DHS Screening', '2024-01-15', '2027-06-30', 'Current', '', '', 'SuperUser', 'SuperUser'),
  ('cred-emp-sw-004-fa', 'emp-sw-004', 2, 'First Aid Certificate', 'FA-30104', 'St John Ambulance', '2025-01-10', '2027-01-10', 'Current', '', '', 'SuperUser', 'SuperUser'),
  ('cred-emp-sw-005-wwcc', 'emp-sw-005', 1, 'Working with Children Check', 'WWCC-20105', 'DHS Screening', '2024-01-15', '2027-06-30', 'Current', '', '', 'SuperUser', 'SuperUser'),
  ('cred-emp-sw-005-fa', 'emp-sw-005', 2, 'First Aid Certificate', 'FA-30105', 'St John Ambulance', '2025-01-10', '2027-01-10', 'Current', '', '', 'SuperUser', 'SuperUser'),
  ('cred-emp-sw-006-wwcc', 'emp-sw-006', 1, 'Working with Children Check', 'WWCC-20106', 'DHS Screening', '2024-01-15', '2027-06-30', 'Current', '', '', 'SuperUser', 'SuperUser'),
  ('cred-emp-sw-006-fa', 'emp-sw-006', 2, 'First Aid Certificate', 'FA-30106', 'St John Ambulance', '2025-01-10', '2027-01-10', 'Current', '', '', 'SuperUser', 'SuperUser'),
  ('cred-emp-sw-007-wwcc', 'emp-sw-007', 1, 'Working with Children Check', 'WWCC-20107', 'DHS Screening', '2024-01-15', '2027-06-30', 'Current', '', '', 'SuperUser', 'SuperUser'),
  ('cred-emp-sw-007-fa', 'emp-sw-007', 2, 'First Aid Certificate', 'FA-30107', 'St John Ambulance', '2025-01-10', '2027-01-10', 'Current', '', '', 'SuperUser', 'SuperUser'),
  ('cred-emp-sw-008-wwcc', 'emp-sw-008', 1, 'Working with Children Check', 'WWCC-20108', 'DHS Screening', '2024-01-15', '2026-08-15', 'Expiring soon', '', '', 'SuperUser', 'SuperUser'),
  ('cred-emp-sw-008-fa', 'emp-sw-008', 2, 'First Aid Certificate', 'FA-30108', 'St John Ambulance', '2025-01-10', '2027-01-10', 'Current', '', '', 'SuperUser', 'SuperUser'),
  ('cred-emp-sw-009-wwcc', 'emp-sw-009', 1, 'Working with Children Check', 'WWCC-20109', 'DHS Screening', '2024-01-15', '2027-06-30', 'Current', '', '', 'SuperUser', 'SuperUser'),
  ('cred-emp-sw-009-fa', 'emp-sw-009', 2, 'First Aid Certificate', 'FA-30109', 'St John Ambulance', '2025-01-10', '2027-01-10', 'Current', '', '', 'SuperUser', 'SuperUser'),
  ('cred-emp-sw-010-wwcc', 'emp-sw-010', 1, 'Working with Children Check', 'WWCC-20110', 'DHS Screening', '2024-01-15', '2027-06-30', 'Current', '', '', 'SuperUser', 'SuperUser'),
  ('cred-emp-sw-010-fa', 'emp-sw-010', 2, 'First Aid Certificate', 'FA-30110', 'St John Ambulance', '2025-01-10', '2027-01-10', 'Current', '', '', 'SuperUser', 'SuperUser'),
  ('cred-emp-sw-011-wwcc', 'emp-sw-011', 1, 'Working with Children Check', 'WWCC-20111', 'DHS Screening', '2024-01-15', '2027-06-30', 'Current', '', '', 'SuperUser', 'SuperUser'),
  ('cred-emp-sw-011-fa', 'emp-sw-011', 2, 'First Aid Certificate', 'FA-30111', 'St John Ambulance', '2025-01-10', '2027-01-10', 'Current', '', '', 'SuperUser', 'SuperUser'),
  ('cred-emp-sw-012-wwcc', 'emp-sw-012', 1, 'Working with Children Check', 'WWCC-20112', 'DHS Screening', '2024-01-15', '2027-06-30', 'Current', '', '', 'SuperUser', 'SuperUser'),
  ('cred-emp-sw-012-fa', 'emp-sw-012', 2, 'First Aid Certificate', 'FA-30112', 'St John Ambulance', '2025-01-10', '2027-01-10', 'Current', '', '', 'SuperUser', 'SuperUser'),
  ('cred-emp-sw-013-wwcc', 'emp-sw-013', 1, 'Working with Children Check', 'WWCC-20113', 'DHS Screening', '2024-01-15', '2027-06-30', 'Current', '', '', 'SuperUser', 'SuperUser'),
  ('cred-emp-sw-013-fa', 'emp-sw-013', 2, 'First Aid Certificate', 'FA-30113', 'St John Ambulance', '2025-01-10', '2027-01-10', 'Current', '', '', 'SuperUser', 'SuperUser'),
  ('cred-emp-sw-014-wwcc', 'emp-sw-014', 1, 'Working with Children Check', 'WWCC-20114', 'DHS Screening', '2024-01-15', '2027-06-30', 'Current', '', '', 'SuperUser', 'SuperUser'),
  ('cred-emp-sw-014-fa', 'emp-sw-014', 2, 'First Aid Certificate', 'FA-30114', 'St John Ambulance', '2025-01-10', '2027-01-10', 'Current', '', '', 'SuperUser', 'SuperUser'),
  ('cred-emp-sw-015-wwcc', 'emp-sw-015', 1, 'Working with Children Check', 'WWCC-20115', 'DHS Screening', '2024-01-15', '2026-08-15', 'Expiring soon', '', '', 'SuperUser', 'SuperUser'),
  ('cred-emp-sw-015-fa', 'emp-sw-015', 2, 'First Aid Certificate', 'FA-30115', 'St John Ambulance', '2025-01-10', '2027-01-10', 'Current', '', '', 'SuperUser', 'SuperUser'),
  ('cred-emp-sw-016-wwcc', 'emp-sw-016', 1, 'Working with Children Check', 'WWCC-20116', 'DHS Screening', '2024-01-15', '2027-06-30', 'Current', '', '', 'SuperUser', 'SuperUser'),
  ('cred-emp-sw-016-fa', 'emp-sw-016', 2, 'First Aid Certificate', 'FA-30116', 'St John Ambulance', '2025-01-10', '2027-01-10', 'Current', '', '', 'SuperUser', 'SuperUser'),
  ('cred-emp-sw-017-wwcc', 'emp-sw-017', 1, 'Working with Children Check', 'WWCC-20117', 'DHS Screening', '2024-01-15', '2027-06-30', 'Current', '', '', 'SuperUser', 'SuperUser'),
  ('cred-emp-sw-017-fa', 'emp-sw-017', 2, 'First Aid Certificate', 'FA-30117', 'St John Ambulance', '2025-01-10', '2027-01-10', 'Current', '', '', 'SuperUser', 'SuperUser'),
  ('cred-emp-sw-018-wwcc', 'emp-sw-018', 1, 'Working with Children Check', 'WWCC-20118', 'DHS Screening', '2024-01-15', '2027-06-30', 'Current', '', '', 'SuperUser', 'SuperUser'),
  ('cred-emp-sw-018-fa', 'emp-sw-018', 2, 'First Aid Certificate', 'FA-30118', 'St John Ambulance', '2025-01-10', '2027-01-10', 'Current', '', '', 'SuperUser', 'SuperUser'),
  ('cred-emp-sw-019-wwcc', 'emp-sw-019', 1, 'Working with Children Check', 'WWCC-20119', 'DHS Screening', '2024-01-15', '2027-06-30', 'Current', '', '', 'SuperUser', 'SuperUser'),
  ('cred-emp-sw-019-fa', 'emp-sw-019', 2, 'First Aid Certificate', 'FA-30119', 'St John Ambulance', '2025-01-10', '2027-01-10', 'Current', '', '', 'SuperUser', 'SuperUser'),
  ('cred-emp-sw-020-wwcc', 'emp-sw-020', 1, 'Working with Children Check', 'WWCC-20120', 'DHS Screening', '2024-01-15', '2027-06-30', 'Current', '', '', 'SuperUser', 'SuperUser'),
  ('cred-emp-sw-020-fa', 'emp-sw-020', 2, 'First Aid Certificate', 'FA-30120', 'St John Ambulance', '2025-01-10', '2027-01-10', 'Current', '', '', 'SuperUser', 'SuperUser'),
  ('cred-emp-sw-021-wwcc', 'emp-sw-021', 1, 'Working with Children Check', 'WWCC-20121', 'DHS Screening', '2024-01-15', '2027-06-30', 'Current', '', '', 'SuperUser', 'SuperUser'),
  ('cred-emp-sw-021-fa', 'emp-sw-021', 2, 'First Aid Certificate', 'FA-30121', 'St John Ambulance', '2025-01-10', '2027-01-10', 'Current', '', '', 'SuperUser', 'SuperUser'),
  ('cred-emp-sw-022-wwcc', 'emp-sw-022', 1, 'Working with Children Check', 'WWCC-20122', 'DHS Screening', '2024-01-15', '2026-08-15', 'Expiring soon', '', '', 'SuperUser', 'SuperUser'),
  ('cred-emp-sw-022-fa', 'emp-sw-022', 2, 'First Aid Certificate', 'FA-30122', 'St John Ambulance', '2025-01-10', '2027-01-10', 'Current', '', '', 'SuperUser', 'SuperUser'),
  ('cred-emp-sw-023-wwcc', 'emp-sw-023', 1, 'Working with Children Check', 'WWCC-20123', 'DHS Screening', '2024-01-15', '2027-06-30', 'Current', '', '', 'SuperUser', 'SuperUser'),
  ('cred-emp-sw-023-fa', 'emp-sw-023', 2, 'First Aid Certificate', 'FA-30123', 'St John Ambulance', '2025-01-10', '2027-01-10', 'Current', '', '', 'SuperUser', 'SuperUser'),
  ('cred-emp-sw-024-wwcc', 'emp-sw-024', 1, 'Working with Children Check', 'WWCC-20124', 'DHS Screening', '2024-01-15', '2027-06-30', 'Current', '', '', 'SuperUser', 'SuperUser'),
  ('cred-emp-sw-024-fa', 'emp-sw-024', 2, 'First Aid Certificate', 'FA-30124', 'St John Ambulance', '2025-01-10', '2027-01-10', 'Current', '', '', 'SuperUser', 'SuperUser'),
  ('cred-emp-sw-025-wwcc', 'emp-sw-025', 1, 'Working with Children Check', 'WWCC-20125', 'DHS Screening', '2024-01-15', '2027-06-30', 'Current', '', '', 'SuperUser', 'SuperUser'),
  ('cred-emp-sw-025-fa', 'emp-sw-025', 2, 'First Aid Certificate', 'FA-30125', 'St John Ambulance', '2025-01-10', '2027-01-10', 'Current', '', '', 'SuperUser', 'SuperUser'),
  ('cred-emp-sw-026-wwcc', 'emp-sw-026', 1, 'Working with Children Check', 'WWCC-20126', 'DHS Screening', '2024-01-15', '2027-06-30', 'Current', '', '', 'SuperUser', 'SuperUser'),
  ('cred-emp-sw-026-fa', 'emp-sw-026', 2, 'First Aid Certificate', 'FA-30126', 'St John Ambulance', '2025-01-10', '2027-01-10', 'Current', '', '', 'SuperUser', 'SuperUser'),
  ('cred-emp-sw-027-wwcc', 'emp-sw-027', 1, 'Working with Children Check', 'WWCC-20127', 'DHS Screening', '2024-01-15', '2027-06-30', 'Current', '', '', 'SuperUser', 'SuperUser'),
  ('cred-emp-sw-027-fa', 'emp-sw-027', 2, 'First Aid Certificate', 'FA-30127', 'St John Ambulance', '2025-01-10', '2027-01-10', 'Current', '', '', 'SuperUser', 'SuperUser'),
  ('cred-emp-sw-028-wwcc', 'emp-sw-028', 1, 'Working with Children Check', 'WWCC-20128', 'DHS Screening', '2024-01-15', '2027-06-30', 'Current', '', '', 'SuperUser', 'SuperUser'),
  ('cred-emp-sw-028-fa', 'emp-sw-028', 2, 'First Aid Certificate', 'FA-30128', 'St John Ambulance', '2025-01-10', '2027-01-10', 'Current', '', '', 'SuperUser', 'SuperUser'),
  ('cred-emp-sw-029-wwcc', 'emp-sw-029', 1, 'Working with Children Check', 'WWCC-20129', 'DHS Screening', '2024-01-15', '2026-08-15', 'Expiring soon', '', '', 'SuperUser', 'SuperUser'),
  ('cred-emp-sw-029-fa', 'emp-sw-029', 2, 'First Aid Certificate', 'FA-30129', 'St John Ambulance', '2025-01-10', '2027-01-10', 'Current', '', '', 'SuperUser', 'SuperUser'),
  ('cred-emp-sw-030-wwcc', 'emp-sw-030', 1, 'Working with Children Check', 'WWCC-20130', 'DHS Screening', '2024-01-15', '2027-06-30', 'Current', '', '', 'SuperUser', 'SuperUser'),
  ('cred-emp-sw-030-fa', 'emp-sw-030', 2, 'First Aid Certificate', 'FA-30130', 'St John Ambulance', '2025-01-10', '2027-01-10', 'Current', '', '', 'SuperUser', 'SuperUser'),
  ('cred-emp-sw-031-wwcc', 'emp-sw-031', 1, 'Working with Children Check', 'WWCC-20131', 'DHS Screening', '2024-01-15', '2027-06-30', 'Current', '', '', 'SuperUser', 'SuperUser'),
  ('cred-emp-sw-031-fa', 'emp-sw-031', 2, 'First Aid Certificate', 'FA-30131', 'St John Ambulance', '2025-01-10', '2027-01-10', 'Current', '', '', 'SuperUser', 'SuperUser'),
  ('cred-emp-sw-032-wwcc', 'emp-sw-032', 1, 'Working with Children Check', 'WWCC-20132', 'DHS Screening', '2024-01-15', '2027-06-30', 'Current', '', '', 'SuperUser', 'SuperUser'),
  ('cred-emp-sw-032-fa', 'emp-sw-032', 2, 'First Aid Certificate', 'FA-30132', 'St John Ambulance', '2025-01-10', '2027-01-10', 'Current', '', '', 'SuperUser', 'SuperUser'),
  ('cred-emp-staff-133-wwcc', 'emp-staff-133', 1, 'Working with Children Check', 'WWCC-20133', 'DHS Screening', '2024-01-15', '2027-06-30', 'Current', '', '', 'SuperUser', 'SuperUser'),
  ('cred-emp-staff-133-fa', 'emp-staff-133', 2, 'First Aid Certificate', 'FA-30133', 'St John Ambulance', '2025-01-10', '2027-01-10', 'Current', '', '', 'SuperUser', 'SuperUser'),
  ('cred-emp-staff-134-wwcc', 'emp-staff-134', 1, 'Working with Children Check', 'WWCC-20134', 'DHS Screening', '2024-01-15', '2027-06-30', 'Current', '', '', 'SuperUser', 'SuperUser'),
  ('cred-emp-staff-134-fa', 'emp-staff-134', 2, 'First Aid Certificate', 'FA-30134', 'St John Ambulance', '2025-01-10', '2027-01-10', 'Current', '', '', 'SuperUser', 'SuperUser'),
  ('cred-emp-staff-135-wwcc', 'emp-staff-135', 1, 'Working with Children Check', 'WWCC-20135', 'DHS Screening', '2024-01-15', '2027-06-30', 'Current', '', '', 'SuperUser', 'SuperUser'),
  ('cred-emp-staff-135-fa', 'emp-staff-135', 2, 'First Aid Certificate', 'FA-30135', 'St John Ambulance', '2025-01-10', '2027-01-10', 'Current', '', '', 'SuperUser', 'SuperUser'),
  ('cred-emp-staff-136-wwcc', 'emp-staff-136', 1, 'Working with Children Check', 'WWCC-20136', 'DHS Screening', '2024-01-15', '2026-08-15', 'Expiring soon', '', '', 'SuperUser', 'SuperUser'),
  ('cred-emp-staff-136-fa', 'emp-staff-136', 2, 'First Aid Certificate', 'FA-30136', 'St John Ambulance', '2025-01-10', '2027-01-10', 'Current', '', '', 'SuperUser', 'SuperUser'),
  ('cred-emp-staff-137-wwcc', 'emp-staff-137', 1, 'Working with Children Check', 'WWCC-20137', 'DHS Screening', '2024-01-15', '2027-06-30', 'Current', '', '', 'SuperUser', 'SuperUser'),
  ('cred-emp-staff-137-fa', 'emp-staff-137', 2, 'First Aid Certificate', 'FA-30137', 'St John Ambulance', '2025-01-10', '2027-01-10', 'Current', '', '', 'SuperUser', 'SuperUser'),
  ('cred-emp-staff-138-wwcc', 'emp-staff-138', 1, 'Working with Children Check', 'WWCC-20138', 'DHS Screening', '2024-01-15', '2027-06-30', 'Current', '', '', 'SuperUser', 'SuperUser'),
  ('cred-emp-staff-138-fa', 'emp-staff-138', 2, 'First Aid Certificate', 'FA-30138', 'St John Ambulance', '2025-01-10', '2027-01-10', 'Current', '', '', 'SuperUser', 'SuperUser'),
  ('cred-emp-staff-139-wwcc', 'emp-staff-139', 1, 'Working with Children Check', 'WWCC-20139', 'DHS Screening', '2024-01-15', '2027-06-30', 'Current', '', '', 'SuperUser', 'SuperUser'),
  ('cred-emp-staff-139-fa', 'emp-staff-139', 2, 'First Aid Certificate', 'FA-30139', 'St John Ambulance', '2025-01-10', '2027-01-10', 'Current', '', '', 'SuperUser', 'SuperUser'),
  ('cred-emp-staff-140-wwcc', 'emp-staff-140', 1, 'Working with Children Check', 'WWCC-20140', 'DHS Screening', '2024-01-15', '2027-06-30', 'Current', '', '', 'SuperUser', 'SuperUser'),
  ('cred-emp-staff-140-fa', 'emp-staff-140', 2, 'First Aid Certificate', 'FA-30140', 'St John Ambulance', '2025-01-10', '2027-01-10', 'Current', '', '', 'SuperUser', 'SuperUser'),
  ('cred-emp-staff-141-wwcc', 'emp-staff-141', 1, 'Working with Children Check', 'WWCC-20141', 'DHS Screening', '2024-01-15', '2027-06-30', 'Current', '', '', 'SuperUser', 'SuperUser'),
  ('cred-emp-staff-141-fa', 'emp-staff-141', 2, 'First Aid Certificate', 'FA-30141', 'St John Ambulance', '2025-01-10', '2027-01-10', 'Current', '', '', 'SuperUser', 'SuperUser'),
  ('cred-emp-staff-142-wwcc', 'emp-staff-142', 1, 'Working with Children Check', 'WWCC-20142', 'DHS Screening', '2024-01-15', '2027-06-30', 'Current', '', '', 'SuperUser', 'SuperUser'),
  ('cred-emp-staff-142-fa', 'emp-staff-142', 2, 'First Aid Certificate', 'FA-30142', 'St John Ambulance', '2025-01-10', '2027-01-10', 'Current', '', '', 'SuperUser', 'SuperUser'),
  ('cred-emp-staff-143-wwcc', 'emp-staff-143', 1, 'Working with Children Check', 'WWCC-20143', 'DHS Screening', '2024-01-15', '2026-08-15', 'Expiring soon', '', '', 'SuperUser', 'SuperUser'),
  ('cred-emp-staff-143-fa', 'emp-staff-143', 2, 'First Aid Certificate', 'FA-30143', 'St John Ambulance', '2025-01-10', '2027-01-10', 'Current', '', '', 'SuperUser', 'SuperUser'),
  ('cred-emp-staff-144-wwcc', 'emp-staff-144', 1, 'Working with Children Check', 'WWCC-20144', 'DHS Screening', '2024-01-15', '2027-06-30', 'Current', '', '', 'SuperUser', 'SuperUser'),
  ('cred-emp-staff-144-fa', 'emp-staff-144', 2, 'First Aid Certificate', 'FA-30144', 'St John Ambulance', '2025-01-10', '2027-01-10', 'Current', '', '', 'SuperUser', 'SuperUser'),
  ('cred-emp-staff-145-wwcc', 'emp-staff-145', 1, 'Working with Children Check', 'WWCC-20145', 'DHS Screening', '2024-01-15', '2027-06-30', 'Current', '', '', 'SuperUser', 'SuperUser'),
  ('cred-emp-staff-145-fa', 'emp-staff-145', 2, 'First Aid Certificate', 'FA-30145', 'St John Ambulance', '2025-01-10', '2027-01-10', 'Current', '', '', 'SuperUser', 'SuperUser'),
  ('cred-emp-staff-146-wwcc', 'emp-staff-146', 1, 'Working with Children Check', 'WWCC-20146', 'DHS Screening', '2024-01-15', '2027-06-30', 'Current', '', '', 'SuperUser', 'SuperUser'),
  ('cred-emp-staff-146-fa', 'emp-staff-146', 2, 'First Aid Certificate', 'FA-30146', 'St John Ambulance', '2025-01-10', '2027-01-10', 'Current', '', '', 'SuperUser', 'SuperUser'),
  ('cred-emp-staff-147-wwcc', 'emp-staff-147', 1, 'Working with Children Check', 'WWCC-20147', 'DHS Screening', '2024-01-15', '2027-06-30', 'Current', '', '', 'SuperUser', 'SuperUser'),
  ('cred-emp-staff-147-fa', 'emp-staff-147', 2, 'First Aid Certificate', 'FA-30147', 'St John Ambulance', '2025-01-10', '2027-01-10', 'Current', '', '', 'SuperUser', 'SuperUser'),
  ('cred-emp-staff-148-wwcc', 'emp-staff-148', 1, 'Working with Children Check', 'WWCC-20148', 'DHS Screening', '2024-01-15', '2027-06-30', 'Current', '', '', 'SuperUser', 'SuperUser'),
  ('cred-emp-staff-148-fa', 'emp-staff-148', 2, 'First Aid Certificate', 'FA-30148', 'St John Ambulance', '2025-01-10', '2027-01-10', 'Current', '', '', 'SuperUser', 'SuperUser'),
  ('cred-emp-staff-149-wwcc', 'emp-staff-149', 1, 'Working with Children Check', 'WWCC-20149', 'DHS Screening', '2024-01-15', '2027-06-30', 'Current', '', '', 'SuperUser', 'SuperUser'),
  ('cred-emp-staff-149-fa', 'emp-staff-149', 2, 'First Aid Certificate', 'FA-30149', 'St John Ambulance', '2025-01-10', '2027-01-10', 'Current', '', '', 'SuperUser', 'SuperUser'),
  ('cred-emp-staff-150-wwcc', 'emp-staff-150', 1, 'Working with Children Check', 'WWCC-20150', 'DHS Screening', '2024-01-15', '2026-08-15', 'Expiring soon', '', '', 'SuperUser', 'SuperUser'),
  ('cred-emp-staff-150-fa', 'emp-staff-150', 2, 'First Aid Certificate', 'FA-30150', 'St John Ambulance', '2025-01-10', '2027-01-10', 'Current', '', '', 'SuperUser', 'SuperUser')
on conflict (id) do update set
  credential_type = excluded.credential_type, expiry_date = excluded.expiry_date, status = excluded.status;
