-- Users, roles, and access seed
-- Re-run: npm run supabase:seed-access

insert into public.app_role (id, role_key, name, description, active)
values
  ('role-admin', 'AbilityAPP_Admin', 'AbilityAPP Admin', 'Full system access — all windows and processes', true),
  ('role-board', 'Board_Member', 'Board Member', 'Governance oversight — read-focused access', true),
  ('role-ceo', 'Chief_Executive_Officer', 'CEO', 'Chief executive — full operational leadership', true),
  ('role-exec-operations', 'Operations_Executive', 'Operations Executive', 'Executive lead for service delivery and rostering', true),
  ('role-exec-hr', 'HR_Executive', 'HR Executive', 'Executive lead for people and culture', true),
  ('role-exec-finance', 'Finance_Executive', 'CFO', 'Chief financial officer', true),
  ('role-exec-ict', 'ICT_Executive', 'ICT Executive', 'Executive lead for systems and technology', true),
  ('role-exec-quality', 'Quality_Executive', 'Quality Executive', 'Executive lead for quality and compliance', true),
  ('role-hr-manager', 'HR_Manager', 'HR Manager', 'HR team leadership', true),
  ('role-hr-officer', 'HR_Officer', 'HR Officer', 'HR administration and employee records', true),
  ('role-ict-manager', 'ICT_Manager', 'ICT Manager', 'ICT team leadership and system support', true),
  ('role-ict-officer', 'ICT_Officer', 'ICT Officer', 'ICT support and administration', true),
  ('role-finance-manager', 'Finance_Manager', 'Finance Manager', 'Finance team leadership', true),
  ('role-finance-officer', 'Finance_Officer', 'Finance Officer', 'Finance processing and contracts', true),
  ('role-quality-manager', 'Quality_Manager', 'Quality Manager', 'Quality and compliance team leadership', true),
  ('role-quality-officer', 'Quality_Officer', 'Quality Officer', 'Quality audits and compliance tasks', true),
  ('role-rostering-manager', 'Rostering_Manager', 'Rostering Manager', 'Workforce roster planning and allocation', true),
  ('role-rostering-officer', 'Rostering_Officer', 'Rostering Officer', 'Roster administration', true),
  ('role-intake', 'Intake_Coordinator', 'Intake Coordinator', 'Enquiries and convert-to-client process', true),
  ('role-coordinator', 'Support_Coordinator', 'Support Coordinator', 'Client records and service catalog', true),
  ('role-team-leader', 'Team_Leader', 'Team Leader', 'Site or team leadership — org structure and frontline oversight', true),
  ('role-support-worker', 'Support_Worker', 'Support Worker', 'Frontline staff — assigned tasks, clients, incidents, and rostered locations', true),
  ('role-security-admin', 'Security_Administrator', 'Security Administrator', 'Session, process, and AI query audit investigation with sensitive security data', true),
  ('role-audit-viewer', 'Audit_Viewer', 'Audit Viewer', 'Read-only access to session, process, and AI query audit (no sensitive fields)', true)
on conflict (id) do update set
  role_key = excluded.role_key, name = excluded.name, description = excluded.description, active = excluded.active;

insert into public.app_user (id, username, email, first_name, last_name, phone, active, employee_bp_id, notes)
values
  ('user-superuser', 'SuperUser', 'superuser@abilityapp.local', 'Super', 'User', '', true, null, 'Full access administrator (AbilityAPP SuperUser equivalent)'),
  ('user-ceo', 'PatriciaChen', 'patricia.chen@abilityerp.local', 'Patricia', 'Chen', '', true, 'emp-ceo', 'CEO seed login'),
  ('user-michael', 'MichaelSmith', 'michael.smith@abilityerp.local', 'Michael', 'Smith', '', true, 'emp-michael', 'Operations executive — accountable manager testing'),
  ('user-piper', 'PiperCollins', 'piper.collins@abilityerp.local', 'Piper', 'Collins', '', true, 'emp-staff-133', 'Operations manager / team leader hub'),
  ('user-isla', 'IslaRobinson', 'isla.robinson@abilityerp.local', 'Isla', 'Robinson', '', true, 'emp-isla', 'Intake and client coordination'),
  ('user-gabriela', 'GabrielaWilson', 'gabriela.wilson@abilityerp.local', 'Gabriela', 'Wilson', '', true, 'emp-gabriela', 'Enquiry processing'),
  ('user-exec-hr', 'DianeFoster', 'diane.foster@abilityerp.local', 'Diane', 'Foster', '', true, 'emp-exec-hr', 'HR executive'),
  ('user-exec-finance', 'JamesWhitford', 'james.whitford@abilityerp.local', 'James', 'Whitford', '', true, 'emp-exec-finance', 'CFO'),
  ('user-exec-ict', 'SamRivera', 'sam.rivera@abilityerp.local', 'Sam', 'Rivera', '', true, 'emp-exec-ict', 'ICT executive'),
  ('user-exec-quality', 'MargaretHolt', 'margaret.holt@abilityerp.local', 'Margaret', 'Holt', '', true, 'emp-exec-quality', 'Quality executive'),
  ('user-rostering-mgr', 'RileyShaw', 'riley.shaw@abilityerp.local', 'Riley', 'Shaw', '', true, 'emp-rostering-manager', 'Rostering manager'),
  ('user-board', 'EleanorWright', 'eleanor.wright@abilityerp.local', 'Eleanor', 'Wright', '', true, 'emp-board-chair', 'Board chair seed login'),
  ('user-board-2', 'MarcusOBrien', 'marcus.obrien@abilityerp.local', 'Marcus', 'O''Brien', '', true, 'emp-board-2', 'Board member'),
  ('user-board-3', 'HelenTran', 'helen.tran@abilityerp.local', 'Helen', 'Tran', '', true, 'emp-board-3', 'Board member'),
  ('user-board-4', 'DavidOkonkwo', 'david.okonkwo@abilityerp.local', 'David', 'Okonkwo', '', true, 'emp-board-4', 'Board member'),
  ('user-hr-manager', 'SandraBlake', 'sandra.blake@abilityerp.local', 'Sandra', 'Blake', '', true, 'emp-hr-manager', 'HR manager'),
  ('user-hr-officer', 'CalebMurphy', 'caleb.murphy@abilityerp.local', 'Caleb', 'Murphy', '', true, 'emp-staff-146', 'HR officer'),
  ('user-ict-manager', 'AlexKim', 'alex.kim@abilityerp.local', 'Alex', 'Kim', '', true, 'emp-ict-manager', 'ICT manager'),
  ('user-ict-officer', 'JordanLee', 'jordan.lee@abilityerp.local', 'Jordan', 'Lee', '', true, 'emp-ict-officer', 'ICT officer'),
  ('user-quality-manager', 'QuinnTaylor', 'quinn.taylor@abilityerp.local', 'Quinn', 'Taylor', '', true, 'emp-quality-manager', 'Quality manager'),
  ('user-quality-officer', 'AudreyPatel', 'audrey.patel@abilityerp.local', 'Audrey', 'Patel', '', true, 'emp-staff-145', 'Quality officer'),
  ('user-rostering-officer', 'MorganBlake', 'morgan.blake@abilityerp.local', 'Morgan', 'Blake', '', true, 'emp-rostering-officer', 'Rostering officer'),
  ('user-finance-manager', 'TessaNguyen', 'tessa.nguyen@abilityerp.local', 'Tessa', 'Nguyen', '', true, 'emp-finance-manager', 'Finance manager'),
  ('user-jessica', 'JessicaHancock', 'jessica.hancock@abilityerp.local', 'Jessica', 'Hancock', '', true, 'emp-jessica', 'Contract administrator'),
  ('user-finance-officer', 'NaomiSingh', 'naomi.singh@abilityerp.local', 'Naomi', 'Singh', '', true, 'emp-staff-147', 'Finance officer'),
  ('user-rose', 'RoseDash', 'rose.dash@abilityerp.local', 'Rose', 'Dash', '', true, 'emp-rose', 'Plan developer'),
  ('user-oliver', 'OliverWilliams', 'oliver.williams@abilityerp.local', 'Oliver', 'Williams', '', true, 'emp-oliver', 'Support worker (legacy slot)'),
  ('user-sw-01', 'AvaThomas', 'avathomas@abilityerp.local', 'Ava', 'Thomas', '', true, 'emp-sw-001', 'Bulk seed support worker login'),
  ('user-sw-02', 'NoahJackson', 'noahjackson@abilityerp.local', 'Noah', 'Jackson', '', true, 'emp-sw-002', 'Bulk seed support worker login'),
  ('user-sw-03', 'MiaWhite', 'miawhite@abilityerp.local', 'Mia', 'White', '', true, 'emp-sw-003', 'Bulk seed support worker login'),
  ('user-sw-04', 'LiamHarris', 'liamharris@abilityerp.local', 'Liam', 'Harris', '', true, 'emp-sw-004', 'Bulk seed support worker login'),
  ('user-sw-05', 'ZoeMartin', 'zoemartin@abilityerp.local', 'Zoe', 'Martin', '', true, 'emp-sw-005', 'Bulk seed support worker login'),
  ('user-sw-06', 'EthanThompson', 'ethanthompson@abilityerp.local', 'Ethan', 'Thompson', '', true, 'emp-sw-006', 'Bulk seed support worker login'),
  ('user-sw-07', 'ChloeGarcia', 'chloegarcia@abilityerp.local', 'Chloe', 'Garcia', '', true, 'emp-sw-007', 'Bulk seed support worker login'),
  ('user-sw-08', 'MasonRobinson', 'masonrobinson@abilityerp.local', 'Mason', 'Robinson', '', true, 'emp-sw-008', 'Bulk seed support worker login'),
  ('user-sw-09', 'RubyClark', 'rubyclark@abilityerp.local', 'Ruby', 'Clark', '', true, 'emp-sw-009', 'Bulk seed support worker login'),
  ('user-sw-10', 'LucasLewis', 'lucaslewis@abilityerp.local', 'Lucas', 'Lewis', '', true, 'emp-sw-010', 'Bulk seed support worker login')
on conflict (id) do update set
  username = excluded.username, email = excluded.email, first_name = excluded.first_name, last_name = excluded.last_name, phone = excluded.phone, active = excluded.active, employee_bp_id = excluded.employee_bp_id, notes = excluded.notes;

insert into public.app_user_role (user_id, role_id)
values
  ('user-superuser', 'role-admin'),
  ('user-ceo', 'role-ceo'),
  ('user-michael', 'role-exec-operations'),
  ('user-piper', 'role-team-leader'),
  ('user-isla', 'role-intake'),
  ('user-isla', 'role-coordinator'),
  ('user-gabriela', 'role-intake'),
  ('user-exec-hr', 'role-exec-hr'),
  ('user-exec-finance', 'role-exec-finance'),
  ('user-exec-ict', 'role-exec-ict'),
  ('user-exec-quality', 'role-exec-quality'),
  ('user-rostering-mgr', 'role-rostering-manager'),
  ('user-board', 'role-board'),
  ('user-board-2', 'role-board'),
  ('user-board-3', 'role-board'),
  ('user-board-4', 'role-board'),
  ('user-hr-manager', 'role-hr-manager'),
  ('user-hr-officer', 'role-hr-officer'),
  ('user-ict-manager', 'role-ict-manager'),
  ('user-ict-officer', 'role-ict-officer'),
  ('user-quality-manager', 'role-quality-manager'),
  ('user-quality-officer', 'role-quality-officer'),
  ('user-rostering-officer', 'role-rostering-officer'),
  ('user-finance-manager', 'role-finance-manager'),
  ('user-jessica', 'role-finance-officer'),
  ('user-finance-officer', 'role-finance-officer'),
  ('user-rose', 'role-coordinator'),
  ('user-oliver', 'role-support-worker'),
  ('user-sw-01', 'role-support-worker'),
  ('user-sw-02', 'role-support-worker'),
  ('user-sw-03', 'role-support-worker'),
  ('user-sw-04', 'role-support-worker'),
  ('user-sw-05', 'role-support-worker'),
  ('user-sw-06', 'role-support-worker'),
  ('user-sw-07', 'role-support-worker'),
  ('user-sw-08', 'role-support-worker'),
  ('user-sw-09', 'role-support-worker'),
  ('user-sw-10', 'role-support-worker')
on conflict do nothing;

delete from public.app_role_window where role_id in ('role-admin', 'role-board', 'role-ceo', 'role-exec-operations', 'role-exec-hr', 'role-exec-finance', 'role-exec-ict', 'role-exec-quality', 'role-hr-manager', 'role-hr-officer', 'role-ict-manager', 'role-ict-officer', 'role-finance-manager', 'role-finance-officer', 'role-quality-manager', 'role-quality-officer', 'role-rostering-manager', 'role-rostering-officer', 'role-intake', 'role-coordinator', 'role-team-leader', 'role-support-worker', 'role-security-admin', 'role-audit-viewer');
insert into public.app_role_window (role_id, window_key, access_level)
values
  ('role-admin', 'home', 'write'),
  ('role-admin', 'home-prompt', 'read'),
  ('role-admin', 'home-needs-attention', 'read'),
  ('role-admin', 'home-today', 'read'),
  ('role-admin', 'home-module-enquiries', 'read'),
  ('role-admin', 'home-module-clients', 'read'),
  ('role-admin', 'home-module-incidents', 'read'),
  ('role-admin', 'home-module-employees', 'read'),
  ('role-admin', 'home-recent-enquiries', 'read'),
  ('role-admin', 'home-recent-clients', 'read'),
  ('role-admin', 'home-recent-incidents', 'read'),
  ('role-admin', 'home-quick-new-enquiry', 'read'),
  ('role-admin', 'home-quick-report-incident', 'read'),
  ('role-admin', 'tasks', 'write'),
  ('role-admin', 'tasks-assigned-to-me', 'write'),
  ('role-admin', 'tasks-for-my-role', 'write'),
  ('role-admin', 'tasks-all', 'write'),
  ('role-admin', 'tasks-past', 'write'),
  ('role-admin', 'enquiries', 'write'),
  ('role-admin', 'enquiry-enquiry-details', 'write'),
  ('role-admin', 'enquiry-activity', 'write'),
  ('role-admin', 'enquiry-participant', 'write'),
  ('role-admin', 'enquiry-support-needs', 'write'),
  ('role-admin', 'enquiry-qualification', 'write'),
  ('role-admin', 'clients', 'write'),
  ('role-admin', 'client-overview', 'write'),
  ('role-admin', 'client-alerts', 'write'),
  ('role-admin', 'client-activity', 'write'),
  ('role-admin', 'client-full-profile', 'write'),
  ('role-admin', 'client-bp-associations', 'write'),
  ('role-admin', 'client-locations', 'write'),
  ('role-admin', 'client-incidents', 'write'),
  ('role-admin', 'client-requests', 'write'),
  ('role-admin', 'client-restrictive-practices', 'write'),
  ('role-admin', 'client-consents-and-legal-orders', 'write'),
  ('role-admin', 'client-plan-budget', 'write'),
  ('role-admin', 'client-plan-and-assessment', 'write'),
  ('role-admin', 'client-support-plan', 'write'),
  ('role-admin', 'client-goals', 'write'),
  ('role-admin', 'client-progress-review', 'write'),
  ('role-admin', 'client-contact-activity', 'write'),
  ('role-admin', 'client-risks', 'write'),
  ('role-admin', 'client-service-agreements', 'write'),
  ('role-admin', 'client-service-bookings', 'write'),
  ('role-admin', 'client-support-receiver-needs-and-rules', 'write'),
  ('role-admin', 'incidents', 'write'),
  ('role-admin', 'incident-overview', 'write'),
  ('role-admin', 'incident-parties-and-links', 'write'),
  ('role-admin', 'incident-investigation', 'write'),
  ('role-admin', 'incident-notifications', 'write'),
  ('role-admin', 'incidents-compliance', 'write'),
  ('role-admin', 'incidents-dashboard', 'write'),
  ('role-admin', 'incident-manager-override', 'write'),
  ('role-admin', 'locations', 'write'),
  ('role-admin', 'location-overview', 'write'),
  ('role-admin', 'location-activity', 'write'),
  ('role-admin', 'location-contact-and-address', 'write'),
  ('role-admin', 'location-alerts', 'write'),
  ('role-admin', 'location-clients', 'write'),
  ('role-admin', 'location-employees', 'write'),
  ('role-admin', 'location-incidents', 'write'),
  ('role-admin', 'location-products-and-services', 'write'),
  ('role-admin', 'employees', 'write'),
  ('role-admin', 'employee-overview', 'write'),
  ('role-admin', 'employee-activity', 'write'),
  ('role-admin', 'employee-contact', 'write'),
  ('role-admin', 'employee-locations', 'write'),
  ('role-admin', 'employee-emergency-contacts', 'write'),
  ('role-admin', 'employee-employment', 'write'),
  ('role-admin', 'employee-work-rights', 'write'),
  ('role-admin', 'employee-payroll', 'write'),
  ('role-admin', 'employee-leave', 'write'),
  ('role-admin', 'employee-incidents', 'write'),
  ('role-admin', 'employee-credentials-assigned', 'write'),
  ('role-admin', 'employee-alerts', 'write'),
  ('role-admin', 'employee-documents', 'write'),
  ('role-admin', 'employee-skills', 'write'),
  ('role-admin', 'employee-system-access', 'write'),
  ('role-admin', 'workforce-planning', 'write'),
  ('role-admin', 'workforce-organisation', 'write'),
  ('role-admin', 'workforce-org-edit', 'write'),
  ('role-admin', 'workforce-org-chart-tier', 'write'),
  ('role-admin', 'my-workplace', 'write'),
  ('role-admin', 'my-leave', 'write'),
  ('role-admin', 'my-profile', 'write'),
  ('role-admin', 'my-availability', 'write'),
  ('role-admin', 'my-contracts', 'write'),
  ('role-admin', 'my-credentials', 'write'),
  ('role-admin', 'products', 'write'),
  ('role-admin', 'product-overview', 'write'),
  ('role-admin', 'product-pricing', 'write'),
  ('role-admin', 'price-lists', 'write'),
  ('role-admin', 'price-list-overview', 'write'),
  ('role-admin', 'price-list-lines', 'write'),
  ('role-admin', 'service-agreements', 'write'),
  ('role-admin', 'service-agreement-overview', 'write'),
  ('role-admin', 'service-agreement-lines', 'write'),
  ('role-admin', 'contracts', 'write'),
  ('role-admin', 'contract-overview', 'write'),
  ('role-admin', 'contract-audit', 'write'),
  ('role-admin', 'service-bookings', 'write'),
  ('role-admin', 'rostering', 'write'),
  ('role-admin', 'timesheets', 'write'),
  ('role-admin', 'timesheet-approval', 'write'),
  ('role-admin', 'generate-timesheets', 'write'),
  ('role-admin', 'claims', 'write'),
  ('role-admin', 'generate-claims', 'write'),
  ('role-admin', 'invoices', 'write'),
  ('role-admin', 'generate-invoices', 'write'),
  ('role-admin', 'plan-reconciliation', 'write'),
  ('role-admin', 'claim-reconciliation', 'write'),
  ('role-admin', 'financial-close', 'write'),
  ('role-admin', 'ndis-audit-pack', 'write'),
  ('role-admin', 'board-reporting', 'write'),
  ('role-admin', 'invoice-reconciliation', 'write'),
  ('role-admin', 'multi-provider-budget', 'write'),
  ('role-admin', 'service-planning', 'write'),
  ('role-admin', 'client-monthly-service-plan', 'write'),
  ('role-admin', 'client-roster-of-care', 'write'),
  ('role-admin', 'my-open-shifts', 'write'),
  ('role-admin', 'my-shifts', 'write'),
  ('role-admin', 'my-timesheets', 'write'),
  ('role-admin', 'reports-advance', 'write'),
  ('role-admin', 'admin-task-management', 'write'),
  ('role-admin', 'admin-task-automations', 'write'),
  ('role-admin', 'admin-user-session-audit', 'write'),
  ('role-admin', 'admin-process-audit', 'write'),
  ('role-admin', 'admin-ai-query-audit', 'write'),
  ('role-admin', 'admin-record-retention', 'write'),
  ('role-admin', 'system-time-and-date', 'write'),
  ('role-admin', 'service-booking-overview', 'write'),
  ('role-admin', 'service-booking-lines', 'write'),
  ('role-admin', 'reports', 'write'),
  ('role-admin', 'admin-organization', 'write'),
  ('role-admin', 'admin-reference-data', 'write'),
  ('role-admin', 'admin-roles', 'write'),
  ('role-admin', 'admin-ai-agents', 'write'),
  ('role-board', 'home', 'write'),
  ('role-board', 'reports', 'write'),
  ('role-board', 'workforce-planning', 'write'),
  ('role-board', 'workforce-organisation', 'write'),
  ('role-board', 'incidents', 'write'),
  ('role-board', 'incidents-dashboard', 'write'),
  ('role-board', 'home-prompt', 'read'),
  ('role-board', 'home-needs-attention', 'read'),
  ('role-board', 'home-today', 'read'),
  ('role-board', 'home-module-incidents', 'read'),
  ('role-board', 'home-recent-incidents', 'read'),
  ('role-board', 'home-quick-report-incident', 'read'),
  ('role-board', 'board-reporting', 'read'),
  ('role-ceo', 'home', 'write'),
  ('role-ceo', 'reports', 'write'),
  ('role-ceo', 'tasks', 'write'),
  ('role-ceo', 'tasks-assigned-to-me', 'write'),
  ('role-ceo', 'tasks-for-my-role', 'write'),
  ('role-ceo', 'tasks-all', 'write'),
  ('role-ceo', 'tasks-past', 'write'),
  ('role-ceo', 'my-workplace', 'write'),
  ('role-ceo', 'my-leave', 'write'),
  ('role-ceo', 'my-profile', 'write'),
  ('role-ceo', 'my-availability', 'write'),
  ('role-ceo', 'my-contracts', 'write'),
  ('role-ceo', 'my-credentials', 'write'),
  ('role-ceo', 'workforce-planning', 'write'),
  ('role-ceo', 'workforce-organisation', 'write'),
  ('role-ceo', 'workforce-org-edit', 'write'),
  ('role-ceo', 'clients', 'write'),
  ('role-ceo', 'client-overview', 'write'),
  ('role-ceo', 'client-alerts', 'write'),
  ('role-ceo', 'client-activity', 'write'),
  ('role-ceo', 'client-full-profile', 'write'),
  ('role-ceo', 'client-bp-associations', 'write'),
  ('role-ceo', 'client-locations', 'write'),
  ('role-ceo', 'client-incidents', 'write'),
  ('role-ceo', 'client-requests', 'write'),
  ('role-ceo', 'client-restrictive-practices', 'write'),
  ('role-ceo', 'client-consents-and-legal-orders', 'write'),
  ('role-ceo', 'client-plan-budget', 'write'),
  ('role-ceo', 'client-plan-and-assessment', 'write'),
  ('role-ceo', 'client-support-plan', 'write'),
  ('role-ceo', 'client-goals', 'write'),
  ('role-ceo', 'client-progress-review', 'write'),
  ('role-ceo', 'client-contact-activity', 'write'),
  ('role-ceo', 'client-risks', 'write'),
  ('role-ceo', 'client-service-agreements', 'write'),
  ('role-ceo', 'client-service-bookings', 'write'),
  ('role-ceo', 'client-support-receiver-needs-and-rules', 'write'),
  ('role-ceo', 'incidents', 'write'),
  ('role-ceo', 'incident-overview', 'write'),
  ('role-ceo', 'incident-parties-and-links', 'write'),
  ('role-ceo', 'incident-investigation', 'write'),
  ('role-ceo', 'incident-notifications', 'write'),
  ('role-ceo', 'incidents-compliance', 'write'),
  ('role-ceo', 'incidents-dashboard', 'write'),
  ('role-ceo', 'incident-manager-override', 'write'),
  ('role-ceo', 'locations', 'write'),
  ('role-ceo', 'location-overview', 'write'),
  ('role-ceo', 'location-activity', 'write'),
  ('role-ceo', 'location-contact-and-address', 'write'),
  ('role-ceo', 'location-alerts', 'write'),
  ('role-ceo', 'location-clients', 'write'),
  ('role-ceo', 'location-employees', 'write'),
  ('role-ceo', 'location-incidents', 'write'),
  ('role-ceo', 'location-products-and-services', 'write'),
  ('role-ceo', 'employees', 'write'),
  ('role-ceo', 'employee-overview', 'write'),
  ('role-ceo', 'employee-activity', 'write'),
  ('role-ceo', 'employee-contact', 'write'),
  ('role-ceo', 'employee-locations', 'write'),
  ('role-ceo', 'employee-emergency-contacts', 'write'),
  ('role-ceo', 'employee-employment', 'write'),
  ('role-ceo', 'employee-work-rights', 'write'),
  ('role-ceo', 'employee-payroll', 'write'),
  ('role-ceo', 'employee-leave', 'write'),
  ('role-ceo', 'employee-incidents', 'write'),
  ('role-ceo', 'employee-credentials-assigned', 'write'),
  ('role-ceo', 'employee-alerts', 'write'),
  ('role-ceo', 'employee-documents', 'write'),
  ('role-ceo', 'employee-skills', 'write'),
  ('role-ceo', 'employee-system-access', 'write'),
  ('role-ceo', 'enquiries', 'write'),
  ('role-ceo', 'enquiry-enquiry-details', 'write'),
  ('role-ceo', 'enquiry-activity', 'write'),
  ('role-ceo', 'enquiry-participant', 'write'),
  ('role-ceo', 'enquiry-support-needs', 'write'),
  ('role-ceo', 'enquiry-qualification', 'write'),
  ('role-ceo', 'service-bookings', 'write'),
  ('role-ceo', 'rostering', 'write'),
  ('role-ceo', 'timesheets', 'write'),
  ('role-ceo', 'generate-timesheets', 'write'),
  ('role-ceo', 'claims', 'write'),
  ('role-ceo', 'generate-claims', 'write'),
  ('role-ceo', 'invoices', 'write'),
  ('role-ceo', 'generate-invoices', 'write'),
  ('role-ceo', 'plan-reconciliation', 'write'),
  ('role-ceo', 'claim-reconciliation', 'write'),
  ('role-ceo', 'financial-close', 'write'),
  ('role-ceo', 'ndis-audit-pack', 'write'),
  ('role-ceo', 'board-reporting', 'write'),
  ('role-ceo', 'home-prompt', 'read'),
  ('role-ceo', 'home-needs-attention', 'read'),
  ('role-ceo', 'home-today', 'read'),
  ('role-ceo', 'home-module-enquiries', 'read'),
  ('role-ceo', 'home-module-clients', 'read'),
  ('role-ceo', 'home-module-incidents', 'read'),
  ('role-ceo', 'home-module-employees', 'read'),
  ('role-ceo', 'home-recent-enquiries', 'read'),
  ('role-ceo', 'home-recent-clients', 'read'),
  ('role-ceo', 'home-recent-incidents', 'read'),
  ('role-ceo', 'home-quick-new-enquiry', 'read'),
  ('role-ceo', 'home-quick-report-incident', 'read'),
  ('role-exec-operations', 'home', 'write'),
  ('role-exec-operations', 'reports', 'write'),
  ('role-exec-operations', 'tasks', 'write'),
  ('role-exec-operations', 'tasks-assigned-to-me', 'write'),
  ('role-exec-operations', 'tasks-for-my-role', 'write'),
  ('role-exec-operations', 'tasks-all', 'write'),
  ('role-exec-operations', 'tasks-past', 'write'),
  ('role-exec-operations', 'my-workplace', 'write'),
  ('role-exec-operations', 'my-leave', 'write'),
  ('role-exec-operations', 'my-profile', 'write'),
  ('role-exec-operations', 'my-availability', 'write'),
  ('role-exec-operations', 'my-contracts', 'write'),
  ('role-exec-operations', 'my-credentials', 'write'),
  ('role-exec-operations', 'workforce-planning', 'write'),
  ('role-exec-operations', 'workforce-organisation', 'write'),
  ('role-exec-operations', 'workforce-org-edit', 'write'),
  ('role-exec-operations', 'clients', 'write'),
  ('role-exec-operations', 'client-overview', 'write'),
  ('role-exec-operations', 'client-alerts', 'write'),
  ('role-exec-operations', 'client-activity', 'write'),
  ('role-exec-operations', 'client-full-profile', 'write'),
  ('role-exec-operations', 'client-bp-associations', 'write'),
  ('role-exec-operations', 'client-locations', 'write'),
  ('role-exec-operations', 'client-incidents', 'write'),
  ('role-exec-operations', 'client-requests', 'write'),
  ('role-exec-operations', 'client-restrictive-practices', 'write'),
  ('role-exec-operations', 'client-consents-and-legal-orders', 'write'),
  ('role-exec-operations', 'client-plan-budget', 'write'),
  ('role-exec-operations', 'client-plan-and-assessment', 'write'),
  ('role-exec-operations', 'client-support-plan', 'write'),
  ('role-exec-operations', 'client-goals', 'write'),
  ('role-exec-operations', 'client-progress-review', 'write'),
  ('role-exec-operations', 'client-contact-activity', 'write'),
  ('role-exec-operations', 'client-risks', 'write'),
  ('role-exec-operations', 'client-service-agreements', 'write'),
  ('role-exec-operations', 'client-service-bookings', 'write'),
  ('role-exec-operations', 'client-support-receiver-needs-and-rules', 'write'),
  ('role-exec-operations', 'incidents', 'write'),
  ('role-exec-operations', 'incident-overview', 'write'),
  ('role-exec-operations', 'incident-parties-and-links', 'write'),
  ('role-exec-operations', 'incident-investigation', 'write'),
  ('role-exec-operations', 'incident-notifications', 'write'),
  ('role-exec-operations', 'incidents-compliance', 'write'),
  ('role-exec-operations', 'incidents-dashboard', 'write'),
  ('role-exec-operations', 'incident-manager-override', 'write'),
  ('role-exec-operations', 'locations', 'write'),
  ('role-exec-operations', 'location-overview', 'write'),
  ('role-exec-operations', 'location-activity', 'write'),
  ('role-exec-operations', 'location-contact-and-address', 'write'),
  ('role-exec-operations', 'location-alerts', 'write'),
  ('role-exec-operations', 'location-clients', 'write'),
  ('role-exec-operations', 'location-employees', 'write'),
  ('role-exec-operations', 'location-incidents', 'write'),
  ('role-exec-operations', 'location-products-and-services', 'write'),
  ('role-exec-operations', 'employees', 'write'),
  ('role-exec-operations', 'employee-overview', 'write'),
  ('role-exec-operations', 'employee-activity', 'write'),
  ('role-exec-operations', 'employee-contact', 'write'),
  ('role-exec-operations', 'employee-locations', 'write'),
  ('role-exec-operations', 'employee-emergency-contacts', 'write'),
  ('role-exec-operations', 'employee-employment', 'write'),
  ('role-exec-operations', 'employee-work-rights', 'write'),
  ('role-exec-operations', 'employee-payroll', 'write'),
  ('role-exec-operations', 'employee-leave', 'write'),
  ('role-exec-operations', 'employee-incidents', 'write'),
  ('role-exec-operations', 'employee-credentials-assigned', 'write'),
  ('role-exec-operations', 'employee-alerts', 'write'),
  ('role-exec-operations', 'employee-documents', 'write'),
  ('role-exec-operations', 'employee-skills', 'write'),
  ('role-exec-operations', 'employee-system-access', 'write'),
  ('role-exec-operations', 'enquiries', 'write'),
  ('role-exec-operations', 'enquiry-enquiry-details', 'write'),
  ('role-exec-operations', 'enquiry-activity', 'write'),
  ('role-exec-operations', 'enquiry-participant', 'write'),
  ('role-exec-operations', 'enquiry-support-needs', 'write'),
  ('role-exec-operations', 'enquiry-qualification', 'write'),
  ('role-exec-operations', 'service-bookings', 'write'),
  ('role-exec-operations', 'rostering', 'write'),
  ('role-exec-operations', 'timesheets', 'write'),
  ('role-exec-operations', 'generate-timesheets', 'write'),
  ('role-exec-operations', 'claims', 'write'),
  ('role-exec-operations', 'generate-claims', 'write'),
  ('role-exec-operations', 'invoices', 'write'),
  ('role-exec-operations', 'generate-invoices', 'write'),
  ('role-exec-operations', 'plan-reconciliation', 'write'),
  ('role-exec-operations', 'claim-reconciliation', 'write'),
  ('role-exec-operations', 'financial-close', 'write'),
  ('role-exec-operations', 'ndis-audit-pack', 'write'),
  ('role-exec-operations', 'board-reporting', 'write'),
  ('role-exec-operations', 'home-prompt', 'read'),
  ('role-exec-operations', 'home-needs-attention', 'read'),
  ('role-exec-operations', 'home-today', 'read'),
  ('role-exec-operations', 'home-module-enquiries', 'read'),
  ('role-exec-operations', 'home-module-clients', 'read'),
  ('role-exec-operations', 'home-module-incidents', 'read'),
  ('role-exec-operations', 'home-module-employees', 'read'),
  ('role-exec-operations', 'home-recent-enquiries', 'read'),
  ('role-exec-operations', 'home-recent-clients', 'read'),
  ('role-exec-operations', 'home-recent-incidents', 'read'),
  ('role-exec-operations', 'home-quick-new-enquiry', 'read'),
  ('role-exec-operations', 'home-quick-report-incident', 'read'),
  ('role-exec-hr', 'home', 'write'),
  ('role-exec-hr', 'reports', 'write'),
  ('role-exec-hr', 'tasks', 'write'),
  ('role-exec-hr', 'tasks-assigned-to-me', 'write'),
  ('role-exec-hr', 'tasks-for-my-role', 'write'),
  ('role-exec-hr', 'tasks-all', 'write'),
  ('role-exec-hr', 'tasks-past', 'write'),
  ('role-exec-hr', 'my-workplace', 'write'),
  ('role-exec-hr', 'my-leave', 'write'),
  ('role-exec-hr', 'my-profile', 'write'),
  ('role-exec-hr', 'my-availability', 'write'),
  ('role-exec-hr', 'my-contracts', 'write'),
  ('role-exec-hr', 'my-credentials', 'write'),
  ('role-exec-hr', 'workforce-planning', 'write'),
  ('role-exec-hr', 'workforce-organisation', 'write'),
  ('role-exec-hr', 'workforce-org-edit', 'write'),
  ('role-exec-hr', 'clients', 'write'),
  ('role-exec-hr', 'client-overview', 'write'),
  ('role-exec-hr', 'client-alerts', 'write'),
  ('role-exec-hr', 'client-activity', 'write'),
  ('role-exec-hr', 'client-full-profile', 'write'),
  ('role-exec-hr', 'client-bp-associations', 'write'),
  ('role-exec-hr', 'client-locations', 'write'),
  ('role-exec-hr', 'client-incidents', 'write'),
  ('role-exec-hr', 'client-requests', 'write'),
  ('role-exec-hr', 'client-restrictive-practices', 'write'),
  ('role-exec-hr', 'client-consents-and-legal-orders', 'write'),
  ('role-exec-hr', 'client-plan-budget', 'write'),
  ('role-exec-hr', 'client-plan-and-assessment', 'write'),
  ('role-exec-hr', 'client-support-plan', 'write'),
  ('role-exec-hr', 'client-goals', 'write'),
  ('role-exec-hr', 'client-progress-review', 'write'),
  ('role-exec-hr', 'client-contact-activity', 'write'),
  ('role-exec-hr', 'client-risks', 'write'),
  ('role-exec-hr', 'client-service-agreements', 'write'),
  ('role-exec-hr', 'client-service-bookings', 'write'),
  ('role-exec-hr', 'client-support-receiver-needs-and-rules', 'write'),
  ('role-exec-hr', 'incidents', 'write'),
  ('role-exec-hr', 'incident-overview', 'write'),
  ('role-exec-hr', 'incident-parties-and-links', 'write'),
  ('role-exec-hr', 'incident-investigation', 'write'),
  ('role-exec-hr', 'incident-notifications', 'write'),
  ('role-exec-hr', 'incidents-compliance', 'write'),
  ('role-exec-hr', 'incidents-dashboard', 'write'),
  ('role-exec-hr', 'incident-manager-override', 'write'),
  ('role-exec-hr', 'locations', 'write'),
  ('role-exec-hr', 'location-overview', 'write'),
  ('role-exec-hr', 'location-activity', 'write'),
  ('role-exec-hr', 'location-contact-and-address', 'write'),
  ('role-exec-hr', 'location-alerts', 'write'),
  ('role-exec-hr', 'location-clients', 'write'),
  ('role-exec-hr', 'location-employees', 'write'),
  ('role-exec-hr', 'location-incidents', 'write'),
  ('role-exec-hr', 'location-products-and-services', 'write'),
  ('role-exec-hr', 'employees', 'write'),
  ('role-exec-hr', 'employee-overview', 'write'),
  ('role-exec-hr', 'employee-activity', 'write'),
  ('role-exec-hr', 'employee-contact', 'write'),
  ('role-exec-hr', 'employee-locations', 'write'),
  ('role-exec-hr', 'employee-emergency-contacts', 'write'),
  ('role-exec-hr', 'employee-employment', 'write'),
  ('role-exec-hr', 'employee-work-rights', 'write'),
  ('role-exec-hr', 'employee-payroll', 'write'),
  ('role-exec-hr', 'employee-leave', 'write'),
  ('role-exec-hr', 'employee-incidents', 'write'),
  ('role-exec-hr', 'employee-credentials-assigned', 'write'),
  ('role-exec-hr', 'employee-alerts', 'write'),
  ('role-exec-hr', 'employee-documents', 'write'),
  ('role-exec-hr', 'employee-skills', 'write'),
  ('role-exec-hr', 'employee-system-access', 'write'),
  ('role-exec-hr', 'enquiries', 'write'),
  ('role-exec-hr', 'enquiry-enquiry-details', 'write'),
  ('role-exec-hr', 'enquiry-activity', 'write'),
  ('role-exec-hr', 'enquiry-participant', 'write'),
  ('role-exec-hr', 'enquiry-support-needs', 'write'),
  ('role-exec-hr', 'enquiry-qualification', 'write'),
  ('role-exec-hr', 'service-bookings', 'write'),
  ('role-exec-hr', 'rostering', 'write'),
  ('role-exec-hr', 'timesheets', 'write'),
  ('role-exec-hr', 'generate-timesheets', 'write'),
  ('role-exec-hr', 'claims', 'write'),
  ('role-exec-hr', 'generate-claims', 'write'),
  ('role-exec-hr', 'invoices', 'write'),
  ('role-exec-hr', 'generate-invoices', 'write'),
  ('role-exec-hr', 'plan-reconciliation', 'write'),
  ('role-exec-hr', 'claim-reconciliation', 'write'),
  ('role-exec-hr', 'financial-close', 'write'),
  ('role-exec-hr', 'ndis-audit-pack', 'write'),
  ('role-exec-hr', 'board-reporting', 'write'),
  ('role-exec-hr', 'home-prompt', 'read'),
  ('role-exec-hr', 'home-needs-attention', 'read'),
  ('role-exec-hr', 'home-today', 'read'),
  ('role-exec-hr', 'home-module-enquiries', 'read'),
  ('role-exec-hr', 'home-module-clients', 'read'),
  ('role-exec-hr', 'home-module-incidents', 'read'),
  ('role-exec-hr', 'home-module-employees', 'read'),
  ('role-exec-hr', 'home-recent-enquiries', 'read'),
  ('role-exec-hr', 'home-recent-clients', 'read'),
  ('role-exec-hr', 'home-recent-incidents', 'read'),
  ('role-exec-hr', 'home-quick-new-enquiry', 'read'),
  ('role-exec-hr', 'home-quick-report-incident', 'read'),
  ('role-exec-finance', 'home', 'write'),
  ('role-exec-finance', 'reports', 'write'),
  ('role-exec-finance', 'tasks', 'write'),
  ('role-exec-finance', 'tasks-assigned-to-me', 'write'),
  ('role-exec-finance', 'tasks-for-my-role', 'write'),
  ('role-exec-finance', 'tasks-all', 'write'),
  ('role-exec-finance', 'tasks-past', 'write'),
  ('role-exec-finance', 'my-workplace', 'write'),
  ('role-exec-finance', 'my-leave', 'write'),
  ('role-exec-finance', 'my-profile', 'write'),
  ('role-exec-finance', 'my-availability', 'write'),
  ('role-exec-finance', 'my-contracts', 'write'),
  ('role-exec-finance', 'my-credentials', 'write'),
  ('role-exec-finance', 'workforce-planning', 'write'),
  ('role-exec-finance', 'workforce-organisation', 'write'),
  ('role-exec-finance', 'workforce-org-edit', 'write'),
  ('role-exec-finance', 'clients', 'write'),
  ('role-exec-finance', 'client-overview', 'write'),
  ('role-exec-finance', 'client-alerts', 'write'),
  ('role-exec-finance', 'client-activity', 'write'),
  ('role-exec-finance', 'client-full-profile', 'write'),
  ('role-exec-finance', 'client-bp-associations', 'write'),
  ('role-exec-finance', 'client-locations', 'write'),
  ('role-exec-finance', 'client-incidents', 'write'),
  ('role-exec-finance', 'client-requests', 'write'),
  ('role-exec-finance', 'client-restrictive-practices', 'write'),
  ('role-exec-finance', 'client-consents-and-legal-orders', 'write'),
  ('role-exec-finance', 'client-plan-budget', 'write'),
  ('role-exec-finance', 'client-plan-and-assessment', 'write'),
  ('role-exec-finance', 'client-support-plan', 'write'),
  ('role-exec-finance', 'client-goals', 'write'),
  ('role-exec-finance', 'client-progress-review', 'write'),
  ('role-exec-finance', 'client-contact-activity', 'write'),
  ('role-exec-finance', 'client-risks', 'write'),
  ('role-exec-finance', 'client-service-agreements', 'write'),
  ('role-exec-finance', 'client-service-bookings', 'write'),
  ('role-exec-finance', 'client-support-receiver-needs-and-rules', 'write'),
  ('role-exec-finance', 'incidents', 'write'),
  ('role-exec-finance', 'incident-overview', 'write'),
  ('role-exec-finance', 'incident-parties-and-links', 'write'),
  ('role-exec-finance', 'incident-investigation', 'write'),
  ('role-exec-finance', 'incident-notifications', 'write'),
  ('role-exec-finance', 'incidents-compliance', 'write'),
  ('role-exec-finance', 'incidents-dashboard', 'write'),
  ('role-exec-finance', 'incident-manager-override', 'write'),
  ('role-exec-finance', 'locations', 'write'),
  ('role-exec-finance', 'location-overview', 'write'),
  ('role-exec-finance', 'location-activity', 'write'),
  ('role-exec-finance', 'location-contact-and-address', 'write'),
  ('role-exec-finance', 'location-alerts', 'write'),
  ('role-exec-finance', 'location-clients', 'write'),
  ('role-exec-finance', 'location-employees', 'write'),
  ('role-exec-finance', 'location-incidents', 'write'),
  ('role-exec-finance', 'location-products-and-services', 'write'),
  ('role-exec-finance', 'employees', 'write'),
  ('role-exec-finance', 'employee-overview', 'write'),
  ('role-exec-finance', 'employee-activity', 'write'),
  ('role-exec-finance', 'employee-contact', 'write'),
  ('role-exec-finance', 'employee-locations', 'write'),
  ('role-exec-finance', 'employee-emergency-contacts', 'write'),
  ('role-exec-finance', 'employee-employment', 'write'),
  ('role-exec-finance', 'employee-work-rights', 'write'),
  ('role-exec-finance', 'employee-payroll', 'write'),
  ('role-exec-finance', 'employee-leave', 'write'),
  ('role-exec-finance', 'employee-incidents', 'write'),
  ('role-exec-finance', 'employee-credentials-assigned', 'write'),
  ('role-exec-finance', 'employee-alerts', 'write'),
  ('role-exec-finance', 'employee-documents', 'write'),
  ('role-exec-finance', 'employee-skills', 'write'),
  ('role-exec-finance', 'employee-system-access', 'write'),
  ('role-exec-finance', 'enquiries', 'write'),
  ('role-exec-finance', 'enquiry-enquiry-details', 'write'),
  ('role-exec-finance', 'enquiry-activity', 'write'),
  ('role-exec-finance', 'enquiry-participant', 'write'),
  ('role-exec-finance', 'enquiry-support-needs', 'write'),
  ('role-exec-finance', 'enquiry-qualification', 'write'),
  ('role-exec-finance', 'service-bookings', 'write'),
  ('role-exec-finance', 'rostering', 'write'),
  ('role-exec-finance', 'timesheets', 'write'),
  ('role-exec-finance', 'generate-timesheets', 'write'),
  ('role-exec-finance', 'claims', 'write'),
  ('role-exec-finance', 'generate-claims', 'write'),
  ('role-exec-finance', 'invoices', 'write'),
  ('role-exec-finance', 'generate-invoices', 'write'),
  ('role-exec-finance', 'plan-reconciliation', 'write'),
  ('role-exec-finance', 'claim-reconciliation', 'write'),
  ('role-exec-finance', 'financial-close', 'write'),
  ('role-exec-finance', 'ndis-audit-pack', 'write'),
  ('role-exec-finance', 'board-reporting', 'write'),
  ('role-exec-finance', 'home-prompt', 'read'),
  ('role-exec-finance', 'home-needs-attention', 'read'),
  ('role-exec-finance', 'home-today', 'read'),
  ('role-exec-finance', 'home-module-enquiries', 'read'),
  ('role-exec-finance', 'home-module-clients', 'read'),
  ('role-exec-finance', 'home-module-incidents', 'read'),
  ('role-exec-finance', 'home-module-employees', 'read'),
  ('role-exec-finance', 'home-recent-enquiries', 'read'),
  ('role-exec-finance', 'home-recent-clients', 'read'),
  ('role-exec-finance', 'home-recent-incidents', 'read'),
  ('role-exec-finance', 'home-quick-new-enquiry', 'read'),
  ('role-exec-finance', 'home-quick-report-incident', 'read'),
  ('role-exec-ict', 'home', 'write'),
  ('role-exec-ict', 'reports', 'write'),
  ('role-exec-ict', 'tasks', 'write'),
  ('role-exec-ict', 'tasks-assigned-to-me', 'write'),
  ('role-exec-ict', 'tasks-for-my-role', 'write'),
  ('role-exec-ict', 'tasks-all', 'write'),
  ('role-exec-ict', 'tasks-past', 'write'),
  ('role-exec-ict', 'my-workplace', 'write'),
  ('role-exec-ict', 'my-leave', 'write'),
  ('role-exec-ict', 'my-profile', 'write'),
  ('role-exec-ict', 'my-availability', 'write'),
  ('role-exec-ict', 'my-contracts', 'write'),
  ('role-exec-ict', 'my-credentials', 'write'),
  ('role-exec-ict', 'workforce-planning', 'write'),
  ('role-exec-ict', 'workforce-organisation', 'write'),
  ('role-exec-ict', 'workforce-org-edit', 'write'),
  ('role-exec-ict', 'clients', 'write'),
  ('role-exec-ict', 'client-overview', 'write'),
  ('role-exec-ict', 'client-alerts', 'write'),
  ('role-exec-ict', 'client-activity', 'write'),
  ('role-exec-ict', 'client-full-profile', 'write'),
  ('role-exec-ict', 'client-bp-associations', 'write'),
  ('role-exec-ict', 'client-locations', 'write'),
  ('role-exec-ict', 'client-incidents', 'write'),
  ('role-exec-ict', 'client-requests', 'write'),
  ('role-exec-ict', 'client-restrictive-practices', 'write'),
  ('role-exec-ict', 'client-consents-and-legal-orders', 'write'),
  ('role-exec-ict', 'client-plan-budget', 'write'),
  ('role-exec-ict', 'client-plan-and-assessment', 'write'),
  ('role-exec-ict', 'client-support-plan', 'write'),
  ('role-exec-ict', 'client-goals', 'write'),
  ('role-exec-ict', 'client-progress-review', 'write'),
  ('role-exec-ict', 'client-contact-activity', 'write'),
  ('role-exec-ict', 'client-risks', 'write'),
  ('role-exec-ict', 'client-service-agreements', 'write'),
  ('role-exec-ict', 'client-service-bookings', 'write'),
  ('role-exec-ict', 'client-support-receiver-needs-and-rules', 'write'),
  ('role-exec-ict', 'incidents', 'write'),
  ('role-exec-ict', 'incident-overview', 'write'),
  ('role-exec-ict', 'incident-parties-and-links', 'write'),
  ('role-exec-ict', 'incident-investigation', 'write'),
  ('role-exec-ict', 'incident-notifications', 'write'),
  ('role-exec-ict', 'incidents-compliance', 'write'),
  ('role-exec-ict', 'incidents-dashboard', 'write'),
  ('role-exec-ict', 'incident-manager-override', 'write'),
  ('role-exec-ict', 'locations', 'write'),
  ('role-exec-ict', 'location-overview', 'write'),
  ('role-exec-ict', 'location-activity', 'write'),
  ('role-exec-ict', 'location-contact-and-address', 'write'),
  ('role-exec-ict', 'location-alerts', 'write'),
  ('role-exec-ict', 'location-clients', 'write'),
  ('role-exec-ict', 'location-employees', 'write'),
  ('role-exec-ict', 'location-incidents', 'write'),
  ('role-exec-ict', 'location-products-and-services', 'write'),
  ('role-exec-ict', 'employees', 'write'),
  ('role-exec-ict', 'employee-overview', 'write'),
  ('role-exec-ict', 'employee-activity', 'write'),
  ('role-exec-ict', 'employee-contact', 'write'),
  ('role-exec-ict', 'employee-locations', 'write'),
  ('role-exec-ict', 'employee-emergency-contacts', 'write'),
  ('role-exec-ict', 'employee-employment', 'write'),
  ('role-exec-ict', 'employee-work-rights', 'write'),
  ('role-exec-ict', 'employee-payroll', 'write'),
  ('role-exec-ict', 'employee-leave', 'write'),
  ('role-exec-ict', 'employee-incidents', 'write'),
  ('role-exec-ict', 'employee-credentials-assigned', 'write'),
  ('role-exec-ict', 'employee-alerts', 'write'),
  ('role-exec-ict', 'employee-documents', 'write'),
  ('role-exec-ict', 'employee-skills', 'write'),
  ('role-exec-ict', 'employee-system-access', 'write'),
  ('role-exec-ict', 'enquiries', 'write'),
  ('role-exec-ict', 'enquiry-enquiry-details', 'write'),
  ('role-exec-ict', 'enquiry-activity', 'write'),
  ('role-exec-ict', 'enquiry-participant', 'write'),
  ('role-exec-ict', 'enquiry-support-needs', 'write'),
  ('role-exec-ict', 'enquiry-qualification', 'write'),
  ('role-exec-ict', 'service-bookings', 'write'),
  ('role-exec-ict', 'rostering', 'write'),
  ('role-exec-ict', 'timesheets', 'write'),
  ('role-exec-ict', 'generate-timesheets', 'write'),
  ('role-exec-ict', 'claims', 'write'),
  ('role-exec-ict', 'generate-claims', 'write'),
  ('role-exec-ict', 'invoices', 'write'),
  ('role-exec-ict', 'generate-invoices', 'write'),
  ('role-exec-ict', 'plan-reconciliation', 'write'),
  ('role-exec-ict', 'claim-reconciliation', 'write'),
  ('role-exec-ict', 'financial-close', 'write'),
  ('role-exec-ict', 'ndis-audit-pack', 'write'),
  ('role-exec-ict', 'board-reporting', 'write'),
  ('role-exec-ict', 'home-prompt', 'read'),
  ('role-exec-ict', 'home-needs-attention', 'read'),
  ('role-exec-ict', 'home-today', 'read'),
  ('role-exec-ict', 'home-module-enquiries', 'read'),
  ('role-exec-ict', 'home-module-clients', 'read'),
  ('role-exec-ict', 'home-module-incidents', 'read'),
  ('role-exec-ict', 'home-module-employees', 'read'),
  ('role-exec-ict', 'home-recent-enquiries', 'read'),
  ('role-exec-ict', 'home-recent-clients', 'read'),
  ('role-exec-ict', 'home-recent-incidents', 'read'),
  ('role-exec-ict', 'home-quick-new-enquiry', 'read'),
  ('role-exec-ict', 'home-quick-report-incident', 'read'),
  ('role-exec-quality', 'home', 'write'),
  ('role-exec-quality', 'reports', 'write'),
  ('role-exec-quality', 'tasks', 'write'),
  ('role-exec-quality', 'tasks-assigned-to-me', 'write'),
  ('role-exec-quality', 'tasks-for-my-role', 'write'),
  ('role-exec-quality', 'tasks-all', 'write'),
  ('role-exec-quality', 'tasks-past', 'write'),
  ('role-exec-quality', 'my-workplace', 'write'),
  ('role-exec-quality', 'my-leave', 'write'),
  ('role-exec-quality', 'my-profile', 'write'),
  ('role-exec-quality', 'my-availability', 'write'),
  ('role-exec-quality', 'my-contracts', 'write'),
  ('role-exec-quality', 'my-credentials', 'write'),
  ('role-exec-quality', 'workforce-planning', 'write'),
  ('role-exec-quality', 'workforce-organisation', 'write'),
  ('role-exec-quality', 'workforce-org-edit', 'write'),
  ('role-exec-quality', 'clients', 'write'),
  ('role-exec-quality', 'client-overview', 'write'),
  ('role-exec-quality', 'client-alerts', 'write'),
  ('role-exec-quality', 'client-activity', 'write'),
  ('role-exec-quality', 'client-full-profile', 'write'),
  ('role-exec-quality', 'client-bp-associations', 'write'),
  ('role-exec-quality', 'client-locations', 'write'),
  ('role-exec-quality', 'client-incidents', 'write'),
  ('role-exec-quality', 'client-requests', 'write'),
  ('role-exec-quality', 'client-restrictive-practices', 'write'),
  ('role-exec-quality', 'client-consents-and-legal-orders', 'write'),
  ('role-exec-quality', 'client-plan-budget', 'write'),
  ('role-exec-quality', 'client-plan-and-assessment', 'write'),
  ('role-exec-quality', 'client-support-plan', 'write'),
  ('role-exec-quality', 'client-goals', 'write'),
  ('role-exec-quality', 'client-progress-review', 'write'),
  ('role-exec-quality', 'client-contact-activity', 'write'),
  ('role-exec-quality', 'client-risks', 'write'),
  ('role-exec-quality', 'client-service-agreements', 'write'),
  ('role-exec-quality', 'client-service-bookings', 'write'),
  ('role-exec-quality', 'client-support-receiver-needs-and-rules', 'write'),
  ('role-exec-quality', 'incidents', 'write'),
  ('role-exec-quality', 'incident-overview', 'write'),
  ('role-exec-quality', 'incident-parties-and-links', 'write'),
  ('role-exec-quality', 'incident-investigation', 'write'),
  ('role-exec-quality', 'incident-notifications', 'write'),
  ('role-exec-quality', 'incidents-compliance', 'write'),
  ('role-exec-quality', 'incidents-dashboard', 'write'),
  ('role-exec-quality', 'incident-manager-override', 'write'),
  ('role-exec-quality', 'locations', 'write'),
  ('role-exec-quality', 'location-overview', 'write'),
  ('role-exec-quality', 'location-activity', 'write'),
  ('role-exec-quality', 'location-contact-and-address', 'write'),
  ('role-exec-quality', 'location-alerts', 'write'),
  ('role-exec-quality', 'location-clients', 'write'),
  ('role-exec-quality', 'location-employees', 'write'),
  ('role-exec-quality', 'location-incidents', 'write'),
  ('role-exec-quality', 'location-products-and-services', 'write'),
  ('role-exec-quality', 'employees', 'write'),
  ('role-exec-quality', 'employee-overview', 'write'),
  ('role-exec-quality', 'employee-activity', 'write'),
  ('role-exec-quality', 'employee-contact', 'write'),
  ('role-exec-quality', 'employee-locations', 'write'),
  ('role-exec-quality', 'employee-emergency-contacts', 'write'),
  ('role-exec-quality', 'employee-employment', 'write'),
  ('role-exec-quality', 'employee-work-rights', 'write'),
  ('role-exec-quality', 'employee-payroll', 'write'),
  ('role-exec-quality', 'employee-leave', 'write'),
  ('role-exec-quality', 'employee-incidents', 'write'),
  ('role-exec-quality', 'employee-credentials-assigned', 'write'),
  ('role-exec-quality', 'employee-alerts', 'write'),
  ('role-exec-quality', 'employee-documents', 'write'),
  ('role-exec-quality', 'employee-skills', 'write'),
  ('role-exec-quality', 'employee-system-access', 'write'),
  ('role-exec-quality', 'enquiries', 'write'),
  ('role-exec-quality', 'enquiry-enquiry-details', 'write'),
  ('role-exec-quality', 'enquiry-activity', 'write'),
  ('role-exec-quality', 'enquiry-participant', 'write'),
  ('role-exec-quality', 'enquiry-support-needs', 'write'),
  ('role-exec-quality', 'enquiry-qualification', 'write'),
  ('role-exec-quality', 'service-bookings', 'write'),
  ('role-exec-quality', 'rostering', 'write'),
  ('role-exec-quality', 'timesheets', 'write'),
  ('role-exec-quality', 'generate-timesheets', 'write'),
  ('role-exec-quality', 'claims', 'write'),
  ('role-exec-quality', 'generate-claims', 'write'),
  ('role-exec-quality', 'invoices', 'write'),
  ('role-exec-quality', 'generate-invoices', 'write'),
  ('role-exec-quality', 'plan-reconciliation', 'write'),
  ('role-exec-quality', 'claim-reconciliation', 'write'),
  ('role-exec-quality', 'financial-close', 'write'),
  ('role-exec-quality', 'ndis-audit-pack', 'write'),
  ('role-exec-quality', 'board-reporting', 'write'),
  ('role-exec-quality', 'home-prompt', 'read'),
  ('role-exec-quality', 'home-needs-attention', 'read'),
  ('role-exec-quality', 'home-today', 'read'),
  ('role-exec-quality', 'home-module-enquiries', 'read'),
  ('role-exec-quality', 'home-module-clients', 'read'),
  ('role-exec-quality', 'home-module-incidents', 'read'),
  ('role-exec-quality', 'home-module-employees', 'read'),
  ('role-exec-quality', 'home-recent-enquiries', 'read'),
  ('role-exec-quality', 'home-recent-clients', 'read'),
  ('role-exec-quality', 'home-recent-incidents', 'read'),
  ('role-exec-quality', 'home-quick-new-enquiry', 'read'),
  ('role-exec-quality', 'home-quick-report-incident', 'read'),
  ('role-hr-manager', 'home', 'write'),
  ('role-hr-manager', 'reports', 'write'),
  ('role-hr-manager', 'tasks', 'write'),
  ('role-hr-manager', 'tasks-assigned-to-me', 'write'),
  ('role-hr-manager', 'tasks-for-my-role', 'write'),
  ('role-hr-manager', 'tasks-all', 'write'),
  ('role-hr-manager', 'tasks-past', 'write'),
  ('role-hr-manager', 'my-workplace', 'write'),
  ('role-hr-manager', 'my-leave', 'write'),
  ('role-hr-manager', 'my-profile', 'write'),
  ('role-hr-manager', 'my-availability', 'write'),
  ('role-hr-manager', 'my-contracts', 'write'),
  ('role-hr-manager', 'my-credentials', 'write'),
  ('role-hr-manager', 'workforce-planning', 'write'),
  ('role-hr-manager', 'workforce-organisation', 'write'),
  ('role-hr-manager', 'clients', 'write'),
  ('role-hr-manager', 'client-overview', 'write'),
  ('role-hr-manager', 'client-alerts', 'write'),
  ('role-hr-manager', 'client-activity', 'write'),
  ('role-hr-manager', 'client-full-profile', 'write'),
  ('role-hr-manager', 'client-bp-associations', 'write'),
  ('role-hr-manager', 'client-locations', 'write'),
  ('role-hr-manager', 'client-incidents', 'write'),
  ('role-hr-manager', 'client-requests', 'write'),
  ('role-hr-manager', 'client-restrictive-practices', 'write'),
  ('role-hr-manager', 'client-consents-and-legal-orders', 'write'),
  ('role-hr-manager', 'client-plan-budget', 'write'),
  ('role-hr-manager', 'client-plan-and-assessment', 'write'),
  ('role-hr-manager', 'client-support-plan', 'write'),
  ('role-hr-manager', 'client-goals', 'write'),
  ('role-hr-manager', 'client-progress-review', 'write'),
  ('role-hr-manager', 'client-contact-activity', 'write'),
  ('role-hr-manager', 'client-risks', 'write'),
  ('role-hr-manager', 'client-service-agreements', 'write'),
  ('role-hr-manager', 'client-service-bookings', 'write'),
  ('role-hr-manager', 'client-support-receiver-needs-and-rules', 'write'),
  ('role-hr-manager', 'incidents', 'write'),
  ('role-hr-manager', 'incident-overview', 'write'),
  ('role-hr-manager', 'incident-parties-and-links', 'write'),
  ('role-hr-manager', 'incident-investigation', 'write'),
  ('role-hr-manager', 'incident-notifications', 'write'),
  ('role-hr-manager', 'incidents-compliance', 'write'),
  ('role-hr-manager', 'incidents-dashboard', 'write'),
  ('role-hr-manager', 'incident-manager-override', 'write'),
  ('role-hr-manager', 'locations', 'write'),
  ('role-hr-manager', 'location-overview', 'write'),
  ('role-hr-manager', 'location-activity', 'write'),
  ('role-hr-manager', 'location-contact-and-address', 'write'),
  ('role-hr-manager', 'location-alerts', 'write'),
  ('role-hr-manager', 'location-clients', 'write'),
  ('role-hr-manager', 'location-employees', 'write'),
  ('role-hr-manager', 'location-incidents', 'write'),
  ('role-hr-manager', 'location-products-and-services', 'write'),
  ('role-hr-manager', 'employees', 'write'),
  ('role-hr-manager', 'employee-overview', 'write'),
  ('role-hr-manager', 'employee-activity', 'write'),
  ('role-hr-manager', 'employee-contact', 'write'),
  ('role-hr-manager', 'employee-locations', 'write'),
  ('role-hr-manager', 'employee-emergency-contacts', 'write'),
  ('role-hr-manager', 'employee-employment', 'write'),
  ('role-hr-manager', 'employee-work-rights', 'write'),
  ('role-hr-manager', 'employee-payroll', 'write'),
  ('role-hr-manager', 'employee-leave', 'write'),
  ('role-hr-manager', 'employee-incidents', 'write'),
  ('role-hr-manager', 'employee-credentials-assigned', 'write'),
  ('role-hr-manager', 'employee-alerts', 'write'),
  ('role-hr-manager', 'employee-documents', 'write'),
  ('role-hr-manager', 'employee-skills', 'write'),
  ('role-hr-manager', 'employee-system-access', 'write'),
  ('role-hr-manager', 'home-prompt', 'read'),
  ('role-hr-manager', 'home-needs-attention', 'read'),
  ('role-hr-manager', 'home-today', 'read'),
  ('role-hr-manager', 'home-module-clients', 'read'),
  ('role-hr-manager', 'home-module-incidents', 'read'),
  ('role-hr-manager', 'home-module-employees', 'read'),
  ('role-hr-manager', 'home-recent-clients', 'read'),
  ('role-hr-manager', 'home-recent-incidents', 'read'),
  ('role-hr-manager', 'home-quick-report-incident', 'read'),
  ('role-hr-officer', 'home', 'write'),
  ('role-hr-officer', 'reports', 'write'),
  ('role-hr-officer', 'tasks', 'write'),
  ('role-hr-officer', 'tasks-assigned-to-me', 'write'),
  ('role-hr-officer', 'tasks-for-my-role', 'write'),
  ('role-hr-officer', 'tasks-all', 'write'),
  ('role-hr-officer', 'tasks-past', 'write'),
  ('role-hr-officer', 'my-workplace', 'write'),
  ('role-hr-officer', 'my-leave', 'write'),
  ('role-hr-officer', 'my-profile', 'write'),
  ('role-hr-officer', 'my-availability', 'write'),
  ('role-hr-officer', 'my-contracts', 'write'),
  ('role-hr-officer', 'my-credentials', 'write'),
  ('role-hr-officer', 'workforce-planning', 'write'),
  ('role-hr-officer', 'employees', 'write'),
  ('role-hr-officer', 'employee-overview', 'write'),
  ('role-hr-officer', 'employee-credentials-assigned', 'write'),
  ('role-hr-officer', 'clients', 'write'),
  ('role-hr-officer', 'client-overview', 'write'),
  ('role-hr-officer', 'client-alerts', 'write'),
  ('role-hr-officer', 'client-activity', 'write'),
  ('role-hr-officer', 'client-full-profile', 'write'),
  ('role-hr-officer', 'client-bp-associations', 'write'),
  ('role-hr-officer', 'client-locations', 'write'),
  ('role-hr-officer', 'client-incidents', 'write'),
  ('role-hr-officer', 'client-requests', 'write'),
  ('role-hr-officer', 'client-restrictive-practices', 'write'),
  ('role-hr-officer', 'client-consents-and-legal-orders', 'write'),
  ('role-hr-officer', 'client-plan-budget', 'write'),
  ('role-hr-officer', 'client-plan-and-assessment', 'write'),
  ('role-hr-officer', 'client-support-plan', 'write'),
  ('role-hr-officer', 'client-goals', 'write'),
  ('role-hr-officer', 'client-progress-review', 'write'),
  ('role-hr-officer', 'client-contact-activity', 'write'),
  ('role-hr-officer', 'client-risks', 'write'),
  ('role-hr-officer', 'client-service-agreements', 'write'),
  ('role-hr-officer', 'client-service-bookings', 'write'),
  ('role-hr-officer', 'client-support-receiver-needs-and-rules', 'write'),
  ('role-hr-officer', 'incidents', 'write'),
  ('role-hr-officer', 'incident-overview', 'write'),
  ('role-hr-officer', 'incident-parties-and-links', 'write'),
  ('role-hr-officer', 'incident-investigation', 'write'),
  ('role-hr-officer', 'incident-notifications', 'write'),
  ('role-hr-officer', 'incidents-compliance', 'write'),
  ('role-hr-officer', 'incidents-dashboard', 'write'),
  ('role-hr-officer', 'incident-manager-override', 'write'),
  ('role-hr-officer', 'locations', 'write'),
  ('role-hr-officer', 'location-overview', 'write'),
  ('role-hr-officer', 'location-activity', 'write'),
  ('role-hr-officer', 'location-contact-and-address', 'write'),
  ('role-hr-officer', 'location-alerts', 'write'),
  ('role-hr-officer', 'location-clients', 'write'),
  ('role-hr-officer', 'location-employees', 'write'),
  ('role-hr-officer', 'location-incidents', 'write'),
  ('role-hr-officer', 'location-products-and-services', 'write'),
  ('role-hr-officer', 'employee-incidents', 'write'),
  ('role-hr-officer', 'home-prompt', 'read'),
  ('role-hr-officer', 'home-needs-attention', 'read'),
  ('role-hr-officer', 'home-today', 'read'),
  ('role-hr-officer', 'home-module-clients', 'read'),
  ('role-hr-officer', 'home-module-incidents', 'read'),
  ('role-hr-officer', 'home-module-employees', 'read'),
  ('role-hr-officer', 'home-recent-clients', 'read'),
  ('role-hr-officer', 'home-recent-incidents', 'read'),
  ('role-hr-officer', 'home-quick-report-incident', 'read'),
  ('role-ict-manager', 'home', 'write'),
  ('role-ict-manager', 'reports', 'write'),
  ('role-ict-manager', 'tasks', 'write'),
  ('role-ict-manager', 'tasks-assigned-to-me', 'write'),
  ('role-ict-manager', 'tasks-for-my-role', 'write'),
  ('role-ict-manager', 'tasks-all', 'write'),
  ('role-ict-manager', 'tasks-past', 'write'),
  ('role-ict-manager', 'my-workplace', 'write'),
  ('role-ict-manager', 'my-leave', 'write'),
  ('role-ict-manager', 'my-profile', 'write'),
  ('role-ict-manager', 'my-availability', 'write'),
  ('role-ict-manager', 'my-contracts', 'write'),
  ('role-ict-manager', 'my-credentials', 'write'),
  ('role-ict-manager', 'workforce-planning', 'write'),
  ('role-ict-manager', 'clients', 'write'),
  ('role-ict-manager', 'client-overview', 'write'),
  ('role-ict-manager', 'client-alerts', 'write'),
  ('role-ict-manager', 'client-activity', 'write'),
  ('role-ict-manager', 'client-full-profile', 'write'),
  ('role-ict-manager', 'client-bp-associations', 'write'),
  ('role-ict-manager', 'client-locations', 'write'),
  ('role-ict-manager', 'client-incidents', 'write'),
  ('role-ict-manager', 'client-requests', 'write'),
  ('role-ict-manager', 'client-restrictive-practices', 'write'),
  ('role-ict-manager', 'client-consents-and-legal-orders', 'write'),
  ('role-ict-manager', 'client-plan-budget', 'write'),
  ('role-ict-manager', 'client-plan-and-assessment', 'write'),
  ('role-ict-manager', 'client-support-plan', 'write'),
  ('role-ict-manager', 'client-goals', 'write'),
  ('role-ict-manager', 'client-progress-review', 'write'),
  ('role-ict-manager', 'client-contact-activity', 'write'),
  ('role-ict-manager', 'client-risks', 'write'),
  ('role-ict-manager', 'client-service-agreements', 'write'),
  ('role-ict-manager', 'client-service-bookings', 'write'),
  ('role-ict-manager', 'client-support-receiver-needs-and-rules', 'write'),
  ('role-ict-manager', 'incidents', 'write'),
  ('role-ict-manager', 'incident-overview', 'write'),
  ('role-ict-manager', 'incident-parties-and-links', 'write'),
  ('role-ict-manager', 'incident-investigation', 'write'),
  ('role-ict-manager', 'incident-notifications', 'write'),
  ('role-ict-manager', 'incidents-compliance', 'write'),
  ('role-ict-manager', 'incidents-dashboard', 'write'),
  ('role-ict-manager', 'incident-manager-override', 'write'),
  ('role-ict-manager', 'locations', 'write'),
  ('role-ict-manager', 'location-overview', 'write'),
  ('role-ict-manager', 'location-activity', 'write'),
  ('role-ict-manager', 'location-contact-and-address', 'write'),
  ('role-ict-manager', 'location-alerts', 'write'),
  ('role-ict-manager', 'location-clients', 'write'),
  ('role-ict-manager', 'location-employees', 'write'),
  ('role-ict-manager', 'location-incidents', 'write'),
  ('role-ict-manager', 'location-products-and-services', 'write'),
  ('role-ict-manager', 'employees', 'write'),
  ('role-ict-manager', 'employee-overview', 'write'),
  ('role-ict-manager', 'employee-activity', 'write'),
  ('role-ict-manager', 'employee-contact', 'write'),
  ('role-ict-manager', 'employee-locations', 'write'),
  ('role-ict-manager', 'employee-emergency-contacts', 'write'),
  ('role-ict-manager', 'employee-employment', 'write'),
  ('role-ict-manager', 'employee-work-rights', 'write'),
  ('role-ict-manager', 'employee-payroll', 'write'),
  ('role-ict-manager', 'employee-leave', 'write'),
  ('role-ict-manager', 'employee-incidents', 'write'),
  ('role-ict-manager', 'employee-credentials-assigned', 'write'),
  ('role-ict-manager', 'employee-alerts', 'write'),
  ('role-ict-manager', 'employee-documents', 'write'),
  ('role-ict-manager', 'employee-skills', 'write'),
  ('role-ict-manager', 'employee-system-access', 'write'),
  ('role-ict-manager', 'home-prompt', 'read'),
  ('role-ict-manager', 'home-needs-attention', 'read'),
  ('role-ict-manager', 'home-today', 'read'),
  ('role-ict-manager', 'home-module-clients', 'read'),
  ('role-ict-manager', 'home-module-incidents', 'read'),
  ('role-ict-manager', 'home-module-employees', 'read'),
  ('role-ict-manager', 'home-recent-clients', 'read'),
  ('role-ict-manager', 'home-recent-incidents', 'read'),
  ('role-ict-manager', 'home-quick-report-incident', 'read'),
  ('role-ict-officer', 'home', 'write'),
  ('role-ict-officer', 'reports', 'write'),
  ('role-ict-officer', 'tasks', 'write'),
  ('role-ict-officer', 'tasks-assigned-to-me', 'write'),
  ('role-ict-officer', 'tasks-for-my-role', 'write'),
  ('role-ict-officer', 'tasks-all', 'write'),
  ('role-ict-officer', 'tasks-past', 'write'),
  ('role-ict-officer', 'my-workplace', 'write'),
  ('role-ict-officer', 'my-leave', 'write'),
  ('role-ict-officer', 'my-profile', 'write'),
  ('role-ict-officer', 'my-availability', 'write'),
  ('role-ict-officer', 'my-contracts', 'write'),
  ('role-ict-officer', 'my-credentials', 'write'),
  ('role-ict-officer', 'workforce-planning', 'write'),
  ('role-ict-officer', 'clients', 'write'),
  ('role-ict-officer', 'client-overview', 'write'),
  ('role-ict-officer', 'client-alerts', 'write'),
  ('role-ict-officer', 'client-activity', 'write'),
  ('role-ict-officer', 'client-full-profile', 'write'),
  ('role-ict-officer', 'client-bp-associations', 'write'),
  ('role-ict-officer', 'client-locations', 'write'),
  ('role-ict-officer', 'client-incidents', 'write'),
  ('role-ict-officer', 'client-requests', 'write'),
  ('role-ict-officer', 'client-restrictive-practices', 'write'),
  ('role-ict-officer', 'client-consents-and-legal-orders', 'write'),
  ('role-ict-officer', 'client-plan-budget', 'write'),
  ('role-ict-officer', 'client-plan-and-assessment', 'write'),
  ('role-ict-officer', 'client-support-plan', 'write'),
  ('role-ict-officer', 'client-goals', 'write'),
  ('role-ict-officer', 'client-progress-review', 'write'),
  ('role-ict-officer', 'client-contact-activity', 'write'),
  ('role-ict-officer', 'client-risks', 'write'),
  ('role-ict-officer', 'client-service-agreements', 'write'),
  ('role-ict-officer', 'client-service-bookings', 'write'),
  ('role-ict-officer', 'client-support-receiver-needs-and-rules', 'write'),
  ('role-ict-officer', 'incidents', 'write'),
  ('role-ict-officer', 'incident-overview', 'write'),
  ('role-ict-officer', 'incident-parties-and-links', 'write'),
  ('role-ict-officer', 'incident-investigation', 'write'),
  ('role-ict-officer', 'incident-notifications', 'write'),
  ('role-ict-officer', 'incidents-compliance', 'write'),
  ('role-ict-officer', 'incidents-dashboard', 'write'),
  ('role-ict-officer', 'incident-manager-override', 'write'),
  ('role-ict-officer', 'locations', 'write'),
  ('role-ict-officer', 'location-overview', 'write'),
  ('role-ict-officer', 'location-activity', 'write'),
  ('role-ict-officer', 'location-contact-and-address', 'write'),
  ('role-ict-officer', 'location-alerts', 'write'),
  ('role-ict-officer', 'location-clients', 'write'),
  ('role-ict-officer', 'location-employees', 'write'),
  ('role-ict-officer', 'location-incidents', 'write'),
  ('role-ict-officer', 'location-products-and-services', 'write'),
  ('role-ict-officer', 'employees', 'write'),
  ('role-ict-officer', 'employee-overview', 'write'),
  ('role-ict-officer', 'employee-incidents', 'write'),
  ('role-ict-officer', 'home-prompt', 'read'),
  ('role-ict-officer', 'home-needs-attention', 'read'),
  ('role-ict-officer', 'home-today', 'read'),
  ('role-ict-officer', 'home-module-clients', 'read'),
  ('role-ict-officer', 'home-module-incidents', 'read'),
  ('role-ict-officer', 'home-module-employees', 'read'),
  ('role-ict-officer', 'home-recent-clients', 'read'),
  ('role-ict-officer', 'home-recent-incidents', 'read'),
  ('role-ict-officer', 'home-quick-report-incident', 'read'),
  ('role-finance-manager', 'home', 'write'),
  ('role-finance-manager', 'reports', 'write'),
  ('role-finance-manager', 'tasks', 'write'),
  ('role-finance-manager', 'tasks-assigned-to-me', 'write'),
  ('role-finance-manager', 'tasks-for-my-role', 'write'),
  ('role-finance-manager', 'tasks-all', 'write'),
  ('role-finance-manager', 'tasks-past', 'write'),
  ('role-finance-manager', 'my-workplace', 'write'),
  ('role-finance-manager', 'my-leave', 'write'),
  ('role-finance-manager', 'my-profile', 'write'),
  ('role-finance-manager', 'my-availability', 'write'),
  ('role-finance-manager', 'my-contracts', 'write'),
  ('role-finance-manager', 'my-credentials', 'write'),
  ('role-finance-manager', 'workforce-planning', 'write'),
  ('role-finance-manager', 'clients', 'write'),
  ('role-finance-manager', 'client-overview', 'write'),
  ('role-finance-manager', 'client-alerts', 'write'),
  ('role-finance-manager', 'client-activity', 'write'),
  ('role-finance-manager', 'client-full-profile', 'write'),
  ('role-finance-manager', 'client-bp-associations', 'write'),
  ('role-finance-manager', 'client-locations', 'write'),
  ('role-finance-manager', 'client-incidents', 'write'),
  ('role-finance-manager', 'client-requests', 'write'),
  ('role-finance-manager', 'client-restrictive-practices', 'write'),
  ('role-finance-manager', 'client-consents-and-legal-orders', 'write'),
  ('role-finance-manager', 'client-plan-budget', 'write'),
  ('role-finance-manager', 'client-plan-and-assessment', 'write'),
  ('role-finance-manager', 'client-support-plan', 'write'),
  ('role-finance-manager', 'client-goals', 'write'),
  ('role-finance-manager', 'client-progress-review', 'write'),
  ('role-finance-manager', 'client-contact-activity', 'write'),
  ('role-finance-manager', 'client-risks', 'write'),
  ('role-finance-manager', 'client-service-agreements', 'write'),
  ('role-finance-manager', 'client-service-bookings', 'write'),
  ('role-finance-manager', 'client-support-receiver-needs-and-rules', 'write'),
  ('role-finance-manager', 'incidents', 'write'),
  ('role-finance-manager', 'incident-overview', 'write'),
  ('role-finance-manager', 'incident-parties-and-links', 'write'),
  ('role-finance-manager', 'incident-investigation', 'write'),
  ('role-finance-manager', 'incident-notifications', 'write'),
  ('role-finance-manager', 'incidents-compliance', 'write'),
  ('role-finance-manager', 'incidents-dashboard', 'write'),
  ('role-finance-manager', 'incident-manager-override', 'write'),
  ('role-finance-manager', 'locations', 'write'),
  ('role-finance-manager', 'location-overview', 'write'),
  ('role-finance-manager', 'location-activity', 'write'),
  ('role-finance-manager', 'location-contact-and-address', 'write'),
  ('role-finance-manager', 'location-alerts', 'write'),
  ('role-finance-manager', 'location-clients', 'write'),
  ('role-finance-manager', 'location-employees', 'write'),
  ('role-finance-manager', 'location-incidents', 'write'),
  ('role-finance-manager', 'location-products-and-services', 'write'),
  ('role-finance-manager', 'employees', 'write'),
  ('role-finance-manager', 'employee-overview', 'write'),
  ('role-finance-manager', 'employee-activity', 'write'),
  ('role-finance-manager', 'employee-contact', 'write'),
  ('role-finance-manager', 'employee-locations', 'write'),
  ('role-finance-manager', 'employee-emergency-contacts', 'write'),
  ('role-finance-manager', 'employee-employment', 'write'),
  ('role-finance-manager', 'employee-work-rights', 'write'),
  ('role-finance-manager', 'employee-payroll', 'write'),
  ('role-finance-manager', 'employee-leave', 'write'),
  ('role-finance-manager', 'employee-incidents', 'write'),
  ('role-finance-manager', 'employee-credentials-assigned', 'write'),
  ('role-finance-manager', 'employee-alerts', 'write'),
  ('role-finance-manager', 'employee-documents', 'write'),
  ('role-finance-manager', 'employee-skills', 'write'),
  ('role-finance-manager', 'employee-system-access', 'write'),
  ('role-finance-manager', 'claims', 'write'),
  ('role-finance-manager', 'invoices', 'write'),
  ('role-finance-manager', 'timesheets', 'write'),
  ('role-finance-manager', 'plan-reconciliation', 'write'),
  ('role-finance-manager', 'claim-reconciliation', 'write'),
  ('role-finance-manager', 'financial-close', 'write'),
  ('role-finance-manager', 'ndis-audit-pack', 'write'),
  ('role-finance-manager', 'board-reporting', 'write'),
  ('role-finance-manager', 'home-prompt', 'read'),
  ('role-finance-manager', 'home-needs-attention', 'read'),
  ('role-finance-manager', 'home-today', 'read'),
  ('role-finance-manager', 'home-module-clients', 'read'),
  ('role-finance-manager', 'home-module-incidents', 'read'),
  ('role-finance-manager', 'home-module-employees', 'read'),
  ('role-finance-manager', 'home-recent-clients', 'read'),
  ('role-finance-manager', 'home-recent-incidents', 'read'),
  ('role-finance-manager', 'home-quick-report-incident', 'read'),
  ('role-finance-officer', 'home', 'write'),
  ('role-finance-officer', 'reports', 'write'),
  ('role-finance-officer', 'tasks', 'write'),
  ('role-finance-officer', 'tasks-assigned-to-me', 'write'),
  ('role-finance-officer', 'tasks-for-my-role', 'write'),
  ('role-finance-officer', 'tasks-all', 'write'),
  ('role-finance-officer', 'tasks-past', 'write'),
  ('role-finance-officer', 'my-workplace', 'write'),
  ('role-finance-officer', 'my-leave', 'write'),
  ('role-finance-officer', 'my-profile', 'write'),
  ('role-finance-officer', 'my-availability', 'write'),
  ('role-finance-officer', 'my-contracts', 'write'),
  ('role-finance-officer', 'my-credentials', 'write'),
  ('role-finance-officer', 'workforce-planning', 'write'),
  ('role-finance-officer', 'clients', 'write'),
  ('role-finance-officer', 'client-overview', 'write'),
  ('role-finance-officer', 'client-alerts', 'write'),
  ('role-finance-officer', 'client-activity', 'write'),
  ('role-finance-officer', 'client-full-profile', 'write'),
  ('role-finance-officer', 'client-bp-associations', 'write'),
  ('role-finance-officer', 'client-locations', 'write'),
  ('role-finance-officer', 'client-incidents', 'write'),
  ('role-finance-officer', 'client-requests', 'write'),
  ('role-finance-officer', 'client-restrictive-practices', 'write'),
  ('role-finance-officer', 'client-consents-and-legal-orders', 'write'),
  ('role-finance-officer', 'client-plan-budget', 'write'),
  ('role-finance-officer', 'client-plan-and-assessment', 'write'),
  ('role-finance-officer', 'client-support-plan', 'write'),
  ('role-finance-officer', 'client-goals', 'write'),
  ('role-finance-officer', 'client-progress-review', 'write'),
  ('role-finance-officer', 'client-contact-activity', 'write'),
  ('role-finance-officer', 'client-risks', 'write'),
  ('role-finance-officer', 'client-service-agreements', 'write'),
  ('role-finance-officer', 'client-service-bookings', 'write'),
  ('role-finance-officer', 'client-support-receiver-needs-and-rules', 'write'),
  ('role-finance-officer', 'incidents', 'write'),
  ('role-finance-officer', 'incident-overview', 'write'),
  ('role-finance-officer', 'incident-parties-and-links', 'write'),
  ('role-finance-officer', 'incident-investigation', 'write'),
  ('role-finance-officer', 'incident-notifications', 'write'),
  ('role-finance-officer', 'incidents-compliance', 'write'),
  ('role-finance-officer', 'incidents-dashboard', 'write'),
  ('role-finance-officer', 'incident-manager-override', 'write'),
  ('role-finance-officer', 'locations', 'write'),
  ('role-finance-officer', 'location-overview', 'write'),
  ('role-finance-officer', 'location-activity', 'write'),
  ('role-finance-officer', 'location-contact-and-address', 'write'),
  ('role-finance-officer', 'location-alerts', 'write'),
  ('role-finance-officer', 'location-clients', 'write'),
  ('role-finance-officer', 'location-employees', 'write'),
  ('role-finance-officer', 'location-incidents', 'write'),
  ('role-finance-officer', 'location-products-and-services', 'write'),
  ('role-finance-officer', 'employees', 'write'),
  ('role-finance-officer', 'employee-overview', 'write'),
  ('role-finance-officer', 'employee-incidents', 'write'),
  ('role-finance-officer', 'home-prompt', 'read'),
  ('role-finance-officer', 'home-needs-attention', 'read'),
  ('role-finance-officer', 'home-today', 'read'),
  ('role-finance-officer', 'home-module-clients', 'read'),
  ('role-finance-officer', 'home-module-incidents', 'read'),
  ('role-finance-officer', 'home-module-employees', 'read'),
  ('role-finance-officer', 'home-recent-clients', 'read'),
  ('role-finance-officer', 'home-recent-incidents', 'read'),
  ('role-finance-officer', 'home-quick-report-incident', 'read'),
  ('role-quality-manager', 'home', 'write'),
  ('role-quality-manager', 'reports', 'write'),
  ('role-quality-manager', 'tasks', 'write'),
  ('role-quality-manager', 'tasks-assigned-to-me', 'write'),
  ('role-quality-manager', 'tasks-for-my-role', 'write'),
  ('role-quality-manager', 'tasks-all', 'write'),
  ('role-quality-manager', 'tasks-past', 'write'),
  ('role-quality-manager', 'my-workplace', 'write'),
  ('role-quality-manager', 'my-leave', 'write'),
  ('role-quality-manager', 'my-profile', 'write'),
  ('role-quality-manager', 'my-availability', 'write'),
  ('role-quality-manager', 'my-contracts', 'write'),
  ('role-quality-manager', 'my-credentials', 'write'),
  ('role-quality-manager', 'workforce-planning', 'write'),
  ('role-quality-manager', 'incidents-compliance', 'write'),
  ('role-quality-manager', 'incidents-dashboard', 'write'),
  ('role-quality-manager', 'clients', 'write'),
  ('role-quality-manager', 'client-overview', 'write'),
  ('role-quality-manager', 'client-alerts', 'write'),
  ('role-quality-manager', 'client-activity', 'write'),
  ('role-quality-manager', 'client-full-profile', 'write'),
  ('role-quality-manager', 'client-bp-associations', 'write'),
  ('role-quality-manager', 'client-locations', 'write'),
  ('role-quality-manager', 'client-incidents', 'write'),
  ('role-quality-manager', 'client-requests', 'write'),
  ('role-quality-manager', 'client-restrictive-practices', 'write'),
  ('role-quality-manager', 'client-consents-and-legal-orders', 'write'),
  ('role-quality-manager', 'client-plan-budget', 'write'),
  ('role-quality-manager', 'client-plan-and-assessment', 'write'),
  ('role-quality-manager', 'client-support-plan', 'write'),
  ('role-quality-manager', 'client-goals', 'write'),
  ('role-quality-manager', 'client-progress-review', 'write'),
  ('role-quality-manager', 'client-contact-activity', 'write'),
  ('role-quality-manager', 'client-risks', 'write'),
  ('role-quality-manager', 'client-service-agreements', 'write'),
  ('role-quality-manager', 'client-service-bookings', 'write'),
  ('role-quality-manager', 'client-support-receiver-needs-and-rules', 'write'),
  ('role-quality-manager', 'incidents', 'write'),
  ('role-quality-manager', 'incident-overview', 'write'),
  ('role-quality-manager', 'incident-parties-and-links', 'write'),
  ('role-quality-manager', 'incident-investigation', 'write'),
  ('role-quality-manager', 'incident-notifications', 'write'),
  ('role-quality-manager', 'incident-manager-override', 'write'),
  ('role-quality-manager', 'locations', 'write'),
  ('role-quality-manager', 'location-overview', 'write'),
  ('role-quality-manager', 'location-activity', 'write'),
  ('role-quality-manager', 'location-contact-and-address', 'write'),
  ('role-quality-manager', 'location-alerts', 'write'),
  ('role-quality-manager', 'location-clients', 'write'),
  ('role-quality-manager', 'location-employees', 'write'),
  ('role-quality-manager', 'location-incidents', 'write'),
  ('role-quality-manager', 'location-products-and-services', 'write'),
  ('role-quality-manager', 'employees', 'write'),
  ('role-quality-manager', 'employee-overview', 'write'),
  ('role-quality-manager', 'employee-activity', 'write'),
  ('role-quality-manager', 'employee-contact', 'write'),
  ('role-quality-manager', 'employee-locations', 'write'),
  ('role-quality-manager', 'employee-emergency-contacts', 'write'),
  ('role-quality-manager', 'employee-employment', 'write'),
  ('role-quality-manager', 'employee-work-rights', 'write'),
  ('role-quality-manager', 'employee-payroll', 'write'),
  ('role-quality-manager', 'employee-leave', 'write'),
  ('role-quality-manager', 'employee-incidents', 'write'),
  ('role-quality-manager', 'employee-credentials-assigned', 'write'),
  ('role-quality-manager', 'employee-alerts', 'write'),
  ('role-quality-manager', 'employee-documents', 'write'),
  ('role-quality-manager', 'employee-skills', 'write'),
  ('role-quality-manager', 'employee-system-access', 'write'),
  ('role-quality-manager', 'home-prompt', 'read'),
  ('role-quality-manager', 'home-needs-attention', 'read'),
  ('role-quality-manager', 'home-today', 'read'),
  ('role-quality-manager', 'home-module-clients', 'read'),
  ('role-quality-manager', 'home-module-incidents', 'read'),
  ('role-quality-manager', 'home-module-employees', 'read'),
  ('role-quality-manager', 'home-recent-clients', 'read'),
  ('role-quality-manager', 'home-recent-incidents', 'read'),
  ('role-quality-manager', 'home-quick-report-incident', 'read'),
  ('role-quality-officer', 'home', 'write'),
  ('role-quality-officer', 'reports', 'write'),
  ('role-quality-officer', 'tasks', 'write'),
  ('role-quality-officer', 'tasks-assigned-to-me', 'write'),
  ('role-quality-officer', 'tasks-for-my-role', 'write'),
  ('role-quality-officer', 'tasks-all', 'write'),
  ('role-quality-officer', 'tasks-past', 'write'),
  ('role-quality-officer', 'my-workplace', 'write'),
  ('role-quality-officer', 'my-leave', 'write'),
  ('role-quality-officer', 'my-profile', 'write'),
  ('role-quality-officer', 'my-availability', 'write'),
  ('role-quality-officer', 'my-contracts', 'write'),
  ('role-quality-officer', 'my-credentials', 'write'),
  ('role-quality-officer', 'workforce-planning', 'write'),
  ('role-quality-officer', 'incidents-compliance', 'write'),
  ('role-quality-officer', 'clients', 'write'),
  ('role-quality-officer', 'client-overview', 'write'),
  ('role-quality-officer', 'client-alerts', 'write'),
  ('role-quality-officer', 'client-activity', 'write'),
  ('role-quality-officer', 'client-full-profile', 'write'),
  ('role-quality-officer', 'client-bp-associations', 'write'),
  ('role-quality-officer', 'client-locations', 'write'),
  ('role-quality-officer', 'client-incidents', 'write'),
  ('role-quality-officer', 'client-requests', 'write'),
  ('role-quality-officer', 'client-restrictive-practices', 'write'),
  ('role-quality-officer', 'client-consents-and-legal-orders', 'write'),
  ('role-quality-officer', 'client-plan-budget', 'write'),
  ('role-quality-officer', 'client-plan-and-assessment', 'write'),
  ('role-quality-officer', 'client-support-plan', 'write'),
  ('role-quality-officer', 'client-goals', 'write'),
  ('role-quality-officer', 'client-progress-review', 'write'),
  ('role-quality-officer', 'client-contact-activity', 'write'),
  ('role-quality-officer', 'client-risks', 'write'),
  ('role-quality-officer', 'client-service-agreements', 'write'),
  ('role-quality-officer', 'client-service-bookings', 'write'),
  ('role-quality-officer', 'client-support-receiver-needs-and-rules', 'write'),
  ('role-quality-officer', 'incidents', 'write'),
  ('role-quality-officer', 'incident-overview', 'write'),
  ('role-quality-officer', 'incident-parties-and-links', 'write'),
  ('role-quality-officer', 'incident-investigation', 'write'),
  ('role-quality-officer', 'incident-notifications', 'write'),
  ('role-quality-officer', 'incidents-dashboard', 'write'),
  ('role-quality-officer', 'incident-manager-override', 'write'),
  ('role-quality-officer', 'locations', 'write'),
  ('role-quality-officer', 'location-overview', 'write'),
  ('role-quality-officer', 'location-activity', 'write'),
  ('role-quality-officer', 'location-contact-and-address', 'write'),
  ('role-quality-officer', 'location-alerts', 'write'),
  ('role-quality-officer', 'location-clients', 'write'),
  ('role-quality-officer', 'location-employees', 'write'),
  ('role-quality-officer', 'location-incidents', 'write'),
  ('role-quality-officer', 'location-products-and-services', 'write'),
  ('role-quality-officer', 'employees', 'write'),
  ('role-quality-officer', 'employee-overview', 'write'),
  ('role-quality-officer', 'employee-incidents', 'write'),
  ('role-quality-officer', 'home-prompt', 'read'),
  ('role-quality-officer', 'home-needs-attention', 'read'),
  ('role-quality-officer', 'home-today', 'read'),
  ('role-quality-officer', 'home-module-clients', 'read'),
  ('role-quality-officer', 'home-module-incidents', 'read'),
  ('role-quality-officer', 'home-module-employees', 'read'),
  ('role-quality-officer', 'home-recent-clients', 'read'),
  ('role-quality-officer', 'home-recent-incidents', 'read'),
  ('role-quality-officer', 'home-quick-report-incident', 'read'),
  ('role-rostering-manager', 'home', 'write'),
  ('role-rostering-manager', 'reports', 'write'),
  ('role-rostering-manager', 'tasks', 'write'),
  ('role-rostering-manager', 'tasks-assigned-to-me', 'write'),
  ('role-rostering-manager', 'tasks-for-my-role', 'write'),
  ('role-rostering-manager', 'tasks-all', 'write'),
  ('role-rostering-manager', 'tasks-past', 'write'),
  ('role-rostering-manager', 'my-workplace', 'write'),
  ('role-rostering-manager', 'my-leave', 'write'),
  ('role-rostering-manager', 'my-profile', 'write'),
  ('role-rostering-manager', 'my-availability', 'write'),
  ('role-rostering-manager', 'my-contracts', 'write'),
  ('role-rostering-manager', 'my-credentials', 'write'),
  ('role-rostering-manager', 'workforce-planning', 'write'),
  ('role-rostering-manager', 'workforce-organisation', 'write'),
  ('role-rostering-manager', 'clients', 'write'),
  ('role-rostering-manager', 'client-overview', 'write'),
  ('role-rostering-manager', 'client-alerts', 'write'),
  ('role-rostering-manager', 'client-activity', 'write'),
  ('role-rostering-manager', 'client-full-profile', 'write'),
  ('role-rostering-manager', 'client-bp-associations', 'write'),
  ('role-rostering-manager', 'client-locations', 'write'),
  ('role-rostering-manager', 'client-incidents', 'write'),
  ('role-rostering-manager', 'client-requests', 'write'),
  ('role-rostering-manager', 'client-restrictive-practices', 'write'),
  ('role-rostering-manager', 'client-consents-and-legal-orders', 'write'),
  ('role-rostering-manager', 'client-plan-budget', 'write'),
  ('role-rostering-manager', 'client-plan-and-assessment', 'write'),
  ('role-rostering-manager', 'client-support-plan', 'write'),
  ('role-rostering-manager', 'client-goals', 'write'),
  ('role-rostering-manager', 'client-progress-review', 'write'),
  ('role-rostering-manager', 'client-contact-activity', 'write'),
  ('role-rostering-manager', 'client-risks', 'write'),
  ('role-rostering-manager', 'client-service-agreements', 'write'),
  ('role-rostering-manager', 'client-service-bookings', 'write'),
  ('role-rostering-manager', 'client-support-receiver-needs-and-rules', 'write'),
  ('role-rostering-manager', 'incidents', 'write'),
  ('role-rostering-manager', 'incident-overview', 'write'),
  ('role-rostering-manager', 'incident-parties-and-links', 'write'),
  ('role-rostering-manager', 'incident-investigation', 'write'),
  ('role-rostering-manager', 'incident-notifications', 'write'),
  ('role-rostering-manager', 'incidents-compliance', 'write'),
  ('role-rostering-manager', 'incidents-dashboard', 'write'),
  ('role-rostering-manager', 'incident-manager-override', 'write'),
  ('role-rostering-manager', 'locations', 'write'),
  ('role-rostering-manager', 'location-overview', 'write'),
  ('role-rostering-manager', 'location-activity', 'write'),
  ('role-rostering-manager', 'location-contact-and-address', 'write'),
  ('role-rostering-manager', 'location-alerts', 'write'),
  ('role-rostering-manager', 'location-clients', 'write'),
  ('role-rostering-manager', 'location-employees', 'write'),
  ('role-rostering-manager', 'location-incidents', 'write'),
  ('role-rostering-manager', 'location-products-and-services', 'write'),
  ('role-rostering-manager', 'employees', 'write'),
  ('role-rostering-manager', 'employee-overview', 'write'),
  ('role-rostering-manager', 'employee-activity', 'write'),
  ('role-rostering-manager', 'employee-contact', 'write'),
  ('role-rostering-manager', 'employee-locations', 'write'),
  ('role-rostering-manager', 'employee-emergency-contacts', 'write'),
  ('role-rostering-manager', 'employee-employment', 'write'),
  ('role-rostering-manager', 'employee-work-rights', 'write'),
  ('role-rostering-manager', 'employee-payroll', 'write'),
  ('role-rostering-manager', 'employee-leave', 'write'),
  ('role-rostering-manager', 'employee-incidents', 'write'),
  ('role-rostering-manager', 'employee-credentials-assigned', 'write'),
  ('role-rostering-manager', 'employee-alerts', 'write'),
  ('role-rostering-manager', 'employee-documents', 'write'),
  ('role-rostering-manager', 'employee-skills', 'write'),
  ('role-rostering-manager', 'employee-system-access', 'write'),
  ('role-rostering-manager', 'timesheets', 'write'),
  ('role-rostering-manager', 'timesheet-approval', 'write'),
  ('role-rostering-manager', 'home-prompt', 'read'),
  ('role-rostering-manager', 'home-needs-attention', 'read'),
  ('role-rostering-manager', 'home-today', 'read'),
  ('role-rostering-manager', 'home-module-clients', 'read'),
  ('role-rostering-manager', 'home-module-incidents', 'read'),
  ('role-rostering-manager', 'home-module-employees', 'read'),
  ('role-rostering-manager', 'home-recent-clients', 'read'),
  ('role-rostering-manager', 'home-recent-incidents', 'read'),
  ('role-rostering-manager', 'home-quick-report-incident', 'read'),
  ('role-rostering-officer', 'home', 'write'),
  ('role-rostering-officer', 'reports', 'write'),
  ('role-rostering-officer', 'tasks', 'write'),
  ('role-rostering-officer', 'tasks-assigned-to-me', 'write'),
  ('role-rostering-officer', 'tasks-for-my-role', 'write'),
  ('role-rostering-officer', 'tasks-all', 'write'),
  ('role-rostering-officer', 'tasks-past', 'write'),
  ('role-rostering-officer', 'my-workplace', 'write'),
  ('role-rostering-officer', 'my-leave', 'write'),
  ('role-rostering-officer', 'my-profile', 'write'),
  ('role-rostering-officer', 'my-availability', 'write'),
  ('role-rostering-officer', 'my-contracts', 'write'),
  ('role-rostering-officer', 'my-credentials', 'write'),
  ('role-rostering-officer', 'workforce-planning', 'write'),
  ('role-rostering-officer', 'clients', 'write'),
  ('role-rostering-officer', 'client-overview', 'write'),
  ('role-rostering-officer', 'client-alerts', 'write'),
  ('role-rostering-officer', 'client-activity', 'write'),
  ('role-rostering-officer', 'client-full-profile', 'write'),
  ('role-rostering-officer', 'client-bp-associations', 'write'),
  ('role-rostering-officer', 'client-locations', 'write'),
  ('role-rostering-officer', 'client-incidents', 'write'),
  ('role-rostering-officer', 'client-requests', 'write'),
  ('role-rostering-officer', 'client-restrictive-practices', 'write'),
  ('role-rostering-officer', 'client-consents-and-legal-orders', 'write'),
  ('role-rostering-officer', 'client-plan-budget', 'write'),
  ('role-rostering-officer', 'client-plan-and-assessment', 'write'),
  ('role-rostering-officer', 'client-support-plan', 'write'),
  ('role-rostering-officer', 'client-goals', 'write'),
  ('role-rostering-officer', 'client-progress-review', 'write'),
  ('role-rostering-officer', 'client-contact-activity', 'write'),
  ('role-rostering-officer', 'client-risks', 'write'),
  ('role-rostering-officer', 'client-service-agreements', 'write'),
  ('role-rostering-officer', 'client-service-bookings', 'write'),
  ('role-rostering-officer', 'client-support-receiver-needs-and-rules', 'write'),
  ('role-rostering-officer', 'incidents', 'write'),
  ('role-rostering-officer', 'incident-overview', 'write'),
  ('role-rostering-officer', 'incident-parties-and-links', 'write'),
  ('role-rostering-officer', 'incident-investigation', 'write'),
  ('role-rostering-officer', 'incident-notifications', 'write'),
  ('role-rostering-officer', 'incidents-compliance', 'write'),
  ('role-rostering-officer', 'incidents-dashboard', 'write'),
  ('role-rostering-officer', 'incident-manager-override', 'write'),
  ('role-rostering-officer', 'locations', 'write'),
  ('role-rostering-officer', 'location-overview', 'write'),
  ('role-rostering-officer', 'location-activity', 'write'),
  ('role-rostering-officer', 'location-contact-and-address', 'write'),
  ('role-rostering-officer', 'location-alerts', 'write'),
  ('role-rostering-officer', 'location-clients', 'write'),
  ('role-rostering-officer', 'location-employees', 'write'),
  ('role-rostering-officer', 'location-incidents', 'write'),
  ('role-rostering-officer', 'location-products-and-services', 'write'),
  ('role-rostering-officer', 'employees', 'write'),
  ('role-rostering-officer', 'employee-overview', 'write'),
  ('role-rostering-officer', 'employee-incidents', 'write'),
  ('role-rostering-officer', 'home-prompt', 'read'),
  ('role-rostering-officer', 'home-needs-attention', 'read'),
  ('role-rostering-officer', 'home-today', 'read'),
  ('role-rostering-officer', 'home-module-clients', 'read'),
  ('role-rostering-officer', 'home-module-incidents', 'read'),
  ('role-rostering-officer', 'home-module-employees', 'read'),
  ('role-rostering-officer', 'home-recent-clients', 'read'),
  ('role-rostering-officer', 'home-recent-incidents', 'read'),
  ('role-rostering-officer', 'home-quick-report-incident', 'read'),
  ('role-intake', 'home', 'write'),
  ('role-intake', 'reports', 'write'),
  ('role-intake', 'tasks', 'write'),
  ('role-intake', 'tasks-assigned-to-me', 'write'),
  ('role-intake', 'tasks-for-my-role', 'write'),
  ('role-intake', 'tasks-all', 'write'),
  ('role-intake', 'tasks-past', 'write'),
  ('role-intake', 'my-workplace', 'write'),
  ('role-intake', 'my-leave', 'write'),
  ('role-intake', 'my-profile', 'write'),
  ('role-intake', 'my-availability', 'write'),
  ('role-intake', 'my-contracts', 'write'),
  ('role-intake', 'my-credentials', 'write'),
  ('role-intake', 'enquiries', 'write'),
  ('role-intake', 'enquiry-enquiry-details', 'write'),
  ('role-intake', 'enquiry-activity', 'write'),
  ('role-intake', 'enquiry-participant', 'write'),
  ('role-intake', 'enquiry-support-needs', 'write'),
  ('role-intake', 'enquiry-qualification', 'write'),
  ('role-intake', 'clients', 'write'),
  ('role-intake', 'client-overview', 'write'),
  ('role-intake', 'client-alerts', 'write'),
  ('role-intake', 'client-activity', 'write'),
  ('role-intake', 'client-full-profile', 'write'),
  ('role-intake', 'client-bp-associations', 'write'),
  ('role-intake', 'client-locations', 'write'),
  ('role-intake', 'client-incidents', 'write'),
  ('role-intake', 'client-requests', 'write'),
  ('role-intake', 'client-restrictive-practices', 'write'),
  ('role-intake', 'client-consents-and-legal-orders', 'write'),
  ('role-intake', 'client-plan-budget', 'write'),
  ('role-intake', 'client-plan-and-assessment', 'write'),
  ('role-intake', 'client-support-plan', 'write'),
  ('role-intake', 'client-goals', 'write'),
  ('role-intake', 'client-progress-review', 'write'),
  ('role-intake', 'client-contact-activity', 'write'),
  ('role-intake', 'client-risks', 'write'),
  ('role-intake', 'client-service-agreements', 'write'),
  ('role-intake', 'client-service-bookings', 'write'),
  ('role-intake', 'client-support-receiver-needs-and-rules', 'write'),
  ('role-intake', 'incidents', 'write'),
  ('role-intake', 'incident-overview', 'write'),
  ('role-intake', 'incident-parties-and-links', 'write'),
  ('role-intake', 'incident-investigation', 'write'),
  ('role-intake', 'incident-notifications', 'write'),
  ('role-intake', 'incidents-compliance', 'write'),
  ('role-intake', 'incidents-dashboard', 'write'),
  ('role-intake', 'incident-manager-override', 'write'),
  ('role-intake', 'locations', 'write'),
  ('role-intake', 'location-overview', 'write'),
  ('role-intake', 'location-activity', 'write'),
  ('role-intake', 'location-contact-and-address', 'write'),
  ('role-intake', 'location-alerts', 'write'),
  ('role-intake', 'location-clients', 'write'),
  ('role-intake', 'location-employees', 'write'),
  ('role-intake', 'location-incidents', 'write'),
  ('role-intake', 'location-products-and-services', 'write'),
  ('role-intake', 'employees', 'write'),
  ('role-intake', 'employee-overview', 'write'),
  ('role-intake', 'employee-incidents', 'write'),
  ('role-intake', 'home-prompt', 'read'),
  ('role-intake', 'home-needs-attention', 'read'),
  ('role-intake', 'home-today', 'read'),
  ('role-intake', 'home-module-enquiries', 'read'),
  ('role-intake', 'home-module-clients', 'read'),
  ('role-intake', 'home-module-incidents', 'read'),
  ('role-intake', 'home-module-employees', 'read'),
  ('role-intake', 'home-recent-enquiries', 'read'),
  ('role-intake', 'home-recent-clients', 'read'),
  ('role-intake', 'home-recent-incidents', 'read'),
  ('role-intake', 'home-quick-new-enquiry', 'read'),
  ('role-intake', 'home-quick-report-incident', 'read'),
  ('role-coordinator', 'home', 'write'),
  ('role-coordinator', 'reports', 'write'),
  ('role-coordinator', 'tasks', 'write'),
  ('role-coordinator', 'tasks-assigned-to-me', 'write'),
  ('role-coordinator', 'tasks-for-my-role', 'write'),
  ('role-coordinator', 'tasks-all', 'write'),
  ('role-coordinator', 'tasks-past', 'write'),
  ('role-coordinator', 'my-workplace', 'write'),
  ('role-coordinator', 'my-leave', 'write'),
  ('role-coordinator', 'my-profile', 'write'),
  ('role-coordinator', 'my-availability', 'write'),
  ('role-coordinator', 'my-contracts', 'write'),
  ('role-coordinator', 'my-credentials', 'write'),
  ('role-coordinator', 'workforce-planning', 'write'),
  ('role-coordinator', 'workforce-organisation', 'write'),
  ('role-coordinator', 'clients', 'write'),
  ('role-coordinator', 'client-overview', 'write'),
  ('role-coordinator', 'client-alerts', 'write'),
  ('role-coordinator', 'client-activity', 'write'),
  ('role-coordinator', 'client-full-profile', 'write'),
  ('role-coordinator', 'client-bp-associations', 'write'),
  ('role-coordinator', 'client-locations', 'write'),
  ('role-coordinator', 'client-incidents', 'write'),
  ('role-coordinator', 'client-requests', 'write'),
  ('role-coordinator', 'client-restrictive-practices', 'write'),
  ('role-coordinator', 'client-consents-and-legal-orders', 'write'),
  ('role-coordinator', 'client-plan-budget', 'write'),
  ('role-coordinator', 'client-plan-and-assessment', 'write'),
  ('role-coordinator', 'client-support-plan', 'write'),
  ('role-coordinator', 'client-goals', 'write'),
  ('role-coordinator', 'client-progress-review', 'write'),
  ('role-coordinator', 'client-contact-activity', 'write'),
  ('role-coordinator', 'client-risks', 'write'),
  ('role-coordinator', 'client-service-agreements', 'write'),
  ('role-coordinator', 'client-service-bookings', 'write'),
  ('role-coordinator', 'client-support-receiver-needs-and-rules', 'write'),
  ('role-coordinator', 'incidents', 'write'),
  ('role-coordinator', 'incident-overview', 'write'),
  ('role-coordinator', 'incident-parties-and-links', 'write'),
  ('role-coordinator', 'incident-investigation', 'write'),
  ('role-coordinator', 'incident-notifications', 'write'),
  ('role-coordinator', 'incidents-compliance', 'write'),
  ('role-coordinator', 'incidents-dashboard', 'write'),
  ('role-coordinator', 'incident-manager-override', 'write'),
  ('role-coordinator', 'locations', 'write'),
  ('role-coordinator', 'location-overview', 'write'),
  ('role-coordinator', 'location-activity', 'write'),
  ('role-coordinator', 'location-contact-and-address', 'write'),
  ('role-coordinator', 'location-alerts', 'write'),
  ('role-coordinator', 'location-clients', 'write'),
  ('role-coordinator', 'location-employees', 'write'),
  ('role-coordinator', 'location-incidents', 'write'),
  ('role-coordinator', 'location-products-and-services', 'write'),
  ('role-coordinator', 'products', 'write'),
  ('role-coordinator', 'product-overview', 'write'),
  ('role-coordinator', 'product-pricing', 'write'),
  ('role-coordinator', 'price-lists', 'write'),
  ('role-coordinator', 'price-list-overview', 'write'),
  ('role-coordinator', 'price-list-lines', 'write'),
  ('role-coordinator', 'service-agreements', 'write'),
  ('role-coordinator', 'service-agreement-overview', 'write'),
  ('role-coordinator', 'service-agreement-lines', 'write'),
  ('role-coordinator', 'service-bookings', 'write'),
  ('role-coordinator', 'service-planning', 'write'),
  ('role-coordinator', 'multi-provider-budget', 'write'),
  ('role-coordinator', 'rostering', 'write'),
  ('role-coordinator', 'timesheets', 'write'),
  ('role-coordinator', 'timesheet-approval', 'write'),
  ('role-coordinator', 'generate-timesheets', 'write'),
  ('role-coordinator', 'claims', 'write'),
  ('role-coordinator', 'generate-claims', 'write'),
  ('role-coordinator', 'invoices', 'write'),
  ('role-coordinator', 'generate-invoices', 'write'),
  ('role-coordinator', 'invoice-reconciliation', 'write'),
  ('role-coordinator', 'plan-reconciliation', 'write'),
  ('role-coordinator', 'claim-reconciliation', 'write'),
  ('role-coordinator', 'financial-close', 'write'),
  ('role-coordinator', 'ndis-audit-pack', 'write'),
  ('role-coordinator', 'employees', 'write'),
  ('role-coordinator', 'employee-overview', 'write'),
  ('role-coordinator', 'employee-incidents', 'write'),
  ('role-coordinator', 'home-prompt', 'read'),
  ('role-coordinator', 'home-needs-attention', 'read'),
  ('role-coordinator', 'home-today', 'read'),
  ('role-coordinator', 'home-module-clients', 'read'),
  ('role-coordinator', 'home-module-incidents', 'read'),
  ('role-coordinator', 'home-module-employees', 'read'),
  ('role-coordinator', 'home-recent-clients', 'read'),
  ('role-coordinator', 'home-recent-incidents', 'read'),
  ('role-coordinator', 'home-quick-report-incident', 'read'),
  ('role-team-leader', 'home', 'write'),
  ('role-team-leader', 'reports', 'write'),
  ('role-team-leader', 'tasks', 'write'),
  ('role-team-leader', 'tasks-assigned-to-me', 'write'),
  ('role-team-leader', 'tasks-for-my-role', 'write'),
  ('role-team-leader', 'tasks-all', 'write'),
  ('role-team-leader', 'tasks-past', 'write'),
  ('role-team-leader', 'my-workplace', 'write'),
  ('role-team-leader', 'my-leave', 'write'),
  ('role-team-leader', 'my-profile', 'write'),
  ('role-team-leader', 'my-availability', 'write'),
  ('role-team-leader', 'my-contracts', 'write'),
  ('role-team-leader', 'my-credentials', 'write'),
  ('role-team-leader', 'workforce-planning', 'write'),
  ('role-team-leader', 'workforce-organisation', 'write'),
  ('role-team-leader', 'workforce-org-edit', 'write'),
  ('role-team-leader', 'clients', 'write'),
  ('role-team-leader', 'client-overview', 'write'),
  ('role-team-leader', 'client-alerts', 'write'),
  ('role-team-leader', 'client-activity', 'write'),
  ('role-team-leader', 'client-full-profile', 'write'),
  ('role-team-leader', 'client-bp-associations', 'write'),
  ('role-team-leader', 'client-locations', 'write'),
  ('role-team-leader', 'client-incidents', 'write'),
  ('role-team-leader', 'client-requests', 'write'),
  ('role-team-leader', 'client-restrictive-practices', 'write'),
  ('role-team-leader', 'client-consents-and-legal-orders', 'write'),
  ('role-team-leader', 'client-plan-budget', 'write'),
  ('role-team-leader', 'client-plan-and-assessment', 'write'),
  ('role-team-leader', 'client-support-plan', 'write'),
  ('role-team-leader', 'client-goals', 'write'),
  ('role-team-leader', 'client-progress-review', 'write'),
  ('role-team-leader', 'client-contact-activity', 'write'),
  ('role-team-leader', 'client-risks', 'write'),
  ('role-team-leader', 'client-service-agreements', 'write'),
  ('role-team-leader', 'client-service-bookings', 'write'),
  ('role-team-leader', 'client-support-receiver-needs-and-rules', 'write'),
  ('role-team-leader', 'incidents', 'write'),
  ('role-team-leader', 'incident-overview', 'write'),
  ('role-team-leader', 'incident-parties-and-links', 'write'),
  ('role-team-leader', 'incident-investigation', 'write'),
  ('role-team-leader', 'incident-notifications', 'write'),
  ('role-team-leader', 'incidents-compliance', 'write'),
  ('role-team-leader', 'incidents-dashboard', 'write'),
  ('role-team-leader', 'incident-manager-override', 'write'),
  ('role-team-leader', 'locations', 'write'),
  ('role-team-leader', 'location-overview', 'write'),
  ('role-team-leader', 'location-activity', 'write'),
  ('role-team-leader', 'location-contact-and-address', 'write'),
  ('role-team-leader', 'location-alerts', 'write'),
  ('role-team-leader', 'location-clients', 'write'),
  ('role-team-leader', 'location-employees', 'write'),
  ('role-team-leader', 'location-incidents', 'write'),
  ('role-team-leader', 'location-products-and-services', 'write'),
  ('role-team-leader', 'employees', 'write'),
  ('role-team-leader', 'employee-overview', 'write'),
  ('role-team-leader', 'employee-activity', 'write'),
  ('role-team-leader', 'employee-contact', 'write'),
  ('role-team-leader', 'employee-locations', 'write'),
  ('role-team-leader', 'employee-emergency-contacts', 'write'),
  ('role-team-leader', 'employee-employment', 'write'),
  ('role-team-leader', 'employee-work-rights', 'write'),
  ('role-team-leader', 'employee-payroll', 'write'),
  ('role-team-leader', 'employee-leave', 'write'),
  ('role-team-leader', 'employee-incidents', 'write'),
  ('role-team-leader', 'employee-credentials-assigned', 'write'),
  ('role-team-leader', 'employee-alerts', 'write'),
  ('role-team-leader', 'employee-documents', 'write'),
  ('role-team-leader', 'employee-skills', 'write'),
  ('role-team-leader', 'employee-system-access', 'write'),
  ('role-team-leader', 'timesheet-approval', 'write'),
  ('role-team-leader', 'home-prompt', 'read'),
  ('role-team-leader', 'home-needs-attention', 'read'),
  ('role-team-leader', 'home-today', 'read'),
  ('role-team-leader', 'home-module-clients', 'read'),
  ('role-team-leader', 'home-module-incidents', 'read'),
  ('role-team-leader', 'home-module-employees', 'read'),
  ('role-team-leader', 'home-recent-clients', 'read'),
  ('role-team-leader', 'home-recent-incidents', 'read'),
  ('role-team-leader', 'home-quick-report-incident', 'read'),
  ('role-support-worker', 'home', 'write'),
  ('role-support-worker', 'reports', 'write'),
  ('role-support-worker', 'my-workplace', 'write'),
  ('role-support-worker', 'my-leave', 'write'),
  ('role-support-worker', 'my-profile', 'write'),
  ('role-support-worker', 'my-availability', 'write'),
  ('role-support-worker', 'my-contracts', 'write'),
  ('role-support-worker', 'my-credentials', 'write'),
  ('role-support-worker', 'workforce-planning', 'write'),
  ('role-support-worker', 'clients', 'write'),
  ('role-support-worker', 'client-overview', 'write'),
  ('role-support-worker', 'client-alerts', 'write'),
  ('role-support-worker', 'client-activity', 'write'),
  ('role-support-worker', 'client-full-profile', 'write'),
  ('role-support-worker', 'client-bp-associations', 'write'),
  ('role-support-worker', 'client-locations', 'write'),
  ('role-support-worker', 'client-incidents', 'write'),
  ('role-support-worker', 'client-requests', 'write'),
  ('role-support-worker', 'client-restrictive-practices', 'write'),
  ('role-support-worker', 'client-consents-and-legal-orders', 'write'),
  ('role-support-worker', 'client-plan-budget', 'write'),
  ('role-support-worker', 'client-plan-and-assessment', 'write'),
  ('role-support-worker', 'client-support-plan', 'write'),
  ('role-support-worker', 'client-goals', 'write'),
  ('role-support-worker', 'client-progress-review', 'write'),
  ('role-support-worker', 'client-contact-activity', 'write'),
  ('role-support-worker', 'client-risks', 'write'),
  ('role-support-worker', 'client-service-agreements', 'write'),
  ('role-support-worker', 'client-service-bookings', 'write'),
  ('role-support-worker', 'client-support-receiver-needs-and-rules', 'write'),
  ('role-support-worker', 'incidents', 'write'),
  ('role-support-worker', 'incident-overview', 'write'),
  ('role-support-worker', 'incident-parties-and-links', 'write'),
  ('role-support-worker', 'incident-investigation', 'write'),
  ('role-support-worker', 'incident-notifications', 'write'),
  ('role-support-worker', 'incidents-compliance', 'write'),
  ('role-support-worker', 'incidents-dashboard', 'write'),
  ('role-support-worker', 'incident-manager-override', 'write'),
  ('role-support-worker', 'locations', 'write'),
  ('role-support-worker', 'location-overview', 'write'),
  ('role-support-worker', 'location-activity', 'write'),
  ('role-support-worker', 'location-contact-and-address', 'write'),
  ('role-support-worker', 'location-alerts', 'write'),
  ('role-support-worker', 'location-clients', 'write'),
  ('role-support-worker', 'location-employees', 'write'),
  ('role-support-worker', 'location-incidents', 'write'),
  ('role-support-worker', 'location-products-and-services', 'write'),
  ('role-support-worker', 'employees', 'write'),
  ('role-support-worker', 'employee-overview', 'write'),
  ('role-support-worker', 'employee-incidents', 'write'),
  ('role-support-worker', 'home-prompt', 'read'),
  ('role-support-worker', 'home-needs-attention', 'read'),
  ('role-support-worker', 'home-today', 'read'),
  ('role-support-worker', 'home-module-clients', 'read'),
  ('role-support-worker', 'home-module-incidents', 'read'),
  ('role-support-worker', 'home-module-employees', 'read'),
  ('role-support-worker', 'home-recent-clients', 'read'),
  ('role-support-worker', 'home-recent-incidents', 'read'),
  ('role-support-worker', 'home-quick-report-incident', 'read')
on conflict (role_id, window_key) do update set access_level = excluded.access_level;

delete from public.app_role_process where role_id in ('role-admin', 'role-board', 'role-ceo', 'role-exec-operations', 'role-exec-hr', 'role-exec-finance', 'role-exec-ict', 'role-exec-quality', 'role-hr-manager', 'role-hr-officer', 'role-ict-manager', 'role-ict-officer', 'role-finance-manager', 'role-finance-officer', 'role-quality-manager', 'role-quality-officer', 'role-rostering-manager', 'role-rostering-officer', 'role-intake', 'role-coordinator', 'role-team-leader', 'role-support-worker', 'role-security-admin', 'role-audit-viewer');
insert into public.app_role_process (role_id, process_id)
values
  ('role-admin', 'ai-prepare-record'),
  ('role-admin', 'enquiry-to-client'),
  ('role-admin', 'assign-employee-credential'),
  ('role-admin', 'assign-location-client'),
  ('role-admin', 'assign-location-employee'),
  ('role-admin', 'assign-location-product'),
  ('role-admin', 'report-incident'),
  ('role-admin', 'notify-ndis-reportable'),
  ('role-admin', 'assign-task'),
  ('role-admin', 'action-task'),
  ('role-admin', 'submit-leave-request'),
  ('role-admin', 'submit-employee-credential'),
  ('role-admin', 'submit-leave-on-behalf'),
  ('role-admin', 'review-employee-credential'),
  ('role-admin', 'approve-leave-request'),
  ('role-admin', 'approve-timesheet'),
  ('role-admin', 'manage-session-audit-risk'),
  ('role-admin', 'view-session-sensitive-session-data'),
  ('role-admin', 'manage-process-audit-risk'),
  ('role-admin', 'view-process-audit-sensitive'),
  ('role-admin', 'manage-ai-query-audit-risk'),
  ('role-admin', 'view-ai-query-audit-sensitive'),
  ('role-admin', 'manage-retention-settings'),
  ('role-ceo', 'assign-location-client'),
  ('role-ceo', 'assign-location-employee'),
  ('role-ceo', 'assign-location-product'),
  ('role-ceo', 'assign-task'),
  ('role-ceo', 'action-task'),
  ('role-ceo', 'report-incident'),
  ('role-ceo', 'notify-ndis-reportable'),
  ('role-ceo', 'submit-leave-request'),
  ('role-ceo', 'submit-employee-credential'),
  ('role-ceo', 'submit-leave-on-behalf'),
  ('role-ceo', 'review-employee-credential'),
  ('role-ceo', 'approve-leave-request'),
  ('role-exec-operations', 'assign-location-client'),
  ('role-exec-operations', 'assign-location-employee'),
  ('role-exec-operations', 'assign-location-product'),
  ('role-exec-operations', 'assign-task'),
  ('role-exec-operations', 'action-task'),
  ('role-exec-operations', 'report-incident'),
  ('role-exec-operations', 'notify-ndis-reportable'),
  ('role-exec-operations', 'submit-leave-request'),
  ('role-exec-operations', 'submit-employee-credential'),
  ('role-exec-operations', 'submit-leave-on-behalf'),
  ('role-exec-hr', 'assign-location-client'),
  ('role-exec-hr', 'assign-location-employee'),
  ('role-exec-hr', 'assign-location-product'),
  ('role-exec-hr', 'assign-task'),
  ('role-exec-hr', 'action-task'),
  ('role-exec-hr', 'report-incident'),
  ('role-exec-hr', 'notify-ndis-reportable'),
  ('role-exec-hr', 'submit-leave-request'),
  ('role-exec-hr', 'submit-employee-credential'),
  ('role-exec-hr', 'submit-leave-on-behalf'),
  ('role-exec-hr', 'review-employee-credential'),
  ('role-exec-hr', 'approve-leave-request'),
  ('role-exec-finance', 'assign-location-client'),
  ('role-exec-finance', 'assign-location-employee'),
  ('role-exec-finance', 'assign-location-product'),
  ('role-exec-finance', 'assign-task'),
  ('role-exec-finance', 'action-task'),
  ('role-exec-finance', 'report-incident'),
  ('role-exec-finance', 'notify-ndis-reportable'),
  ('role-exec-finance', 'submit-leave-request'),
  ('role-exec-finance', 'submit-employee-credential'),
  ('role-exec-finance', 'submit-leave-on-behalf'),
  ('role-exec-ict', 'assign-location-client'),
  ('role-exec-ict', 'assign-location-employee'),
  ('role-exec-ict', 'assign-location-product'),
  ('role-exec-ict', 'assign-task'),
  ('role-exec-ict', 'action-task'),
  ('role-exec-ict', 'report-incident'),
  ('role-exec-ict', 'notify-ndis-reportable'),
  ('role-exec-ict', 'submit-leave-request'),
  ('role-exec-ict', 'submit-employee-credential'),
  ('role-exec-ict', 'submit-leave-on-behalf'),
  ('role-exec-quality', 'assign-location-client'),
  ('role-exec-quality', 'assign-location-employee'),
  ('role-exec-quality', 'assign-location-product'),
  ('role-exec-quality', 'assign-task'),
  ('role-exec-quality', 'action-task'),
  ('role-exec-quality', 'report-incident'),
  ('role-exec-quality', 'notify-ndis-reportable'),
  ('role-exec-quality', 'submit-leave-request'),
  ('role-exec-quality', 'submit-employee-credential'),
  ('role-exec-quality', 'submit-leave-on-behalf'),
  ('role-hr-manager', 'assign-location-client'),
  ('role-hr-manager', 'assign-location-employee'),
  ('role-hr-manager', 'assign-location-product'),
  ('role-hr-manager', 'assign-task'),
  ('role-hr-manager', 'action-task'),
  ('role-hr-manager', 'report-incident'),
  ('role-hr-manager', 'notify-ndis-reportable'),
  ('role-hr-manager', 'submit-leave-request'),
  ('role-hr-manager', 'submit-employee-credential'),
  ('role-hr-manager', 'submit-leave-on-behalf'),
  ('role-hr-manager', 'review-employee-credential'),
  ('role-hr-manager', 'approve-leave-request'),
  ('role-hr-officer', 'assign-task'),
  ('role-hr-officer', 'action-task'),
  ('role-hr-officer', 'report-incident'),
  ('role-hr-officer', 'submit-leave-request'),
  ('role-hr-officer', 'submit-employee-credential'),
  ('role-hr-officer', 'submit-leave-on-behalf'),
  ('role-hr-officer', 'review-employee-credential'),
  ('role-hr-officer', 'approve-leave-request'),
  ('role-ict-manager', 'assign-location-client'),
  ('role-ict-manager', 'assign-location-employee'),
  ('role-ict-manager', 'assign-location-product'),
  ('role-ict-manager', 'assign-task'),
  ('role-ict-manager', 'action-task'),
  ('role-ict-manager', 'report-incident'),
  ('role-ict-manager', 'notify-ndis-reportable'),
  ('role-ict-manager', 'submit-leave-request'),
  ('role-ict-manager', 'submit-employee-credential'),
  ('role-ict-manager', 'submit-leave-on-behalf'),
  ('role-ict-officer', 'assign-task'),
  ('role-ict-officer', 'action-task'),
  ('role-ict-officer', 'report-incident'),
  ('role-ict-officer', 'submit-leave-request'),
  ('role-ict-officer', 'submit-employee-credential'),
  ('role-ict-officer', 'submit-leave-on-behalf'),
  ('role-finance-manager', 'assign-location-client'),
  ('role-finance-manager', 'assign-location-employee'),
  ('role-finance-manager', 'assign-location-product'),
  ('role-finance-manager', 'assign-task'),
  ('role-finance-manager', 'action-task'),
  ('role-finance-manager', 'report-incident'),
  ('role-finance-manager', 'notify-ndis-reportable'),
  ('role-finance-manager', 'submit-leave-request'),
  ('role-finance-manager', 'submit-employee-credential'),
  ('role-finance-manager', 'submit-leave-on-behalf'),
  ('role-finance-officer', 'assign-task'),
  ('role-finance-officer', 'action-task'),
  ('role-finance-officer', 'report-incident'),
  ('role-finance-officer', 'submit-leave-request'),
  ('role-finance-officer', 'submit-employee-credential'),
  ('role-finance-officer', 'submit-leave-on-behalf'),
  ('role-quality-manager', 'assign-location-client'),
  ('role-quality-manager', 'assign-location-employee'),
  ('role-quality-manager', 'assign-location-product'),
  ('role-quality-manager', 'assign-task'),
  ('role-quality-manager', 'action-task'),
  ('role-quality-manager', 'report-incident'),
  ('role-quality-manager', 'notify-ndis-reportable'),
  ('role-quality-manager', 'submit-leave-request'),
  ('role-quality-manager', 'submit-employee-credential'),
  ('role-quality-manager', 'submit-leave-on-behalf'),
  ('role-quality-officer', 'assign-task'),
  ('role-quality-officer', 'action-task'),
  ('role-quality-officer', 'report-incident'),
  ('role-quality-officer', 'submit-leave-request'),
  ('role-quality-officer', 'submit-employee-credential'),
  ('role-quality-officer', 'submit-leave-on-behalf'),
  ('role-rostering-manager', 'assign-location-client'),
  ('role-rostering-manager', 'assign-location-employee'),
  ('role-rostering-manager', 'assign-location-product'),
  ('role-rostering-manager', 'assign-task'),
  ('role-rostering-manager', 'action-task'),
  ('role-rostering-manager', 'report-incident'),
  ('role-rostering-manager', 'notify-ndis-reportable'),
  ('role-rostering-manager', 'submit-leave-request'),
  ('role-rostering-manager', 'submit-employee-credential'),
  ('role-rostering-manager', 'submit-leave-on-behalf'),
  ('role-rostering-manager', 'approve-leave-request'),
  ('role-rostering-manager', 'approve-timesheet'),
  ('role-rostering-officer', 'assign-task'),
  ('role-rostering-officer', 'action-task'),
  ('role-rostering-officer', 'report-incident'),
  ('role-rostering-officer', 'submit-leave-request'),
  ('role-rostering-officer', 'submit-employee-credential'),
  ('role-rostering-officer', 'submit-leave-on-behalf'),
  ('role-intake', 'enquiry-to-client'),
  ('role-intake', 'assign-location-client'),
  ('role-intake', 'assign-location-employee'),
  ('role-intake', 'assign-location-product'),
  ('role-intake', 'assign-task'),
  ('role-intake', 'action-task'),
  ('role-intake', 'report-incident'),
  ('role-intake', 'notify-ndis-reportable'),
  ('role-intake', 'submit-leave-request'),
  ('role-intake', 'submit-employee-credential'),
  ('role-coordinator', 'assign-location-client'),
  ('role-coordinator', 'assign-location-employee'),
  ('role-coordinator', 'assign-location-product'),
  ('role-coordinator', 'assign-task'),
  ('role-coordinator', 'action-task'),
  ('role-coordinator', 'report-incident'),
  ('role-coordinator', 'notify-ndis-reportable'),
  ('role-coordinator', 'submit-leave-request'),
  ('role-coordinator', 'submit-employee-credential'),
  ('role-coordinator', 'submit-leave-on-behalf'),
  ('role-coordinator', 'approve-timesheet'),
  ('role-team-leader', 'assign-location-client'),
  ('role-team-leader', 'assign-location-employee'),
  ('role-team-leader', 'assign-location-product'),
  ('role-team-leader', 'assign-task'),
  ('role-team-leader', 'action-task'),
  ('role-team-leader', 'report-incident'),
  ('role-team-leader', 'notify-ndis-reportable'),
  ('role-team-leader', 'submit-leave-request'),
  ('role-team-leader', 'submit-employee-credential'),
  ('role-team-leader', 'submit-leave-on-behalf'),
  ('role-team-leader', 'approve-leave-request'),
  ('role-team-leader', 'approve-timesheet'),
  ('role-support-worker', 'assign-task'),
  ('role-support-worker', 'action-task'),
  ('role-support-worker', 'report-incident'),
  ('role-support-worker', 'assign-location-employee'),
  ('role-support-worker', 'submit-leave-request'),
  ('role-support-worker', 'submit-employee-credential'),
  ('role-security-admin', 'manage-session-audit-risk'),
  ('role-security-admin', 'view-session-sensitive-session-data'),
  ('role-security-admin', 'manage-process-audit-risk'),
  ('role-security-admin', 'view-process-audit-sensitive'),
  ('role-security-admin', 'manage-ai-query-audit-risk'),
  ('role-security-admin', 'view-ai-query-audit-sensitive')
on conflict do nothing;

delete from public.app_role_report where role_id in ('role-admin', 'role-board', 'role-ceo', 'role-exec-operations', 'role-exec-hr', 'role-exec-finance', 'role-exec-ict', 'role-exec-quality', 'role-hr-manager', 'role-hr-officer', 'role-ict-manager', 'role-ict-officer', 'role-finance-manager', 'role-finance-officer', 'role-quality-manager', 'role-quality-officer', 'role-rostering-manager', 'role-rostering-officer', 'role-intake', 'role-coordinator', 'role-team-leader', 'role-support-worker', 'role-security-admin', 'role-audit-viewer');
insert into public.app_role_report (role_id, report_id)
values
  ('role-admin', 'client-register'),
  ('role-admin', 'enquiry-register'),
  ('role-admin', 'location-register'),
  ('role-admin', 'employee-register'),
  ('role-admin', 'tasks-all'),
  ('role-admin', 'incident-register'),
  ('role-admin', 'ndis-reportable-incidents'),
  ('role-admin', 'incident-compliance-digest'),
  ('role-admin', 'financial-close-summary'),
  ('role-admin', 'ndis-audit-pack-summary'),
  ('role-board', 'incident-register'),
  ('role-board', 'ndis-reportable-incidents'),
  ('role-board', 'client-register'),
  ('role-ceo', 'client-register'),
  ('role-ceo', 'location-register'),
  ('role-ceo', 'tasks-all'),
  ('role-ceo', 'incident-register'),
  ('role-ceo', 'ndis-reportable-incidents'),
  ('role-ceo', 'enquiry-register'),
  ('role-ceo', 'financial-close-summary'),
  ('role-ceo', 'ndis-audit-pack-summary'),
  ('role-exec-operations', 'client-register'),
  ('role-exec-operations', 'location-register'),
  ('role-exec-operations', 'tasks-all'),
  ('role-exec-operations', 'incident-register'),
  ('role-exec-operations', 'ndis-reportable-incidents'),
  ('role-exec-operations', 'enquiry-register'),
  ('role-exec-hr', 'client-register'),
  ('role-exec-hr', 'location-register'),
  ('role-exec-hr', 'tasks-all'),
  ('role-exec-hr', 'incident-register'),
  ('role-exec-hr', 'ndis-reportable-incidents'),
  ('role-exec-hr', 'enquiry-register'),
  ('role-exec-finance', 'client-register'),
  ('role-exec-finance', 'location-register'),
  ('role-exec-finance', 'tasks-all'),
  ('role-exec-finance', 'incident-register'),
  ('role-exec-finance', 'ndis-reportable-incidents'),
  ('role-exec-finance', 'enquiry-register'),
  ('role-exec-finance', 'financial-close-summary'),
  ('role-exec-finance', 'ndis-audit-pack-summary'),
  ('role-exec-ict', 'client-register'),
  ('role-exec-ict', 'location-register'),
  ('role-exec-ict', 'tasks-all'),
  ('role-exec-ict', 'incident-register'),
  ('role-exec-ict', 'ndis-reportable-incidents'),
  ('role-exec-ict', 'enquiry-register'),
  ('role-exec-quality', 'client-register'),
  ('role-exec-quality', 'location-register'),
  ('role-exec-quality', 'tasks-all'),
  ('role-exec-quality', 'incident-register'),
  ('role-exec-quality', 'ndis-reportable-incidents'),
  ('role-exec-quality', 'enquiry-register'),
  ('role-hr-manager', 'client-register'),
  ('role-hr-manager', 'location-register'),
  ('role-hr-manager', 'tasks-all'),
  ('role-hr-manager', 'incident-register'),
  ('role-hr-manager', 'ndis-reportable-incidents'),
  ('role-hr-officer', 'tasks-all'),
  ('role-hr-officer', 'location-register'),
  ('role-hr-officer', 'incident-register'),
  ('role-ict-manager', 'client-register'),
  ('role-ict-manager', 'location-register'),
  ('role-ict-manager', 'tasks-all'),
  ('role-ict-manager', 'incident-register'),
  ('role-ict-manager', 'ndis-reportable-incidents'),
  ('role-ict-officer', 'tasks-all'),
  ('role-ict-officer', 'location-register'),
  ('role-ict-officer', 'incident-register'),
  ('role-finance-manager', 'client-register'),
  ('role-finance-manager', 'location-register'),
  ('role-finance-manager', 'tasks-all'),
  ('role-finance-manager', 'incident-register'),
  ('role-finance-manager', 'ndis-reportable-incidents'),
  ('role-finance-manager', 'financial-close-summary'),
  ('role-finance-manager', 'ndis-audit-pack-summary'),
  ('role-finance-officer', 'tasks-all'),
  ('role-finance-officer', 'location-register'),
  ('role-finance-officer', 'incident-register'),
  ('role-quality-manager', 'client-register'),
  ('role-quality-manager', 'location-register'),
  ('role-quality-manager', 'tasks-all'),
  ('role-quality-manager', 'incident-register'),
  ('role-quality-manager', 'ndis-reportable-incidents'),
  ('role-quality-officer', 'tasks-all'),
  ('role-quality-officer', 'location-register'),
  ('role-quality-officer', 'incident-register'),
  ('role-rostering-manager', 'client-register'),
  ('role-rostering-manager', 'location-register'),
  ('role-rostering-manager', 'tasks-all'),
  ('role-rostering-manager', 'incident-register'),
  ('role-rostering-manager', 'ndis-reportable-incidents'),
  ('role-rostering-officer', 'tasks-all'),
  ('role-rostering-officer', 'location-register'),
  ('role-rostering-officer', 'incident-register'),
  ('role-intake', 'client-register'),
  ('role-intake', 'enquiry-register'),
  ('role-intake', 'location-register'),
  ('role-intake', 'tasks-all'),
  ('role-intake', 'incident-register'),
  ('role-intake', 'ndis-reportable-incidents'),
  ('role-coordinator', 'client-register'),
  ('role-coordinator', 'location-register'),
  ('role-coordinator', 'tasks-all'),
  ('role-coordinator', 'incident-register'),
  ('role-coordinator', 'ndis-reportable-incidents'),
  ('role-coordinator', 'financial-close-summary'),
  ('role-coordinator', 'ndis-audit-pack-summary'),
  ('role-team-leader', 'client-register'),
  ('role-team-leader', 'location-register'),
  ('role-team-leader', 'tasks-all'),
  ('role-team-leader', 'incident-register'),
  ('role-team-leader', 'ndis-reportable-incidents'),
  ('role-support-worker', 'tasks-all'),
  ('role-support-worker', 'location-register'),
  ('role-support-worker', 'incident-register')
on conflict do nothing;

delete from public.app_role_task_type where role_id in ('role-admin', 'role-board', 'role-ceo', 'role-exec-operations', 'role-exec-hr', 'role-exec-finance', 'role-exec-ict', 'role-exec-quality', 'role-hr-manager', 'role-hr-officer', 'role-ict-manager', 'role-ict-officer', 'role-finance-manager', 'role-finance-officer', 'role-quality-manager', 'role-quality-officer', 'role-rostering-manager', 'role-rostering-officer', 'role-intake', 'role-coordinator', 'role-team-leader', 'role-support-worker', 'role-security-admin', 'role-audit-viewer');
insert into public.app_role_task_type (role_id, task_type_id, can_see, can_select, can_create)
values
  ('role-admin', 'tt-review', true, true, true),
  ('role-admin', 'tt-approve', true, true, true),
  ('role-admin', 'tt-check', true, true, true),
  ('role-admin', 'tt-develop', true, true, true),
  ('role-admin', 'tt-decide', true, true, true),
  ('role-admin', 'tt-other', true, true, true),
  ('role-board', 'tt-review', true, true, true),
  ('role-ceo', 'tt-review', true, true, true),
  ('role-ceo', 'tt-approve', true, true, true),
  ('role-ceo', 'tt-check', true, true, true),
  ('role-ceo', 'tt-decide', true, true, true),
  ('role-exec-operations', 'tt-review', true, true, true),
  ('role-exec-operations', 'tt-approve', true, true, true),
  ('role-exec-operations', 'tt-check', true, true, true),
  ('role-exec-operations', 'tt-decide', true, true, true),
  ('role-exec-hr', 'tt-review', true, true, true),
  ('role-exec-hr', 'tt-approve', true, true, true),
  ('role-exec-hr', 'tt-check', true, true, true),
  ('role-exec-hr', 'tt-decide', true, true, true),
  ('role-exec-finance', 'tt-review', true, true, true),
  ('role-exec-finance', 'tt-approve', true, true, true),
  ('role-exec-finance', 'tt-check', true, true, true),
  ('role-exec-finance', 'tt-decide', true, true, true),
  ('role-exec-ict', 'tt-review', true, true, true),
  ('role-exec-ict', 'tt-approve', true, true, true),
  ('role-exec-ict', 'tt-check', true, true, true),
  ('role-exec-ict', 'tt-decide', true, true, true),
  ('role-exec-quality', 'tt-review', true, true, true),
  ('role-exec-quality', 'tt-approve', true, true, true),
  ('role-exec-quality', 'tt-check', true, true, true),
  ('role-exec-quality', 'tt-decide', true, true, true),
  ('role-hr-manager', 'tt-review', true, true, true),
  ('role-hr-manager', 'tt-approve', true, true, true),
  ('role-hr-manager', 'tt-check', true, true, true),
  ('role-hr-manager', 'tt-decide', true, true, true),
  ('role-hr-officer', 'tt-review', true, true, true),
  ('role-hr-officer', 'tt-check', true, true, true),
  ('role-hr-officer', 'tt-other', true, true, true),
  ('role-ict-manager', 'tt-review', true, true, true),
  ('role-ict-manager', 'tt-approve', true, true, true),
  ('role-ict-manager', 'tt-check', true, true, true),
  ('role-ict-manager', 'tt-decide', true, true, true),
  ('role-ict-officer', 'tt-review', true, true, true),
  ('role-ict-officer', 'tt-check', true, true, true),
  ('role-ict-officer', 'tt-other', true, true, true),
  ('role-finance-manager', 'tt-review', true, true, true),
  ('role-finance-manager', 'tt-approve', true, true, true),
  ('role-finance-manager', 'tt-check', true, true, true),
  ('role-finance-manager', 'tt-decide', true, true, true),
  ('role-finance-officer', 'tt-review', true, true, true),
  ('role-finance-officer', 'tt-check', true, true, true),
  ('role-finance-officer', 'tt-other', true, true, true),
  ('role-quality-manager', 'tt-review', true, true, true),
  ('role-quality-manager', 'tt-approve', true, true, true),
  ('role-quality-manager', 'tt-check', true, true, true),
  ('role-quality-manager', 'tt-decide', true, true, true),
  ('role-quality-officer', 'tt-review', true, true, true),
  ('role-quality-officer', 'tt-check', true, true, true),
  ('role-quality-officer', 'tt-other', true, true, true),
  ('role-rostering-manager', 'tt-review', true, true, true),
  ('role-rostering-manager', 'tt-approve', true, true, true),
  ('role-rostering-manager', 'tt-check', true, true, true),
  ('role-rostering-manager', 'tt-decide', true, true, true),
  ('role-rostering-officer', 'tt-review', true, true, true),
  ('role-rostering-officer', 'tt-check', true, true, true),
  ('role-rostering-officer', 'tt-other', true, true, true),
  ('role-intake', 'tt-review', true, true, true),
  ('role-intake', 'tt-check', true, true, true),
  ('role-intake', 'tt-develop', true, true, true),
  ('role-intake', 'tt-other', true, true, true),
  ('role-coordinator', 'tt-review', true, true, true),
  ('role-coordinator', 'tt-approve', true, true, true),
  ('role-coordinator', 'tt-check', true, true, true),
  ('role-coordinator', 'tt-decide', true, true, true),
  ('role-team-leader', 'tt-review', true, true, true),
  ('role-team-leader', 'tt-approve', true, true, true),
  ('role-team-leader', 'tt-check', true, true, true),
  ('role-team-leader', 'tt-decide', true, true, true),
  ('role-support-worker', 'tt-check', true, true, true),
  ('role-support-worker', 'tt-other', true, true, true),
  ('role-support-worker', 'tt-review', true, true, true)
on conflict (role_id, task_type_id) do update set
  can_see = excluded.can_see, can_select = excluded.can_select, can_create = excluded.can_create;

-- Bcrypt passwords for seed logins (default password: welcome; SuperUser: flamingo)
update public.app_user set password = '$2b$10$bmfJikyZcbTbH9VGqCKtEe1eney/c1otTBVCF5o92gu0p7F.Yx9..' where username = 'SuperUser';
update public.app_user set password = '$2b$10$YRqmC7oERJ9bPqrkzlfnj.xMYgzHe4vdmrhhFSA.A1ovSxnPPryP2' where username = 'PatriciaChen';
update public.app_user set password = '$2b$10$4jwIRxhUCB67wE4BfPfozu2tol3LWaNRLomfYTZQ0ipj1S0Z/T1E2' where username = 'MichaelSmith';
update public.app_user set password = '$2b$10$0cLuX36P3Egtf955NSA/8O7Z0NXYPYfVGvaIL3V7sruHcKIm6.YPq' where username = 'PiperCollins';
update public.app_user set password = '$2b$10$mMCgzb5sUblPAuJY.UrDG.yQTYb5ECo7O/R5ZHVeduODUVsQwg6Tu' where username = 'IslaRobinson';
update public.app_user set password = '$2b$10$U7DKiuJY3syCqMmV96Zm8uomyeF8cw1Xkg97bp7RgjbmD5FeJrRCe' where username = 'GabrielaWilson';
update public.app_user set password = '$2b$10$KmjjzYSfSFY8AfmsjVLy4eBUB1jLiaBZj6AjaMmVKgqJPo7iEUziu' where username = 'DianeFoster';
update public.app_user set password = '$2b$10$ZSkcuuTADpzud3sH9DyGcOrgpNPoPYDr/awZmhaEkfuzuT9iV6gJO' where username = 'JamesWhitford';
update public.app_user set password = '$2b$10$LvLG8/IzslMKEtIIEJeHaupXO./FTWLrxfvRwWTfGf.3fFyZ6zWX6' where username = 'SamRivera';
update public.app_user set password = '$2b$10$J9FKhW3zbeBb5XG974OHGe1JlRpcy64VrAD4jLPh/Z6P450UeR1vS' where username = 'MargaretHolt';
update public.app_user set password = '$2b$10$iaYUrxEP9PkAw34s1ycfzO50RVOFX7z9wx/ysB6sk5OaUGs1eYHum' where username = 'RileyShaw';
update public.app_user set password = '$2b$10$REycSL37SvUMDx5sJJSwQ.njD1LYSZn80NZN2yQQOYXGX.YSIwmF.' where username = 'EleanorWright';
update public.app_user set password = '$2b$10$XfwooVl69ZAZCRctgSWuj.NttxbQADw5lpSL.CEet5Xx7dgHccC/K' where username = 'MarcusOBrien';
update public.app_user set password = '$2b$10$xl0Xuip0bjHw4VCra.xDneiSJ87q7jmJiiOphprD1f/v280yRhzNi' where username = 'HelenTran';
update public.app_user set password = '$2b$10$6zNVuhxg70xSFwt32zHOAOnTQMyRVfm7NTQtC3uQqsq.VTZ2ZrPaa' where username = 'DavidOkonkwo';
update public.app_user set password = '$2b$10$YZr/xdV5XH0QQyoBZAfzP.WjysvJr.GQbR5704e0SIePe/IMOmivy' where username = 'SandraBlake';
update public.app_user set password = '$2b$10$78.3Vu2EyG.2f.v6J.1uteQhLBGy1D6HbaxOSHhSwUaDeJXlkd0J.' where username = 'CalebMurphy';
update public.app_user set password = '$2b$10$2wgIg8EZfGscBTFvJsRi6.vHXtajAamJ6xQzEDzYMHsbC/kO57CuK' where username = 'AlexKim';
update public.app_user set password = '$2b$10$JAmmSLHIjy5Bl4zJPFC3/e06ac2oXXE6BVV5vO961pPcx6xkZMx5G' where username = 'JordanLee';
update public.app_user set password = '$2b$10$6BUXNjjxEiT5HL/Oc3U/6.wnPtFDR/UMtZjsW/H28LkcSGgtK1Jx6' where username = 'QuinnTaylor';
update public.app_user set password = '$2b$10$VMZCcUPeqVszERanE3n.Xenhcf8jgc4EgWSt5YZOrFZCuT.dhE3z2' where username = 'AudreyPatel';
update public.app_user set password = '$2b$10$ddgkHvqtHU8V4wrsdIoouONPKtVhbIRDlKdatdbM9FfAxs1AscY.W' where username = 'MorganBlake';
update public.app_user set password = '$2b$10$ThwMeJXg7tRf.MY9wB5SJeVWDyjrQP6InvuydsECS.CqxT/CRr4iq' where username = 'TessaNguyen';
update public.app_user set password = '$2b$10$leyIs3gQhL.bCei757qNM.eWTnNhwFiLE1giDTx.LtwXCmZLMPdte' where username = 'JessicaHancock';
update public.app_user set password = '$2b$10$oFOvUGCwE9hTqHZN45z7c.2b1W4F54yQkFtdxonNf1gSOw4BjEVPm' where username = 'NaomiSingh';
update public.app_user set password = '$2b$10$cz7NoJMKTNtFAZpEoGwIwOnypFEQoOI/ffLvcNGwuIp.1axQnvo2S' where username = 'RoseDash';
update public.app_user set password = '$2b$10$GeIepMdZLtEiD1ZiCSn4aOuY6I3KoGeKY6B1bL0hvgqDctbX5V0zm' where username = 'OliverWilliams';
update public.app_user set password = '$2b$10$wAw2iQQr58Lak63SNWl2Ru5FhaXRw3ICm.PTGKG7R6BwCRipWKNSW' where username = 'AvaThomas';
update public.app_user set password = '$2b$10$bExJ.WeTLbsHNE8kgl/VduHJwDchfB2cggIvQLhWmI6F1QLpaKuFC' where username = 'NoahJackson';
update public.app_user set password = '$2b$10$20UCzbveWld4vh7q69PVD.gCYWZdXRUcWhID0GXmcoB1HquzBD3xu' where username = 'MiaWhite';
update public.app_user set password = '$2b$10$ZWa.svPE6v0B3nOBFy3TRudVR.zIUEF1Fv2PyiR6QbWT6GDCqSekS' where username = 'LiamHarris';
update public.app_user set password = '$2b$10$qVLXrzcKwUHUZzZUOvx1ceqOV1BcyUr9bk1N7Ij6FbMarKbaDE0vi' where username = 'ZoeMartin';
update public.app_user set password = '$2b$10$z4dFbKJ20f4/TDpHMxSagujPc.XsFi2vOnS9eU7tNbF3l9gvotPFy' where username = 'EthanThompson';
update public.app_user set password = '$2b$10$h15IHAfHGYJNQeS0lOpVnOFnAOFZqgMsl.vqL4oaiMk/waLt3PIEi' where username = 'ChloeGarcia';
update public.app_user set password = '$2b$10$nPkkIWw5f4l23tcbunctB.izsRUrLr9ub069hoROCnyST6y7nUCBW' where username = 'MasonRobinson';
update public.app_user set password = '$2b$10$hEfLTgK4092/sCke64RKgOhGqrE9zm.2FbBbGwGaF7biA30.jdHl.' where username = 'RubyClark';
update public.app_user set password = '$2b$10$XatkZMsKdkc93vO5oH0KOOrr7Ia2V25siul8DywlRt7cPV/TRJGiu' where username = 'LucasLewis';